t_us,volt
26358.0,3.2291
26360.0,3.235545
26362.0,3.24199
26364.01,3.245214
26366.0,3.250048
26368.0,3.255687
26370.01,3.258911
26372.0,3.263744
26374.01,3.267772
26376.01,3.268578
26378.0,3.273412
26380.0,3.275024
26382.01,3.27744
26384.0,3.279857
26386.0,3.28308
26388.01,3.286303
26390.0,3.287109
26392.01,3.23635
26394.01,2.967204
26396.0,2.724645
26398.0,2.502228
26400.0,2.297536
26402.0,2.109764
26404.0,1.9381044
26406.01,1.7785304
26408.0,1.631041
26410.01,1.502133
26412.01,1.3820364
26414.0,1.270853
26416.0,1.1652596
26418.0,1.071801
26420.0,0.983932
26422.0,0.9065874
26424.01,0.8372988
26426.0,0.764738
26428.01,0.7027006
26430.01,0.649526
26432.0,0.5971068
26434.0,0.5495718
26436.0,0.5052598
26438.01,0.4665872
26440.0,0.4295261
26442.01,0.3956373
26444.0,0.3626047
26446.0,0.334406
26448.01,0.3086243
26450.0,0.284454
26452.0,0.2627007
26454.0,0.2409475
26456.01,0.2288624
26458.0,0.2054474
26460.01,0.19336224
26462.01,0.1748318
26464.0,0.1619409
26466.01,0.14985576
26468.01,0.1377706
26470.0,0.1281025
26472.0,0.11843436
26474.01,0.1079606
26476.0,0.1015152
26478.0,0.09345846
26480.01,0.08620734
26482.0,0.07653924
26484.01,0.07492788
26486.01,0.06928818
26488.0,0.06525976
26490.0,0.0612314
26492.0,0.05639736
26494.0,0.05156327
26496.0,0.04834056
26498.01,0.04592355
26500.0,0.04189516
26502.01,0.04028382
26504.01,0.03786679
26506.0,0.03464409
26508.0,0.03383841
26510.0,0.02819868
26512.0,0.02819868
26514.0,0.025781632
26516.01,0.2345021
26518.0,0.4827008
26520.01,0.7163972
26522.01,0.9291462
26524.0,1.1233648
26526.0,1.299052
26528.0,1.464266
26530.01,1.613316
26532.0,1.7551656
26534.01,1.880095
26536.0,1.995307
26538.0,2.103318
26540.01,2.199999
26542.0,2.28948
26544.0,2.370854
26546.0,2.441753
26548.01,2.515119
26550.0,2.58038
26552.01,2.64
26554.01,2.693224
26556.0,2.739953
26558.01,2.786683
26560.0,2.8277724
26562.0,2.861611
26564.0,2.9019448
26566.01,2.934172
26568.0,2.967204
26570.0,2.992181
26572.01,3.017962
26574.0,3.040522
26576.01,3.058246
26578.01,3.079999
26580.0,3.099386
26582.0,3.116305
26584.01,3.130806
26586.0,3.146116
26588.0,3.158201
26590.01,3.168674
26592.0,3.175925
26594.01,3.191233
26596.01,3.200096
26598.0,3.208958
26600.0,3.217015
26602.0,3.224265
26604.0,3.2299052
26606.0,3.23635
26608.01,3.24199
26610.0,3.246826
26612.01,3.251659
26614.01,3.257299
26616.0,3.260521
26618.0,3.262939
26620.0,3.266967
26622.0,3.272606
26624.0,3.273412
26626.01,3.274218
26628.0,3.278246
26630.01,3.280663
26632.01,3.282275
26634.0,3.284691
26636.0,3.283885
26638.0,3.19929
26640.01,2.93659
26642.0,2.69403
26644.01,2.473174
26646.01,2.271755
26648.0,2.08801
26650.01,1.917157
26652.0,1.7583888
26654.0,1.6173444
26656.0,1.4860192
26658.01,1.365923
26660.0,1.258768
26662.0,1.1547852
26664.01,1.060522
26666.0,0.977487
26668.01,0.8977244
26670.01,0.8268252
26672.0,0.7582924
26674.0,0.6978668
26676.01,0.641469
26678.0,0.5922728
26680.0,0.5439324
26682.01,0.4980085
26684.0,0.4601418
26686.01,0.4254978
26688.01,0.3891919
26690.0,0.3601876
26692.0,0.3311832
26694.0,0.3054016
26696.0,0.2804257
26698.0,0.2586724
26700.01,0.2393362
26702.0,0.22080568
26704.01,0.2030304
26706.01,0.1877226
26708.01,0.1724147
26710.0,0.1627466
26712.0,0.1490501
26714.0,0.1377706
26716.0,0.1264912
26718.01,0.11682304
26720.0,0.1079606
26722.01,0.1007095
26724.01,0.0910414
26726.0,0.08701304
26728.0,0.08056764
26730.0,0.07412224
26732.01,0.06525976
26734.0,0.06284276
26736.01,0.0604257
26738.0,0.05478598
26740.0,0.0507576
26742.01,0.0507576
26744.0,0.04511786
26746.0,0.0410895
26748.0,0.03947813
26750.01,0.03706112
26752.0,0.03464409
26754.01,0.03303272
26756.01,0.03222704
26758.0,0.02819868
26760.01,0.025781632
26762.0,0.2643122
26764.0,0.5157336
26766.0,0.74379
26768.01,0.9533166
26770.0,1.1451176
26772.0,1.3159716
26774.01,1.484408
26776.0,1.6302352
26778.01,1.7704736
26780.01,1.894597
26782.0,2.008199
26784.0,2.113793
26786.0,2.208862
26788.0,2.298342
26790.0,2.37891
26792.01,2.454644
26794.0,2.523982
26796.01,2.5884368
26798.01,2.644028
26800.0,2.695641
26802.0,2.745593
26804.0,2.790712
26806.0,2.834218
26808.0,2.871279
26810.01,2.907585
26812.0,2.939006
26814.01,2.96801
26816.01,2.993792
26818.0,3.020379
26820.0,3.042939
26822.0,3.065498
26824.0,3.0848332
26826.0,3.102608
26828.01,3.115499
26830.0,3.131612
26832.01,3.144504
26834.01,3.158201
26836.0,3.1710908
26838.0,3.181565
26840.0,3.192039
26842.01,3.19929
26844.0,3.21057
26846.01,3.216209
26848.01,3.22346
26850.0,3.230711
26852.01,3.237156
26854.0,3.242797
26856.0,3.2476308
26858.0,3.252465
26860.01,3.254882
26862.0,3.259715
26864.0,3.262939
26866.01,3.268578
26868.0,3.2709952
26870.01,3.273412
26872.01,3.276635
26874.0,3.278246
26876.0,3.279052
26878.01,3.282275
26880.0,3.285497
26882.0,3.286303
26884.01,3.167062
26886.0,2.909195
26888.01,2.669004
26890.01,2.449004
26892.0,2.250758
26894.0,2.067063
26896.0,1.89782
26898.0,1.7438856
26900.0,1.6012312
26902.01,1.472323
26904.0,1.3530324
26906.01,1.2450716
26908.01,1.139478
26910.0,1.0508532
26912.0,0.9670128
26914.0,0.8880566
26916.0,0.8179124
26918.0,0.7518468
26920.01,0.6986724
26922.0,0.6390522
26924.01,0.5858272
26926.01,0.5382922
26928.0,0.4955916
26930.0,0.4577248
26932.0,0.4214692
26934.01,0.3859692
26936.0,0.3553536
26938.01,0.3279606
26940.0,0.302179
26942.0,0.27962
26944.01,0.257061
26946.0,0.2361134
26948.0,0.21838864
26950.0,0.2071091
26952.01,0.1861112
26954.0,0.171609
26956.01,0.1579125
26958.01,0.14663308
26960.0,0.1377706
26962.01,0.12568552
26964.01,0.1152117
26966.0,0.1079606
26968.0,0.09990386
26970.01,0.0910414
26972.0,0.08620734
26974.0,0.0773449
26976.01,0.07251084
26978.0,0.06767682
26980.01,0.06203707
26982.01,0.05639736
26984.0,0.0539803
26986.0,0.0507576
26988.0,0.0475349
26990.0,0.0443122
26992.0,0.0410895
26994.01,0.03947813
26996.0,0.03706112
26998.01,0.03303272
27000.01,0.03303272
27002.0,0.02981002
27004.0,0.029004348
27006.0,0.024975968
27008.0,0.2933164
27010.0,0.5374866
27012.01,0.7679604
27014.0,0.9782926
27016.01,1.168482
27018.01,1.3449756
27020.0,1.5037444
27022.0,1.6504276
27024.0,1.78417
27026.01,1.89782
27028.0,2.02109
27030.01,2.126683
27032.0,2.222559
27034.0,2.310427
27036.01,2.389384
27038.0,2.4627
27040.0,2.528817
27042.0,2.594881
27044.01,2.652085
27046.0,2.706115
27048.01,2.755261
27050.01,2.799574
27052.0,2.839858
27054.01,2.877724
27056.0,2.911613
27058.0,2.942229
27060.0,2.972039
27062.01,2.999432
27064.0,3.024408
27066.0,3.050189
27068.01,3.070331
27070.0,3.086444
27072.01,3.102608
27074.01,3.118721
27076.0,3.131612
27078.0,3.148532
27080.01,3.160617
27082.0,3.172702
27084.0,3.183981
27086.01,3.193651
27088.0,3.201707
27090.01,3.209764
27092.01,3.217015
27094.0,3.225877
27096.0,3.23474
27098.0,3.240379
27100.0,3.244408
27102.0,3.250048
27104.01,3.254076
27106.0,3.258105
27108.01,3.261327
27110.01,3.263744
27112.0,3.268578
27114.0,3.272606
27116.0,3.275024
27118.0,3.276635
27120.0,3.278246
27122.01,3.280663
27124.0,3.28308
27126.01,3.28308
27128.01,3.285497
27130.0,3.134835
27132.0,2.875307
27134.0,2.64
27136.01,2.426445
27138.0,2.226588
27140.01,2.03962
27142.01,1.8776784
27144.0,1.7253552
27146.01,1.5851176
27148.0,1.4570148
27150.0,1.3401416
27152.0,1.2305196
27154.01,1.1314212
27156.0,1.039574
27158.01,0.956539
27160.01,0.88
27162.0,0.8074384
27164.01,0.7445958
27166.01,0.6865872
27168.0,0.63019
27170.0,0.5801876
27172.01,0.5334584
27174.0,0.4883406
27176.0,0.4520852
27178.01,0.4166352
27180.0,0.3819409
27182.01,0.3521308
27184.01,0.3303776
27186.0,0.2989562
27188.0,0.2755915
27190.0,0.2546441
27192.0,0.2353078
27194.0,0.2167772
27196.01,0.1998077
27198.0,0.1836942
27200.01,0.169192
27202.01,0.15710684
27204.01,0.14341032
27206.0,0.13535364
27208.0,0.12568552
27210.0,0.1111833
27212.0,0.10634928
27214.01,0.09909816
27216.0,0.0910414
27218.01,0.0837903
27220.01,0.07573358
27222.0,0.07170516
27224.0,0.06687112
27226.0,0.06203707
27228.01,0.05720302
27230.0,0.05317464
27232.01,0.0475349
27234.0,0.04834056
27236.0,0.04350652
27238.01,0.04189516
27240.0,0.03947813
27242.0,0.03544975
27244.0,0.03383841
27246.01,0.03222704
27248.0,0.02819868
27250.01,0.024975968
27252.01,0.05720302
27254.0,0.3279606
27256.01,0.573742
27258.01,0.796159
27260.0,1.0040744
27262.0,1.188624
27264.01,1.3627
27266.0,1.5214692
27268.0,1.671375
27270.01,1.80109
27272.0,1.9236024
27274.01,2.0355916
27276.01,2.138768
27278.0,2.231421
27280.0,2.318485
27282.01,2.398246
27284.0,2.472369
27286.0,2.540902
27288.01,2.602938
27290.0,2.657725
27292.01,2.708532
27294.01,2.756067
27296.0,2.801185
27298.0,2.843081
27300.0,2.875307
27302.0,2.914835
27304.0,2.946257
27306.01,2.975261
27308.0,3.005072
27310.01,3.024408
27312.01,3.048579
27314.0,3.069526
27316.0,3.089668
27318.0,3.1058316
27320.01,3.12275
27322.0,3.1356408
27324.01,3.148532
27326.0,3.159811
27328.01,3.1710908
27330.01,3.183981
27332.0,3.194456
27334.0,3.206541
27336.0,3.21057
27338.01,3.217821
27340.0,3.225877
27342.01,3.232322
27344.01,3.237156
27346.0,3.242797
27348.01,3.249242
27350.0,3.254076
27352.0,3.256493
27354.0,3.261327
27356.01,3.263744
27358.0,3.269384
27360.0,3.272606
27362.01,3.275024
27364.0,3.279052
27366.01,3.279052
27368.01,3.280663
27370.0,3.283885
27372.0,3.284691
27374.01,3.286303
27376.0,3.102608
27378.0,2.8454976
27380.01,2.612606
27382.0,2.399052
27384.01,2.208056
27386.01,2.021895
27388.0,1.859148
27390.0,1.707631
27392.0,1.5690036
27394.0,1.4424624
27396.0,1.3264452
27398.01,1.2176288
27400.0,1.1193364
27402.01,1.0298552
27404.01,0.9468706
27406.01,0.8703314
27408.0,0.801799
27410.0,0.7365392
27412.0,0.6777246
27414.0,0.6237444
27416.01,0.5745476
27418.0,0.5286244
27420.01,0.4891463
27422.01,0.4456396
27424.0,0.4142182
27426.0,0.3779124
27428.0,0.3481025
27430.01,0.3223209
27432.0,0.2989562
27434.01,0.2715632
27436.0,0.2522271
27438.0,0.23289076
27440.01,0.2143602
27442.0,0.1981963
27444.0,0.17966576
27446.0,0.1683863
27448.01,0.1546898
27450.0,0.144216
27452.01,0.1321309
27454.01,0.12326848
27456.0,0.11440604
27458.01,0.1039322
27460.01,0.0982925
27462.0,0.0910414
27464.0,0.0837903
27466.01,0.07815058
27468.0,0.07170516
27470.0,0.06606544
27472.01,0.06203707
27474.0,0.05962004
27476.01,0.0539803
27478.01,0.04995193
27480.0,0.04672923
27482.0,0.0410895
27484.0,0.04189516
27486.0,0.03867246
27488.0,0.03303272
27490.01,0.03303272
27492.0,0.03464409
27494.01,0.02981002
27496.01,0.02658732
27498.0,0.0910414
27500.0,0.3561592
27502.0,0.5995238
27504.0,0.8211352
27506.0,1.0250216
27508.01,1.211989
27510.0,1.3852592
27512.01,1.5408056
27514.01,1.6842652
27516.0,1.814786
27518.0,1.9324644
27520.0,2.04526
27522.01,2.150048
27524.0,2.243506
27526.01,2.33057
27528.0,2.4079148
27530.01,2.481281
27532.01,2.547346
27534.0,2.605356
27536.0,2.664976
27538.0,2.717394
27540.01,2.764123
27542.0,2.807631
27544.01,2.84872
27546.01,2.883364
27548.0,2.918864
27550.01,2.94384
27552.0,2.978484
27554.0,3.005072
27556.0,3.030853
27558.01,3.051801
27560.0,3.071943
27562.0,3.089668
27564.01,3.107442
27566.0,3.12275
27568.01,3.138058
27570.01,3.152561
27572.0,3.16384
27574.0,3.175119
27576.01,3.185593
27578.0,3.192845
27580.0,3.203318
27582.01,3.211375
27584.0,3.219431
27586.01,3.228294
27588.01,3.233128
27590.0,3.239573
27592.0,3.243602
27594.0,3.250854
27596.0,3.254076
27598.0,3.258105
27600.01,3.262133
27602.0,3.265355
27604.01,3.269384
27606.01,3.2709952
27608.0,3.273412
27610.0,3.275829
27612.0,3.279857
27614.0,3.281469
27616.0,3.28308
27618.01,3.284691
27620.0,3.287109
27622.01,3.070331
27624.01,2.810853
27626.0,2.586019
27628.0,2.374076
27630.0,2.181469
27632.01,2.002558
27634.0,1.8397616
27636.01,1.6907108
27638.01,1.553696
27640.0,1.4279608
27642.01,1.312749
27644.0,1.203932
27646.0,1.1072512
27648.0,1.0185764
27650.01,0.9372028
27652.0,0.8614692
27654.01,0.791325
27656.01,0.7284824
27658.0,0.6712794
27660.01,0.6172486
27662.01,0.5681024
27664.0,0.5229844
27666.0,0.4810894
27668.01,0.4448339
27670.0,0.4069169
27672.0,0.3754955
27674.01,0.3472969
27676.0,0.319098
27678.01,0.2933164
27680.01,0.269952
27682.0,0.2481986
27684.0,0.23127948
27686.0,0.21113744
27688.0,0.1957793
27690.0,0.18047144
27692.01,0.1675806
27694.0,0.1554955
27696.01,0.14341032
27698.01,0.1321309
27700.01,0.1208514
27702.0,0.1127947
27704.0,0.10554354
27706.0,0.0950698
27708.0,0.08943008
27710.01,0.08620734
27712.0,0.0773449
27714.01,0.07170516
27716.01,0.06606544
27718.0,0.0612314
27720.0,0.05639736
27722.0,0.05317464
27724.01,0.04995193
27726.0,0.04672923
27728.01,0.0443122
27730.0,0.04028382
27732.0,0.03625542
27734.01,0.03625542
27736.0,0.03383841
27738.0,0.03142138
27740.0,0.029004348
27742.01,0.02981002
27744.0,0.1264912
27746.01,0.3891919
27748.01,0.6309956
27750.0,0.8501898
27752.01,1.0500476
27754.01,1.232936
27756.0,1.40379
27758.0,1.55853
27760.01,1.7011852
27762.0,1.831705
27764.0,1.9509948
27766.01,2.06384
27768.0,2.16455
27770.01,2.25398
27772.01,2.342655
27774.0,2.415971
27776.0,2.488532
27778.01,2.556209
27780.0,2.616635
27782.0,2.672226
27784.01,2.723033
27786.0,2.767346
27788.01,2.810853
27790.01,2.851943
27792.0,2.889054
27794.0,2.922892
27796.0,2.953508
27798.0,2.981706
27800.0,3.00346
27802.01,3.036494
27804.0,3.052607
27806.01,3.073554
27808.01,3.09289
27810.0,3.110665
27812.0,3.125973
27814.0,3.138863
27816.01,3.150949
27818.0,3.161423
27820.01,3.175925
27822.0,3.186399
27824.01,3.197679
27826.01,3.207346
27828.0,3.211375
27830.0,3.220237
27832.0,3.222655
27834.01,3.2299052
27836.0,3.240379
27838.01,3.245214
27840.01,3.249242
27842.0,3.254076
27844.01,3.258105
27846.0,3.261327
27848.0,3.265355
27850.0,3.269384
27852.01,3.272606
27854.0,3.274218
27856.0,3.27744
27858.01,3.279857
27860.0,3.280663
27862.01,3.280663
27864.01,3.284691
27866.0,3.287914
27868.0,3.0372992
27870.01,2.785878
27872.0,2.558626
27874.0,2.350711
27876.01,2.157298
27878.0,1.982417
27880.01,1.8212316
27882.01,1.673792
27884.0,1.5375824
27886.0,1.414264
27888.0,1.2974408
27890.0,1.191847
27892.0,1.0975824
27894.01,1.009714
27896.0,0.926729
27898.01,0.8534124
27900.01,0.7848798
27902.01,0.722037
27904.0,0.6648338
27906.0,0.6108032
27908.0,0.5632682
27910.0,0.518956
27912.01,0.4770611
27914.0,0.4391942
27916.01,0.4020827
27918.01,0.371467
27920.0,0.3416571
27922.0,0.3174868
27924.0,0.2900938
27926.01,0.2667292
27928.0,0.247393
27930.01,0.2272511
27932.01,0.20872048
27934.0,0.1949736
27936.01,0.17886016
27938.0,0.16677496
27940.0,0.1546898
27942.0,0.141799
27944.01,0.13051952
27946.0,0.12165708
27948.01,0.11198896
27950.01,0.1047379
27952.0,0.0918471
27954.01,0.0886244
27956.01,0.08298464
27958.0,0.07492788
27960.0,0.07251084
27962.01,0.06525976
27964.0,0.0612314
27966.0,0.05639736
27968.01,0.0507576
27970.0,0.04914626
27972.01,0.04592355
27974.01,0.04350652
27976.0,0.04028382
27978.0,0.03706112
27980.0,0.03544975
27982.0,0.03625542
27984.0,0.0306157
27986.01,0.029004348
27988.0,0.02739299
27990.01,0.15952384
27992.01,0.4222749
27994.01,0.6551658
27996.0,0.8711372
27998.0,1.0685784
28000.0,1.2555452
28002.0,1.422321
28004.01,1.576255
28006.0,1.7172988
28008.01,1.846207
28010.01,1.9638864
28012.0,2.0743132
28014.0,2.173413
28016.0,2.266065
28018.01,2.350711
28020.0,2.426445
28022.01,2.499006
28024.0,2.562654
28026.01,2.619857
28028.01,2.6770608
28030.0,2.727868
28032.0,2.775402
28034.0,2.817298
28036.01,2.856777
28038.0,2.893082
28040.01,2.926114
28042.01,2.955925
28044.0,2.983318
28046.01,3.011517
28048.0,3.034881
28050.0,3.056635
28052.0,3.075971
28054.01,3.094551
28056.0,3.110665
28058.0,3.124361
28060.01,3.1412816
28062.0,3.154977
28064.01,3.166257
28066.01,3.178342
28068.0,3.188815
28070.0,3.196873
28072.01,3.205736
28074.0,3.213792
28076.0,3.221849
28078.01,3.226683
28080.0,3.235545
28082.01,3.241185
28084.01,3.24602
28086.0,3.249242
28088.0,3.254076
28090.0,3.258105
28092.0,3.265355
28094.0,3.266161
28096.01,3.27019
28098.0,3.2718
28100.01,3.274218
28102.01,3.27744
28104.01,3.279857
28106.0,3.280663
28108.0,3.284691
28110.0,3.286303
28112.0,3.280663
28114.01,3.005072
28116.0,2.757678
28118.01,2.531233
28120.01,2.32493
28122.0,2.137157
28124.0,1.9614692
28126.0,1.8043124
28128.01,1.657679
28130.0,1.522275
28132.01,1.398956
28134.01,1.2861616
28136.0,1.180567
28138.01,1.084692
28140.0,0.9984342
28142.0,0.917061
28144.0,0.846161
28146.01,0.7760172
28148.0,0.709952
28150.01,0.6567772
28152.01,0.604358
28154.0,0.556823
28156.01,0.511705
28158.01,0.4706156
28160.0,0.4335544
28162.0,0.3988602
28164.01,0.3682443
28166.0,0.33924
28168.0,0.311847
28170.01,0.2884824
28172.0,0.2667292
28174.01,0.2465873
28176.01,0.2264454
28178.0,0.2079148
28180.0,0.1925566
28182.0,0.1780545
28184.0,0.1675806
28186.0,0.15227284
28188.01,0.139382
28190.0,0.1289082
28192.01,0.12004576
28194.01,0.11037764
28196.01,0.1015152
28198.0,0.09345846
28200.0,0.0886244
28202.0,0.08056764
28204.0,0.07492788
28206.01,0.06928818
28208.0,0.06606544
28210.01,0.05639736
28212.01,0.05720302
28214.0,0.05236894
28216.0,0.04834056
28218.0,0.04592355
28220.01,0.04270084
28222.0,0.04189516
28224.01,0.03867246
28226.0,0.03544975
28228.01,0.03303272
28230.01,0.0306157
28232.0,0.029004348
28234.0,0.02658732
28236.0,0.1909453
28238.01,0.4488622
28240.0,0.68417
28242.01,0.8953076
28244.01,1.0959712
28246.0,1.2781044
28248.01,1.4424624
28250.01,1.5923684
28252.0,1.732606
28254.0,1.8615652
28256.01,1.9783884
28258.0,2.088816
28260.0,2.1863032
28262.01,2.276589
28264.0,2.358768
28266.01,2.432085
28268.01,2.504646
28270.0,2.570711
28272.0,2.631137
28274.01,2.684362
28276.0,2.734314
28278.0,2.779433
28280.01,2.822938
28282.0,2.858388
28284.01,2.898722
28286.01,2.930949
28288.0,2.961564
28290.0,2.988959
28292.0,3.014739
28294.0,3.0372992
28296.0,3.055829
28298.01,3.078388
28300.0,3.096969
28302.01,3.115499
28304.01,3.130001
28306.0,3.143698
28308.0,3.154977
28310.0,3.167868
28312.01,3.173508
28314.0,3.18801
28316.01,3.197679
28318.0,3.208152
28320.01,3.217015
28322.01,3.224265
28324.0,3.228294
28326.0,3.233934
28328.0,3.24199
28330.01,3.24602
28332.0,3.250854
28334.01,3.255687
28336.01,3.259715
28338.0,3.262939
28340.01,3.265355
28342.0,3.266161
28344.0,3.272606
28346.0,3.275829
28348.01,3.278246
28350.0,3.279857
28352.01,3.282275
28354.01,3.284691
28356.0,3.285497
28358.01,3.241185
28360.01,2.973649
28362.0,2.727868
28364.0,2.503034
28366.01,2.300759
28368.0,2.113793
28370.0,1.940521
28372.01,1.780947
28374.0,1.639098
28376.01,1.50455
28378.01,1.3828424
28380.0,1.272465
28382.0,1.1676768
28384.0,1.074218
28386.0,0.988766
28388.0,0.907393
28390.01,0.8348818
28392.0,0.7687662
28394.01,0.7075348
28396.01,0.649526
28398.01,0.598718
28400.0,0.551989
28402.0,0.5060654
28404.0,0.4665872
28406.0,0.4311374
28408.01,0.3932204
28410.0,0.3642159
28412.01,0.3352117
28414.01,0.30943
28416.0,0.2852596
28418.0,0.2618951
28420.0,0.2409475
28422.01,0.22322264
28424.0,0.2022247
28426.01,0.1893339
28428.01,0.17644308
28430.0,0.1619409
28432.01,0.1490501
28434.0,0.14018764
28436.0,0.1281025
28438.0,0.1192401
28440.01,0.11037764
28442.0,0.1023209
28444.01,0.09345846
28446.01,0.0886244
28448.0,0.0813733
28450.01,0.07573358
28452.01,0.06848246
28454.0,0.0644541
28456.0,0.0604257
28458.01,0.05639736
28460.0,0.04834056
28462.0,0.04995193
28464.01,0.04592355
28466.0,0.04189516
28468.01,0.03947813
28470.01,0.03625542
28472.0,0.03544975
28474.0,0.02819868
28476.01,0.03142138
28478.0,0.02819868
28480.0,0.02658732
28482.01,0.2264454
28484.0,0.4802837
28486.01,0.7107576
28488.01,0.9227008
28490.01,1.116919
28492.0,1.289384
28494.0,1.461043
28496.0,1.610899
28498.0,1.750332
28500.01,1.876067
28502.0,1.9920848
28504.01,2.099289
28506.01,2.196777
28508.0,2.28384
28510.0,2.369242
28512.0,2.444975
28514.01,2.514313
28516.0,2.577962
28518.01,2.637583
28520.0,2.690002
28522.01,2.738343
28524.01,2.786683
28526.0,2.829383
28528.0,2.866445
28530.0,2.9019448
28532.01,2.934172
28534.0,2.963982
28536.01,2.989764
28538.01,3.017157
28540.0,3.039716
28542.01,3.062274
28544.01,3.082416
28546.0,3.099386
28548.0,3.115499
28550.01,3.13403
28552.0,3.144504
28554.0,3.158201
28556.01,3.16948
28558.0,3.179147
28560.01,3.190427
28562.01,3.200096
28564.0,3.208152
28566.0,3.218626
28568.01,3.221849
28570.0,3.2299052
28572.0,3.237156
28574.01,3.242797
28576.0,3.244408
28578.01,3.251659
28580.01,3.254076
28582.0,3.258911
28584.0,3.262939
28586.0,3.266161
28588.0,3.27019
28590.0,3.274218
28592.01,3.275829
28594.0,3.278246
28596.01,3.279052
28598.01,3.28308
28600.01,3.284691
28602.0,3.285497
28604.0,3.207346
28606.01,2.943035
28608.0,2.701281
28610.01,2.477252
28612.0,2.277395
28614.01,2.092844
28616.01,1.921991
28618.0,1.7656396
28620.0,1.6213732
28622.0,1.4900476
28624.01,1.3699516
28626.0,1.2611852
28628.01,1.157203
28630.01,1.062939
28632.0,0.9790982
28634.01,0.900142
28636.0,0.8284364
28638.0,0.7607096
28640.0,0.704312
28642.01,0.6430808
28644.0,0.5922728
28646.01,0.5463492
28648.01,0.5012316
28650.0,0.4617532
28652.01,0.427109
28654.01,0.3916089
28656.0,0.3617989
28658.0,0.329572
28660.01,0.3062074
28662.0,0.2820371
28664.0,0.259478
28666.01,0.2409475
28668.0,0.22080568
28670.01,0.201419
28672.01,0.1901396
28674.0,0.17080332
28676.0,0.15952384
28678.0,0.14824448
28680.0,0.13857636
28682.0,0.1272968
28684.01,0.12004576
28686.0,0.10715492
28688.01,0.1007095
28690.01,0.0918471
28692.01,0.08620734
28694.0,0.07976194
28696.0,0.07412224
28698.0,0.06848246
28700.0,0.05720302
28702.01,0.05881435
28704.0,0.0539803
28706.01,0.0507576
28708.01,0.04834056
28710.0,0.04189516
28712.0,0.04189516
28714.0,0.03947813
28716.01,0.03706112
28718.0,0.03544975
28720.01,0.03303272
28722.0,0.0306157
28724.01,0.02417028
28726.01,0.02739299
28728.0,0.2562554
28730.0,0.5044542
28732.0,0.738956
28734.01,0.948482
28736.0,1.1427004
28738.01,1.3183888
28740.01,1.4803796
28742.0,1.6237904
28744.01,1.7656396
28746.01,1.890569
28748.0,2.005782
28750.0,2.112987
28752.01,2.209668
28754.0,2.297536
28756.0,2.379716
28758.01,2.453838
28760.0,2.522371
28762.01,2.585214
28764.01,2.644028
28766.0,2.6980584
28768.0,2.745593
28770.01,2.791518
28772.0,2.833413
28774.0,2.869667
28776.01,2.905973
28778.0,2.9382
28780.01,2.967204
28782.01,2.995404
28784.0,3.021185
28786.0,3.042133
28788.0,3.06308
28790.0,3.081611
28792.0,3.100997
28794.01,3.116305
28796.0,3.133224
28798.01,3.146921
28800.01,3.1590052
28802.0,3.1710908
28804.0,3.180759
28806.0,3.192039
28808.01,3.200096
28810.0,3.209764
28812.01,3.217015
28814.0,3.224265
28816.01,3.228294
28818.01,3.235545
28820.0,3.240379
28822.0,3.246826
28824.0,3.252465
28826.01,3.259715
28828.0,3.262133
28830.01,3.26455
28832.01,3.266967
28834.0,3.27019
28836.01,3.269384
28838.0,3.276635
28840.0,3.278246
28842.0,3.282275
28844.01,3.283885
28846.0,3.285497
28848.01,3.286303
28850.01,3.172702
28852.0,2.910807
28854.01,2.672226
28856.01,2.453032
28858.0,2.253174
28860.0,2.06948
28862.01,1.9010428
28864.0,1.749526
28866.0,1.6052596
28868.01,1.4739344
28870.0,1.3570608
28872.01,1.246683
28874.01,1.141089
28876.0,1.05327
28878.0,0.968624
28880.0,0.8904734
28882.0,0.8179124
28884.0,0.7510412
28886.01,0.6922268
28888.0,0.6366352
28890.01,0.5866328
28892.01,0.5407096
28894.01,0.4963972
28896.0,0.4585305
28898.0,0.4222749
28900.0,0.386775
28902.0,0.3561592
28904.01,0.329572
28906.0,0.302179
28908.01,0.277203
28910.01,0.257061
28912.0,0.23772484
28914.0,0.21758284
28916.0,0.201419
28918.01,0.1869169
28920.0,0.1756374
28922.01,0.1554955
28924.01,0.1426047
28926.0,0.13615924
28928.01,0.1248798
28930.0,0.11601738
28932.0,0.10715492
28934.0,0.1015152
28936.01,0.0918471
28938.0,0.08540166
28940.01,0.0813733
28942.01,0.07251084
28944.0,0.06767682
28946.01,0.0644541
28948.01,0.05800869
28950.0,0.05559165
28952.0,0.05156327
28954.01,0.05156327
28956.0,0.04511786
28958.0,0.0410895
28960.01,0.03625542
28962.0,0.03544975
28964.01,0.03383841
28966.01,0.03222704
28968.0,0.02981002
28970.0,0.029004348
28972.01,0.02658732
28974.0,0.2900938
28976.0,0.5382922
28978.01,0.7655436
28980.0,0.9742638
28982.01,1.1660652
28984.01,1.3377244
28986.01,1.49891
28988.0,1.6455432
28990.0,1.783364
28992.0,1.906683
28994.0,2.019478
28996.01,2.124266
28998.0,2.220142
29000.01,2.305593
29002.01,2.389384
29004.0,2.461894
29006.0,2.531233
29008.0,2.593271
29010.01,2.648862
29012.0,2.703698
29014.01,2.750428
29016.0,2.796351
29018.01,2.837441
29020.01,2.875307
29022.0,2.910807
29024.0,2.939812
29026.0,2.968816
29028.01,2.99782
29030.0,3.02199
29032.01,3.04455
29034.01,3.0671084
29036.0,3.086444
29038.01,3.10422
29040.01,3.118721
29042.0,3.13403
29044.0,3.146116
29046.01,3.1590052
29048.0,3.171896
29050.01,3.183175
29052.01,3.192845
29054.0,3.202513
29056.01,3.21057
29058.01,3.217015
29060.0,3.22346
29062.0,3.231516
29064.01,3.237962
29066.0,3.242797
29068.0,3.248436
29070.01,3.2532708
29072.0,3.257299
29074.01,3.259715
29076.01,3.262939
29078.0,3.266161
29080.0,3.2709952
29082.0,3.274218
29084.0,3.27744
29086.0,3.278246
29088.01,3.280663
29090.0,3.27744
29092.01,3.282275
29094.01,3.287914
29096.01,3.142087
29098.0,2.882558
29100.0,2.64564
29102.01,2.428862
29104.0,2.232227
29106.01,2.048482
29108.0,1.883318
29110.01,1.7293836
29112.01,1.58834
29114.0,1.461849
29116.0,1.3433644
29118.0,1.233742
29120.01,1.1338384
29122.0,1.041991
29124.01,0.9573448
29126.01,0.8767772
29128.0,0.8098556
29130.01,0.7454014
29132.0,0.68417
29134.0,0.6318012
29136.0,0.5826044
29138.01,0.5350696
29140.0,0.4915632
29142.01,0.4545022
29144.01,0.4174409
29146.0,0.3827466
29148.01,0.3537423
29150.01,0.3263492
29152.0,0.2989562
29154.0,0.2755915
29156.01,0.2538384
29158.0,0.23289076
29160.0,0.2167772
29162.01,0.1998077
29164.0,0.1869169
29166.01,0.17080332
29168.01,0.1579125
29170.0,0.14663308
29172.0,0.1345479
29174.01,0.1224628
29176.0,0.11601738
29178.0,0.10715492
29180.01,0.0942641
29182.0,0.0910414
29184.01,0.09023572
29186.01,0.07815058
29188.01,0.07251084
29190.0,0.06767682
29192.0,0.06284276
29194.0,0.05478598
29196.0,0.0539803
29198.01,0.0507576
29200.0,0.04672923
29202.01,0.04511786
29204.01,0.0410895
29206.0,0.03947813
29208.0,0.03625542
29210.0,0.03544975
29212.01,0.03222704
29214.0,0.029004348
29216.01,0.02819868
29218.01,0.05156327
29220.01,0.319098
29222.01,0.5656854
29224.0,0.7897136
29226.0,0.9952114
29228.0,1.1854016
29230.01,1.3594776
29232.0,1.520664
29234.01,1.6633184
29236.01,1.79706
29238.0,1.917157
29240.01,2.029147
29242.01,2.135545
29244.0,2.231421
29246.0,2.316873
29248.01,2.396634
29250.0,2.469951
29252.0,2.537678
29254.01,2.600521
29256.0,2.656919
29258.01,2.710143
29260.01,2.757678
29262.0,2.802797
29264.0,2.842275
29266.01,2.87853
29268.0,2.914835
29270.0,2.942229
29272.01,2.974455
29274.0,3.001849
29276.01,3.02199
29278.01,3.047773
29280.01,3.06872
29282.0,3.086444
29284.0,3.105026
29286.0,3.120333
29288.0,3.136446
29290.01,3.149338
29292.0,3.162229
29294.01,3.173508
29296.01,3.183175
29298.01,3.192845
29300.0,3.204124
29302.0,3.211375
29304.01,3.218626
29306.0,3.226683
29308.01,3.232322
29310.0,3.238768
29312.01,3.242797
29314.01,3.248436
29316.0,3.250048
29318.0,3.258911
29320.0,3.263744
29322.01,3.266967
29324.0,3.27019
29326.01,3.275024
29328.01,3.275024
29330.0,3.27744
29332.01,3.278246
29334.0,3.279857
29336.0,3.284691
29338.0,3.285497
29340.01,3.287914
29342.0,3.107442
29344.01,2.852748
29346.01,2.619857
29348.0,2.406303
29350.01,2.208862
29352.01,2.027535
29354.0,1.863982
29356.0,1.711659
29358.01,1.5722268
29360.0,1.446541
29362.0,1.3288624
29364.01,1.2176288
29366.0,1.122559
29368.01,1.032323
29370.01,0.9492878
29372.0,0.8727484
29374.0,0.8034102
29376.0,0.7341222
29378.0,0.679336
29380.0,0.6253556
29382.01,0.5809932
29384.0,0.5302356
29386.01,0.4891463
29388.01,0.4496682
29390.01,0.4150238
29392.0,0.3811353
29394.0,0.3489082
29396.01,0.3223209
29398.0,0.2973448
29400.01,0.2731746
29402.0,0.2514214
29404.01,0.2320851
29406.01,0.2143602
29408.0,0.1957793
29410.0,0.1820828
29412.0,0.169192
29414.01,0.1587182
29416.0,0.1450217
29418.01,0.1321309
29420.01,0.1208514
29422.01,0.11682304
29424.01,0.10312654
29426.0,0.0974868
29428.0,0.09023572
29430.0,0.0837903
29432.01,0.07653924
29434.0,0.07573358
29436.01,0.06687112
29438.01,0.0612314
29440.0,0.05800869
29442.01,0.0539803
29444.01,0.04592355
29446.0,0.04592355
29448.0,0.04511786
29450.01,0.0410895
29452.0,0.03947813
29454.0,0.03544975
29456.01,0.03383841
29458.0,0.03142138
29460.01,0.029004348
29462.01,0.02819868
29464.0,0.08620734
29466.0,0.3505195
29468.01,0.5963012
29470.0,0.8179124
29472.0,1.021799
29474.01,1.205543
29476.0,1.37962
29478.01,1.531943
29480.01,1.681043
29482.01,1.817203
29484.0,1.934076
29486.0,2.04526
29488.0,2.148436
29490.0,2.241895
29492.01,2.322513
29494.0,2.405497
29496.01,2.480476
29498.01,2.546541
29500.0,2.608578
29502.0,2.66417
29504.0,2.714977
29506.01,2.761707
29508.0,2.801991
29510.01,2.8454976
29512.0,2.88417
29514.01,2.917252
29516.01,2.949479
29518.0,2.977678
29520.0,3.004266
29522.0,3.025214
29524.01,3.049384
29526.0,3.06872
29528.01,3.089668
29530.01,3.107442
29532.0,3.123556
29534.01,3.138058
29536.01,3.150144
29538.0,3.1590052
29540.0,3.174314
29542.01,3.185593
29544.0,3.195261
29546.01,3.20493
29548.01,3.211375
29550.0,3.221849
29552.01,3.224265
29554.01,3.231516
29556.0,3.237962
29558.0,3.243602
29560.01,3.249242
29562.0,3.254076
29564.0,3.258105
29566.01,3.262133
29568.0,3.262939
29570.01,3.267772
29572.01,3.272606
29574.0,3.275024
29576.0,3.275829
29578.0,3.279052
29580.0,3.280663
29582.0,3.28308
29584.01,3.283885
29586.0,3.287109
29588.01,3.075165
29590.01,2.822132
29592.01,2.589242
29594.0,2.37891
29596.0,2.185498
29598.01,2.005782
29600.0,1.8445956
29602.01,1.6939336
29604.0,1.556113
29606.01,1.4303776
29608.01,1.3159716
29610.0,1.206349
29612.0,1.1112796
29614.0,1.0226048
29616.01,0.9396196
29618.0,0.8638862
29620.01,0.793742
29622.01,0.7308992
29624.0,0.6712794
29626.01,0.616443
29628.0,0.5672968
29630.0,0.5245958
29632.0,0.4835064
29634.01,0.4440283
29636.0,0.4109452
29638.01,0.3771068
29640.01,0.3472969
29642.0,0.3207094
29644.01,0.2933164
29646.01,0.2707576
29648.0,0.24980992
29650.0,0.2304737
29652.01,0.2127489
29654.0,0.19739064
29656.0,0.1812771
29658.01,0.164358
29660.0,0.1546898
29662.01,0.144216
29664.01,0.13374224
29666.0,0.1208514
29668.0,0.1127947
29670.01,0.10554354
29672.0,0.0982925
29674.0,0.08701304
29676.01,0.082179
29678.0,0.0773449
29680.01,0.07170516
29682.01,0.06687112
29684.01,0.06525976
29686.0,0.05800869
29688.0,0.05720302
29690.0,0.04914626
29692.0,0.04672923
29694.01,0.04028382
29696.0,0.04028382
29698.01,0.03786679
29700.01,0.03464409
29702.0,0.03464409
29704.0,0.03142138
29706.0,0.02981002
29708.01,0.02739299
29710.0,0.1192401
29712.01,0.3811353
29714.01,0.6229388
29716.01,0.841327
29718.01,1.041185
29720.0,1.2281024
29722.0,1.399762
29724.0,1.5528904
29726.01,1.697157
29728.0,1.8284824
29730.01,1.946161
29732.01,2.058956
29734.0,2.158909
29736.01,2.253174
29738.01,2.337015
29740.0,2.416776
29742.0,2.486921
29744.01,2.5529868
29746.0,2.6182452
29748.0,2.669004
29750.01,2.720617
29752.0,2.768152
29754.01,2.812464
29756.01,2.8511376
29758.0,2.886587
29760.0,2.92128
29762.01,2.952703
29764.0,2.980095
29766.0,3.007489
29768.01,3.031659
29770.0,3.055829
29772.01,3.073554
29774.01,3.092084
29776.01,3.106636
29778.0,3.123556
29780.0,3.13967
29782.0,3.153366
29784.0,3.165451
29786.01,3.175925
29788.0,3.186399
29790.01,3.195261
29792.01,3.204124
29794.01,3.2121808
29796.0,3.221043
29798.0,3.2291
29800.01,3.237962
29802.0,3.239573
29804.01,3.245214
29806.0,3.2532708
29808.01,3.2532708
29810.01,3.258105
29812.0,3.262133
29814.0,3.266967
29816.0,3.2709952
29818.01,3.272606
29820.0,3.273412
29822.01,3.2718
29824.01,3.279052
29826.0,3.282275
29828.01,3.283885
29830.01,3.285497
29832.0,3.287914
29834.0,3.04455
29836.01,2.789906
29838.0,2.564266
29840.01,2.353934
29842.01,2.166162
29844.0,1.986445
29846.01,1.82526
29848.01,1.6770144
29850.0,1.5408056
29852.0,1.413458
29854.01,1.302275
29856.0,1.194264
29858.0,1.099194
29860.01,1.0105196
29862.0,0.9283404
29864.01,0.8534124
29866.01,0.786491
29868.0,0.7228426
29870.0,0.6648338
29872.0,0.6132204
29874.0,0.5632682
29876.0,0.5181504
29878.01,0.4778667
29880.0,0.4416113
29882.01,0.4004715
29884.01,0.3730785
29886.01,0.344074
29888.0,0.3158754
29890.0,0.2884824
29892.01,0.2667292
29894.0,0.247393
29896.01,0.2240283
29898.0,0.21033176
29900.01,0.19416792
29902.01,0.17886016
29904.0,0.164358
29906.0,0.1546898
29908.0,0.141799
29910.01,0.13051952
29912.0,0.1192401
29914.01,0.1127947
29916.01,0.10312654
29918.01,0.0950698
29920.01,0.09023572
29922.0,0.082179
29924.0,0.07573358
29926.0,0.07170516
29928.01,0.06525976
29930.0,0.05962004
29932.01,0.05639736
29934.01,0.05317464
29936.0,0.0507576
29938.01,0.04592355
29940.01,0.04270084
29942.0,0.04189516
29944.0,0.03786679
29946.01,0.03383841
29948.0,0.03222704
29950.0,0.03142138
29952.01,0.029004348
29954.0,0.02819868
29956.01,0.1490501
29958.01,0.4142182
29960.0,0.651943
29962.0,0.8703314
29964.01,1.0685784
29966.0,1.253128
29968.0,1.4207092
29970.01,1.5714212
29972.0,1.7124644
29974.01,1.8437896
29976.01,1.962275
29978.01,2.072703
29980.0,2.172607
29982.0,2.266871
29984.0,2.345877
29986.0,2.427251
29988.01,2.495783
29990.0,2.561043
29992.01,2.62308
29994.01,2.677866
29996.0,2.726257
29998.0,2.772986
30000.0,2.812464
30002.01,2.853554
30004.0,2.892277
30006.01,2.92692
30008.01,2.955925
30010.01,2.984124
30012.01,3.011517
30014.0,3.03327
30016.0,3.054218
30018.0,3.075971
30020.01,3.094551
30022.0,3.111471
30024.01,3.127584
30026.01,3.142087
30028.0,3.153366
30030.01,3.161423
30032.01,3.175925
30034.0,3.188815
30036.0,3.197679
30038.01,3.206541
30040.0,3.215403
30042.01,3.222655
30044.01,3.228294
30046.0,3.23474
30048.01,3.238768
30050.01,3.24602
30052.0,3.250048
30054.0,3.256493
30056.01,3.259715
30058.0,3.262133
30060.0,3.266161
30062.01,3.269384
30064.0,3.2709952
30066.01,3.275024
30068.01,3.278246
30070.01,3.280663
30072.0,3.282275
30074.0,3.28308
30076.0,3.285497
30078.0,3.259715
30080.01,3.012323
30082.0,2.763317
30084.01,2.537678
30086.01,2.33057
30088.01,2.141991
30090.0,1.9679148
30092.0,1.8051184
30094.01,1.65929
30096.0,1.5230804
30098.01,1.400567
30100.0,1.287773
30102.01,1.1821788
30104.01,1.0871092
30106.0,0.9976286
30108.0,0.919478
30110.0,0.846161
30112.01,0.7744058
30114.0,0.7180086
30116.01,0.6591944
30118.01,0.6059692
30120.01,0.5584344
30122.01,0.514122
30124.0,0.4690042
30126.0,0.4359714
30128.0,0.3988602
30130.01,0.3698557
30132.0,0.33924
30134.01,0.3126526
30136.01,0.2828427
30138.0,0.2651178
30140.01,0.24255884
30142.01,0.2264454
30144.0,0.20872048
30146.0,0.19175096
30148.01,0.1748318
30150.0,0.16516368
30152.0,0.15307848
30154.01,0.13857636
30156.0,0.1281025
30158.01,0.1208514
30160.01,0.11037764
30162.0,0.1023209
30164.0,0.0942641
30166.01,0.08540166
30168.0,0.08056764
30170.0,0.07573358
30172.01,0.07251084
30174.0,0.0644541
30176.01,0.06203707
30178.01,0.05639736
30180.01,0.04995193
30182.0,0.04834056
30184.0,0.04834056
30186.0,0.04350652
30188.0,0.04028382
30190.01,0.03706112
30192.0,0.03464409
30194.01,0.0306157
30196.01,0.02981002
30198.0,0.029004348
30200.0,0.02658732
30202.0,0.1844998
30204.01,0.4432226
30206.0,0.6785304
30208.01,0.8928906
30210.01,1.0879148
30212.01,1.270853
30214.01,1.4384344
30216.0,1.589951
30218.0,1.728578
30220.0,1.857537
30222.01,1.97436
30224.0,2.081565
30226.01,2.179858
30228.01,2.2725608
30230.0,2.357156
30232.01,2.436114
30234.01,2.50384
30236.0,2.568294
30238.0,2.627915
30240.01,2.681945
30242.0,2.731091
30244.01,2.77782
30246.01,2.822132
30248.0,2.86
30250.01,2.89711
30252.01,2.93256
30254.0,2.958342
30256.0,2.985735
30258.01,3.013934
30260.0,3.0372992
30262.0,3.058246
30264.01,3.078388
30266.0,3.095357
30268.01,3.113082
30270.01,3.130806
30272.01,3.142087
30274.0,3.155783
30276.0,3.167062
30278.0,3.179147
30280.0,3.189621
30282.01,3.197679
30284.0,3.207346
30286.01,3.212986
30288.01,3.221849
30290.01,3.2299052
30292.0,3.235545
30294.0,3.241185
30296.01,3.24602
30298.0,3.250048
30300.01,3.257299
30302.0,3.258105
30304.01,3.262939
30306.01,3.267772
30308.0,3.269384
30310.0,3.273412
30312.0,3.275829
30314.01,3.27744
30316.0,3.275829
30318.01,3.282275
30320.01,3.283885
30322.0,3.285497
30324.01,3.250048
30326.01,2.980901
30328.0,2.736731
30330.0,2.5118968
30332.01,2.307205
30334.0,2.117821
30336.01,1.9445492
30338.01,1.7873924
30340.0,1.641515
30342.01,1.5077724
30344.01,1.3876764
30346.0,1.2764932
30348.0,1.170899
30350.01,1.0774404
30352.0,0.9911832
30354.0,0.9106158
30356.01,0.8372988
30358.0,0.771183
30360.01,0.7107576
30362.01,0.6527486
30364.0,0.598718
30366.0,0.5527948
30368.01,0.5084826
30370.0,0.4673928
30372.0,0.4303318
30374.01,0.394026
30376.0,0.3601876
30378.01,0.3360173
30380.01,0.30943
30382.01,0.2852596
30384.0,0.2651178
30386.0,0.24336452
30388.01,0.2248341
30390.0,0.2071091
30392.01,0.1893339
30394.0,0.1772488
30396.01,0.1627466
30398.01,0.15066144
30400.0,0.13696492
30402.0,0.1289082
30404.0,0.1192401
30406.01,0.10957196
30408.0,0.09990386
30410.01,0.09345846
30412.01,0.08620734
30414.01,0.08056764
30416.01,0.07573358
30418.0,0.06848246
30420.0,0.0644541
30422.0,0.05800869
30424.01,0.05478598
30426.0,0.05156327
30428.01,0.04914626
30430.01,0.04672923
30432.0,0.04028382
30434.01,0.04350652
30436.01,0.03706112
30438.0,0.03464409
30440.0,0.03142138
30442.01,0.0306157
30444.0,0.02417028
30446.0,0.02739299
30448.01,0.21758284
30450.0,0.4722268
30452.01,0.7051178
30454.01,0.919478
30456.0,1.115308
30458.0,1.2950236
30460.01,1.4578208
30462.0,1.606871
30464.0,1.750332
30466.01,1.871233
30468.0,1.9888616
30470.01,2.097679
30472.01,2.195971
30474.01,2.28384
30476.0,2.367631
30478.0,2.4433648
30480.0,2.509479
30482.0,2.577157
30484.01,2.635166
30486.0,2.690002
30488.01,2.738343
30490.01,2.786683
30492.01,2.825355
30494.0,2.864833
30496.0,2.899528
30498.01,2.933366
30500.0,2.963982
30502.01,2.995404
30504.01,3.017157
30506.01,3.039716
30508.01,3.059858
30510.0,3.079999
30512.0,3.096969
30514.0,3.115499
30516.01,3.130001
30518.0,3.146116
30520.01,3.160617
30522.01,3.16948
30524.0,3.175925
30526.01,3.187204
30528.01,3.200096
30530.0,3.209764
30532.0,3.217015
30534.01,3.22346
30536.0,3.2299052
30538.01,3.235545
30540.01,3.237962
30542.0,3.24602
30544.01,3.251659
30546.01,3.256493
30548.0,3.260521
30550.0,3.268578
30552.01,3.266161
30554.0,3.26455
30556.0,3.272606
30558.01,3.275024
30560.0,3.278246
30562.01,3.281469
30564.01,3.28308
30566.01,3.285497
30568.0,3.286303
30570.0,3.211375
30572.0,2.946257
30574.0,2.704503
30576.01,2.483698
30578.0,2.282229
30580.01,2.095261
30582.01,1.9244076
30584.01,1.769668
30586.0,1.624596
30588.0,1.492465
30590.01,1.371563
30592.0,1.2595736
30594.01,1.157203
30596.0,1.0653556
30598.01,0.9799038
30600.01,0.89853
30602.0,0.8284364
30604.0,0.7631264
30606.0,0.7002836
30608.01,0.6438864
30610.0,0.5930784
30612.01,0.5471548
30614.01,0.5052598
30616.01,0.4633645
30618.01,0.427109
30620.01,0.3924147
30622.0,0.3617989
30624.0,0.329572
30626.01,0.3037904
30628.0,0.2820371
30630.01,0.257061
30632.01,0.2409475
30634.0,0.2240283
30636.01,0.2038361
30638.01,0.1885282
30640.0,0.1740261
30642.0,0.15952384
30644.01,0.1458274
30646.0,0.13696492
30648.0,0.1272968
30650.01,0.1176287
30652.0,0.1079606
30654.01,0.09990386
30656.01,0.09265276
30658.0,0.0837903
30660.0,0.0813733
30662.01,0.07412224
30664.0,0.06848246
30666.0,0.0644541
30668.01,0.05962004
30670.0,0.05559165
30672.01,0.04914626
30674.01,0.04834056
30676.01,0.04511786
30678.0,0.04189516
30680.0,0.03867246
30682.01,0.03786679
30684.0,0.03786679
30686.01,0.03222704
30688.0,0.0306157
30690.01,0.02739299
30692.01,0.025781632
30694.0,0.2465873
30696.0,0.5044542
30698.0,0.7333164
30700.01,0.9444536
30702.0,1.137061
30704.01,1.312749
30706.01,1.4763516
30708.01,1.624596
30710.01,1.761611
30712.0,1.8873464
30714.0,2.003364
30716.0,2.108959
30718.01,2.206445
30720.0,2.291091
30722.01,2.376493
30724.01,2.451421
30726.0,2.522371
30728.01,2.585214
30730.01,2.642416
30732.0,2.696447
30734.0,2.743982
30736.01,2.789906
30738.0,2.831802
30740.01,2.869667
30742.01,2.905973
30744.0,2.9373948
30746.01,2.966399
30748.01,2.99782
30750.0,3.018768
30752.0,3.042133
30754.01,3.062274
30756.0,3.083222
30758.0,3.100997
30760.01,3.117111
30762.0,3.131612
30764.01,3.144504
30766.01,3.158201
30768.01,3.171896
30770.0,3.181565
30772.0,3.191233
30774.0,3.201707
30776.0,3.21057
30778.01,3.215403
30780.0,3.22346
30782.01,3.230711
30784.01,3.23635
30786.01,3.242797
30788.0,3.246826
30790.0,3.252465
30792.01,3.255687
30794.0,3.259715
30796.01,3.263744
30798.0,3.266967
30800.01,3.2718
30802.01,3.274218
30804.0,3.276635
30806.0,3.278246
30808.0,3.27744
30810.01,3.281469
30812.0,3.284691
30814.01,3.286303
30816.01,3.183981
30818.0,2.917252
30820.01,2.679477
30822.01,2.460284
30824.0,2.266065
30826.0,2.072703
30828.01,1.905878
30830.0,1.7511376
30832.01,1.608482
30834.01,1.478768
30836.0,1.358672
30838.01,1.250711
30840.01,1.149146
30842.0,1.054882
30844.0,0.9702354
30846.01,0.892085
30848.0,0.8203296
30850.0,0.7550696
30852.01,0.6930324
30854.0,0.641469
30856.01,0.5898556
30858.01,0.5415152
30860.0,0.4988143
30862.0,0.4577248
30864.01,0.4214692
30866.0,0.3875806
30868.0,0.3577706
30870.01,0.329572
30872.0,0.3029846
30874.01,0.27962
30876.01,0.2578668
30878.01,0.23691908
30880.0,0.21758284
30882.0,0.201419
30884.01,0.1869169
30886.0,0.17322036
30888.01,0.16032952
30890.0,0.1474387
30892.01,0.13696492
30894.01,0.1264912
30896.0,0.11682304
30898.0,0.1079606
30900.0,0.09909816
30902.01,0.09265276
30904.0,0.08540166
30906.01,0.07976194
30908.01,0.07170516
30910.01,0.06767682
30912.01,0.0636484
30914.0,0.05881435
30916.0,0.05478598
30918.0,0.0507576
30920.01,0.04592355
30922.0,0.04672923
30924.01,0.04028382
30926.01,0.03867246
30928.0,0.03625542
30930.01,0.03464409
30932.01,0.03142138
30934.0,0.029004348
30936.0,0.02739299
30938.01,0.024975968
30940.0,0.2836484
30942.0,0.534264
30944.01,0.7590982
30946.0,0.9702354
30948.01,1.158814
30950.01,1.334502
30952.0,1.494882
30954.0,1.641515
30956.01,1.7793356
30958.0,1.902655
30960.0,2.01545
30962.01,2.121044
30964.0,2.216919
30966.01,2.303981
30968.01,2.387773
30970.01,2.458672
30972.0,2.528817
30974.0,2.591659
30976.0,2.649668
30978.0,2.702087
30980.01,2.748816
30982.0,2.79474
30984.01,2.835024
30986.01,2.873696
30988.01,2.910001
30990.0,2.942229
30992.0,2.971233
30994.01,2.999432
30996.0,3.024408
30998.01,3.046161
31000.01,3.066303
31002.01,3.0848332
31004.01,3.101803
31006.0,3.118721
31008.0,3.13403
31010.0,3.148532
31012.01,3.161423
31014.0,3.172702
31016.01,3.181565
31018.01,3.192039
31020.0,3.20493
31022.01,3.211375
31024.01,3.219431
31026.0,3.225071
31028.0,3.231516
31030.01,3.23635
31032.0,3.240379
31034.01,3.246826
31036.01,3.251659
31038.0,3.256493
31040.01,3.260521
31042.01,3.26455
31044.0,3.266967
31046.0,3.27019
31048.01,3.27019
31050.0,3.27744
31052.0,3.278246
31054.01,3.281469
31056.0,3.282275
31058.01,3.283885
31060.01,3.284691
31062.01,3.146921
31064.0,2.886587
31066.01,2.651279
31068.0,2.432085
31070.0,2.234644
31072.01,2.051705
31074.0,1.885735
31076.01,1.730995
31078.01,1.596397
31080.01,1.4626544
31082.0,1.3433644
31084.0,1.234548
31086.01,1.1338384
31088.0,1.044408
31090.01,0.9597616
31092.0,0.8840284
31094.01,0.811467
31096.01,0.747013
31098.0,0.6857816
31100.0,0.6326068
31102.0,0.581799
31104.01,0.5358754
31106.0,0.4931746
31108.01,0.4480566
31110.01,0.4182466
31112.01,0.3843578
31114.01,0.3529366
31116.01,0.3255436
31118.0,0.2997619
31120.0,0.277203
31122.01,0.257061
31124.0,0.2345021
31126.01,0.21838864
31128.01,0.2022247
31130.0,0.1853055
31132.01,0.16999768
31134.01,0.15710684
31136.0,0.1450217
31138.0,0.13374224
31140.01,0.1248798
31142.0,0.1152117
31144.0,0.10634928
31146.01,0.0982925
31148.0,0.0918471
31150.01,0.084596
31152.01,0.0773449
31154.0,0.07251084
31156.0,0.06767682
31158.01,0.06284276
31160.0,0.05800869
31162.0,0.05478598
31164.01,0.05156327
31166.0,0.04834056
31168.01,0.04511786
31170.01,0.0410895
31172.01,0.03947813
31174.0,0.03544975
31176.0,0.03464409
31178.01,0.03222704
31180.0,0.029004348
31182.01,0.02819868
31184.0,0.04189516
31186.01,0.314264
31188.01,0.561657
31190.01,0.7856854
31192.0,0.9936002
31194.0,1.180567
31196.01,1.3546436
31198.0,1.511801
31200.01,1.661707
31202.01,1.795449
31204.01,1.919574
31206.01,2.031563
31208.0,2.136351
31210.0,2.230616
31212.0,2.317679
31214.01,2.39744
31216.0,2.469146
31218.01,2.537678
31220.01,2.600521
31222.0,2.656919
31224.01,2.708532
31226.01,2.756873
31228.0,2.801185
31230.0,2.840663
31232.01,2.876113
31234.0,2.912419
31236.01,2.944646
31238.01,2.975261
31240.0,3.001849
31242.01,3.024408
31244.01,3.047773
31246.0,3.06872
31248.0,3.08725
31250.0,3.105026
31252.0,3.121139
31254.01,3.1356408
31256.02,3.149338
31258.0,3.161423
31260.01,3.1710908
31262.0,3.183175
31264.01,3.193651
31266.01,3.202513
31268.0,3.211375
31270.0,3.221043
31271.992,3.226683
31274.02,3.232322
31276.0,3.23635
31278.01,3.241185
31280.0,3.249242
31282.01,3.254076
31284.01,3.258911
31286.0,3.263744
31288.0,3.266161
31289.992,3.269384
31292.02,3.272606
31294.01,3.275024
31296.01,3.274218
31298.0,3.278246
31300.01,3.283885
31302.01,3.283885
31304.0,3.285497
31306.0,3.286303
31307.992,3.113888
31310.02,2.856777
31312.01,2.623886
31314.01,2.409525
31316.0,2.214503
31318.01,2.031563
31320.01,1.867205
31322.0,1.7148816
31324.0,1.5754496
31325.992,1.447347
31328.02,1.3353072
31330.01,1.222463
31332.01,1.122559
31334.0,1.03474
31336.0,0.9508994
31338.01,0.8743604
31340.0,0.8034102
31342.01,0.7413732
31343.992,0.6801416
31346.02,0.626967
31348.01,0.576159
31350.01,0.5302356
31352.0,0.4883406
31354.0,0.4504738
31356.01,0.4150238
31358.0,0.3803295
31360.01,0.3505195
31361.992,0.3231265
31364.02,0.2981506
31366.01,0.2747859
31368.01,0.2530327
31370.0,0.2320851
31372.01,0.21597156
31374.02,0.1957793
31376.0,0.1836942
31378.01,0.169192
31379.992,0.15630116
31382.0,0.1450217
31384.01,0.1345479
31386.01,0.1224628
31388.0,0.11440604
31390.01,0.1015152
31392.02,0.0974868
31394.0,0.0910414
31396.01,0.0837903
31397.992,0.07815058
31400.0,0.07331654
31402.01,0.06687112
31404.02,0.06203707
31406.0,0.05559165
31408.01,0.05317464
31410.02,0.04995193
31412.0,0.0475349
31414.01,0.04350652
31415.992,0.0410895
31418.0,0.03786679
31420.01,0.03625542
31422.02,0.0306157
31424.0,0.02981002
31426.01,0.02819868
31427.992,0.02739299
31430.0,0.07815058
31432.01,0.346491
31434.0,0.5850216
31436.0,0.8066328
31438.01,1.0153532
31440.02,1.201515
31442.0,1.3755916
31444.01,1.531943
31445.992,1.6778204
31448.0,1.809952
31450.01,1.9276308
31452.0,2.03962
31454.0,2.1452132
31456.01,2.240283
31458.02,2.32493
31460.0,2.40308
31462.01,2.476447
31464.0,2.543318
31466.01,2.60455
31468.01,2.661753
31470.0,2.714172
31472.0,2.760901
31473.992,2.805213
31476.02,2.8454976
31478.0,2.882558
31480.01,2.9140292
31482.0,2.947869
31484.01,2.976873
31486.01,3.004266
31488.0,3.02763
31490.0,3.050189
31491.992,3.06872
31494.02,3.08725
31496.01,3.106636
31498.01,3.121945
31500.0,3.137252
31502.01,3.150144
31504.01,3.16384
31506.0,3.173508
31508.0,3.184787
31509.992,3.193651
31512.02,3.203318
31514.01,3.2121808
31516.01,3.220237
31518.0,3.226683
31520.0,3.233934
31522.01,3.237962
31524.0,3.242797
31526.0,3.250048
31527.992,3.252465
31530.02,3.257299
31532.01,3.261327
31534.01,3.266161
31536.0,3.269384
31538.0,3.2709952
31540.01,3.272606
31542.0,3.276635
31544.01,3.279857
31545.992,3.282275
31548.02,3.283885
31550.01,3.286303
31552.01,3.287109
31554.0,3.082416
31556.0,2.828577
31558.01,2.597299
31560.0,2.383745
31562.01,2.189526
31563.992,2.010616
31566.02,1.8470128
31568.01,1.697963
31570.01,1.559336
31572.0,1.4336
31574.01,1.317583
31576.02,1.210378
31578.0,1.115308
31580.01,1.021799
31581.992,0.9404252
31584.0,0.8719428
31586.01,0.796159
31588.01,0.7317048
31590.0,0.6753076
31592.01,0.6189104
31594.02,0.5697136
31596.0,0.5245958
31598.01,0.484312
31599.992,0.4456396
31602.0,0.4085282
31604.01,0.3754955
31606.02,0.3472969
31608.0,0.3199038
31610.01,0.2941222
31612.02,0.2715632
31614.0,0.2514214
31616.01,0.2296681
31618.0,0.2135545
31620.0,0.196585
31622.01,0.18047144
31624.02,0.16516368
31626.0,0.15388416
31628.01,0.14341032
31629.992,0.1313252
31632.0,0.12326848
31634.01,0.1127947
31636.0,0.10715492
31638.0,0.09668114
31640.01,0.09023572
31642.02,0.08298464
31644.0,0.08298464
31646.01,0.07170516
31647.992,0.06606544
31650.0,0.06284276
31652.01,0.05639736
31654.0,0.05317464
31656.0,0.04914626
31658.01,0.04511786
31660.02,0.04350652
31662.0,0.04028382
31664.01,0.03786679
31666.0,0.03625542
31668.01,0.03222704
31670.01,0.03222704
31672.0,0.03222704
31674.0,0.03142138
31675.992,0.11198896
31678.02,0.3763011
31680.0,0.6180542
31682.01,0.8389102
31684.0,1.0403796
31686.01,1.2256852
31688.01,1.3949276
31690.0,1.5528904
31692.0,1.695546
31693.992,1.82526
31696.02,1.9445492
31698.01,2.054927
31700.01,2.158104
31702.0,2.251562
31704.01,2.3313752
31706.01,2.413554
31708.0,2.486921
31710.0,2.556209
31711.992,2.614217
31714.02,2.66981
31716.01,2.719811
31718.01,2.767346
31720.0,2.810853
31722.0,2.8511376
31724.01,2.885781
31726.0,2.92128
31728.01,2.952703
31729.992,2.980095
31732.02,3.005877
31734.01,3.0260184
31736.01,3.051801
31738.0,3.072749
31740.0,3.09289
31742.01,3.108248
31744.0,3.124361
31746.01,3.138863
31747.992,3.151755
31750.02,3.160617
31752.01,3.175119
31754.01,3.187204
31756.0,3.195261
31758.0,3.205736
31760.01,3.211375
31762.0,3.221043
31764.01,3.226683
31765.992,3.233128
31768.0,3.239573
31770.01,3.245214
31772.01,3.250048
31774.0,3.254076
31776.01,3.255687
31778.02,3.261327
31780.0,3.261327
31782.01,3.268578
31783.992,3.272606
31786.0,3.275024
31788.01,3.278246
31790.01,3.280663
31792.0,3.281469
31794.01,3.279052
31796.02,3.284691
31798.0,3.287109
31800.01,3.049384
31801.992,2.798768
31804.0,2.568294
31806.01,2.358768
31808.02,2.169384
31810.0,1.9920848
31812.01,1.829288
31814.02,1.681043
31816.0,1.543222
31818.01,1.419098
31820.0,1.303886
31822.0,1.1966808
31824.01,1.0999996
31826.02,1.012937
31828.0,0.9291462
31830.01,0.8566352
31831.992,0.7872966
31834.0,0.7236482
31836.01,0.6664454
31838.0,0.6148316
31840.0,0.5648798
31842.01,0.5205676
31844.02,0.4778667
31846.0,0.4416113
31848.01,0.4044998
31849.992,0.3722726
31852.01,0.3424627
31854.01,0.314264
31856.0,0.2917052
31858.0,0.2691461
31860.01,0.247393
31862.02,0.2296681
31864.0,0.2143602
31866.01,0.1925566
31868.0,0.17886016
31870.01,0.1675806
31872.01,0.15307848
31874.0,0.139382
31876.0,0.13051952
31877.992,0.12165708
31880.02,0.11198896
31882.0,0.1039322
31884.01,0.09668114
31886.0,0.0878187
31888.01,0.082179
31890.01,0.07653924
31892.0,0.07170516
31894.0,0.06606544
31895.992,0.06203707
31898.02,0.05639736
31900.01,0.0539803
31902.01,0.04914626
31904.0,0.04672923
31906.01,0.04189516
31908.01,0.04270084
31910.0,0.03786679
31912.0,0.03544975
31913.992,0.03303272
31916.02,0.03142138
31918.01,0.02819868
31920.01,0.02819868
31922.0,0.1450217
31924.0,0.4093339
31926.01,0.644692
31928.0,0.8614692
31930.01,1.061327
31931.992,1.2450716
31934.02,1.412652
31936.01,1.5690036
31938.01,1.711659
31940.0,1.838956
31942.0,1.958247
31944.01,2.067869
31946.0,2.169384
31948.01,2.261231
31949.992,2.345071
31952.02,2.423223
31954.01,2.4941716
31956.01,2.560237
31958.0,2.619051
31960.0,2.673032
31962.02,2.725451
31964.0,2.774598
31966.01,2.817298
31967.992,2.856777
31970.0,2.893082
31972.01,2.92692
31974.01,2.959954
31976.0,2.984124
31978.01,3.010711
31980.02,3.034075
31982.0,3.056635
31984.01,3.077583
31985.992,3.094551
31988.0,3.111471
31990.01,3.127584
31992.01,3.142892
31994.0,3.153366
31996.01,3.165451
31998.02,3.178342
32000.0,3.189621
32002.01,3.19929
32003.992,3.208152
32006.0,3.214598
32008.01,3.224265
32010.02,3.228294
32012.0,3.231516
32014.01,3.239573
32015.992,3.24602
32018.0,3.250048
32020.01,3.256493
32022.0,3.259715
32024.0,3.262133
32026.01,3.266161
32028.02,3.2718
32030.0,3.272606
32032.01,3.275024
32033.992,3.278246
32036.0,3.279857
32038.01,3.282275
32040.0,3.283885
32042.0,3.281469
32044.01,3.286303
32046.02,3.017962
32048.0,2.7689576
32050.01,2.540096
32052.0,2.333792
32054.01,2.144408
32056.01,1.970332
32058.0,1.809952
32060.0,1.6633184
32062.01,1.5279148
32064.02,1.40379
32066.0,1.287773
32068.01,1.1854016
32070.0,1.0887204
32072.01,1.0008512
32074.01,0.9218948
32076.0,0.8493842
32078.0,0.776823
32079.992,0.7180086
32082.02,0.6583886
32084.0,0.6075808
32086.01,0.55924
32088.0,0.5157336
32090.01,0.4730325
32092.01,0.4359714
32094.0,0.4004715
32096.0,0.3706614
32097.992,0.3416571
32100.02,0.314264
32102.01,0.2892881
32104.01,0.2659236
32106.0,0.24497592
32108.01,0.2272511
32110.01,0.2095261
32112.0,0.19336224
32114.0,0.1772488
32115.992,0.1627466
32118.02,0.15227284
32120.01,0.14018764
32122.01,0.13293656
32124.0,0.1192401
32126.0,0.1111833
32128.01,0.10312654
32130.0,0.0950698
32132.01,0.0878187
32133.992,0.082179
32136.02,0.07653924
32138.01,0.07009382
32140.01,0.06525976
32142.0,0.0612314
32144.0,0.05559165
32146.01,0.05156327
32148.0,0.0475349
32150.01,0.04592355
32151.992,0.04511786
32154.02,0.03947813
32156.01,0.03706112
32158.01,0.03706112
32160.0,0.03303272
32162.01,0.03142138
32164.02,0.029004348
32166.0,0.02658732
32168.01,0.17966576
32169.992,0.4383886
32172.0,0.6712794
32174.01,0.8928906
32176.01,1.0871092
32178.0,1.270048
32180.01,1.434406
32182.02,1.5835064
32184.0,1.7245496
32186.01,1.8550692
32187.992,1.97436
32190.0,2.083176
32192.01,2.181469
32194.01,2.27095
32196.0,2.355545
32198.01,2.426445
32200.02,2.502228
32202.0,2.568294
32204.01,2.627109
32205.992,2.681945
32208.0,2.731897
32210.01,2.780238
32212.02,2.816492
32214.0,2.859194
32216.01,2.896305
32217.992,2.928532
32220.0,2.959954
32222.01,2.986541
32224.0,3.013934
32226.0,3.034881
32228.01,3.057441
32230.02,3.077583
32232.0,3.094551
32234.01,3.112276
32235.992,3.129196
32238.0,3.142087
32240.01,3.154172
32242.0,3.165451
32244.0,3.177536
32246.01,3.188815
32248.02,3.198485
32250.0,3.207346
32252.01,3.215403
32254.0,3.221849
32256.01,3.228294
32258.01,3.231516
32260.0,3.239573
32262.0,3.24602
32263.992,3.251659
32266.02,3.255687
32268.0,3.258105
32270.01,3.262133
32272.0,3.26455
32274.01,3.267772
32276.01,3.2718
32278.0,3.275024
32280.0,3.278246
32281.992,3.279857
32284.02,3.282275
32286.01,3.284691
32288.01,3.284691
32290.0,3.255687
32292.01,2.987347
32294.01,2.740759
32296.0,2.515925
32298.0,2.311233
32299.992,2.12346
32302.02,1.9501892
32304.01,1.7906152
32306.01,1.6463488
32308.0,1.511801
32310.01,1.390094
32312.01,1.2781044
32314.0,1.1725104
32316.0,1.0782464
32317.992,0.9944058
32320.02,0.9130326
32322.01,0.8389102
32324.01,0.771183
32326.0,0.7075348
32328.0,0.6511374
32330.01,0.601135
32332.0,0.5527948
32334.01,0.5108994
32335.992,0.4690042
32338.02,0.4327487
32340.01,0.3972487
32342.01,0.3642159
32344.0,0.3360173
32346.0,0.3102357
32348.01,0.284454
32350.0,0.2635064
32352.01,0.24336452
32353.992,0.22322264
32356.02,0.20630344
32358.01,0.1909453
32360.01,0.17644308
32362.0,0.16355224
32364.01,0.14824448
32366.02,0.1377706
32368.0,0.1289082
32370.01,0.1192401
32371.992,0.11037764
32374.0,0.1047379
32376.01,0.09265276
32378.01,0.0878187
32380.0,0.08056764
32382.01,0.07573358
32384.02,0.07009382
32386.0,0.06525976
32388.01,0.05962004
32389.992,0.05559165
32392.0,0.05236894
32394.01,0.04834056
32396.02,0.04511786
32398.0,0.04270084
32400.01,0.03947813
32402.02,0.03786679
32404.0,0.03464409
32406.01,0.03464409
32408.0,0.02981002
32410.0,0.02739299
32412.01,0.02658732
32414.02,0.21194324
32416.0,0.4665872
32418.01,0.6986724
32419.992,0.9090044
32422.0,1.109668
32424.01,1.2909952
32426.0,1.4537924
32428.0,1.6044536
32430.01,1.7438856
32432.02,1.871233
32434.0,1.9848332
32436.01,2.094455
32437.992,2.191137
32440.0,2.282229
32442.01,2.365213
32444.0,2.43853
32446.0,2.511091
32448.01,2.57474
32450.02,2.63436
32452.0,2.68839
32454.01,2.736731
32456.0,2.783461
32458.01,2.826161
32460.01,2.867251
32462.0,2.900334
32464.0,2.93256
32465.992,2.959148
32468.02,2.988959
32470.0,3.015545
32472.01,3.039716
32474.0,3.062274
32476.01,3.079193
32478.01,3.097775
32480.0,3.113888
32482.0,3.127584
32483.992,3.142892
32486.02,3.157395
32488.01,3.170286
32490.01,3.179953
32492.0,3.192845
32494.01,3.19929
32496.01,3.211375
32498.0,3.214598
32500.0,3.22346
32501.992,3.2299052
32504.02,3.23635
32506.01,3.243602
32508.01,3.24602
32510.0,3.250048
32512.01,3.2532708
32514.01,3.258105
32516.0,3.263744
32518.01,3.268578
32519.992,3.2709952
32522.02,3.273412
32524.01,3.275829
32526.01,3.2718
32528.0,3.279052
32530.0,3.282275
32532.01,3.283885
32534.0,3.287109
32536.01,3.222655
32537.992,2.956731
32540.02,2.711754
32542.01,2.489337
32544.01,2.287063
32546.0,2.100901
32548.0,1.928436
32550.01,1.772085
32552.0,1.628624
32554.01,1.4964936
32555.992,1.3699516
32558.02,1.2636024
32560.01,1.161231
32562.01,1.0677724
32564.0,0.983932
32566.01,0.9025592
32568.02,0.8316592
32570.0,0.764738
32572.01,0.7035064
32573.992,0.6471092
32576.0,0.593884
32578.01,0.5479606
32580.01,0.5036484
32582.0,0.4633645
32584.01,0.4279148
32586.02,0.3891919
32588.0,0.3609933
32590.01,0.331989
32591.992,0.3062074
32594.0,0.2820371
32596.01,0.2602838
32598.02,0.2409475
32600.0,0.22322264
32602.01,0.2022247
32604.02,0.1893339
32606.0,0.17644308
32608.01,0.1619409
32610.0,0.1490501
32612.0,0.1377706
32614.01,0.1289082
32616.02,0.11843436
32618.0,0.10957196
32620.01,0.09990386
32621.992,0.09345846
32624.0,0.08620734
32626.01,0.07653924
32628.0,0.07492788
32630.0,0.06928818
32632.01,0.06687112
32634.02,0.05962004
32636.0,0.05881435
32638.01,0.05156327
32639.992,0.04834056
32642.01,0.04592355
32644.01,0.04189516
32646.0,0.03867246
32648.0,0.03706112
32650.01,0.03383841
32652.02,0.03303272
32654.0,0.03142138
32656.01,0.029004348
32658.0,0.02255893
32660.01,0.24255884
32662.01,0.4963972
32664.0,0.7260652
32666.0,0.9380084
32667.992,1.1314212
32670.02,1.311137
32672.0,1.4731284
32674.01,1.6237904
32676.0,1.757583
32678.01,1.8841236
32680.01,2.000947
32682.0,2.105735
32684.0,2.200805
32685.992,2.293508
32688.02,2.374076
32690.01,2.448199
32692.01,2.513507
32694.0,2.586019
32696.01,2.641611
32698.01,2.695641
32700.0,2.743982
32702.0,2.788294
32703.992,2.83019
32706.02,2.868057
32708.01,2.904362
32710.01,2.93659
32712.0,2.967204
32714.0,2.993792
32716.01,3.019574
32718.0,3.040522
32720.01,3.062274
32721.992,3.079999
32724.02,3.100997
32726.01,3.117111
32728.01,3.132418
32730.0,3.14531
32732.0,3.157395
32734.01,3.16948
32736.0,3.180759
32738.01,3.190427
32739.992,3.200901
32742.02,3.208958
32744.01,3.217821
32746.01,3.224265
32748.0,3.2299052
32750.0,3.23474
32752.02,3.241185
32754.0,3.2476308
32756.01,3.252465
32757.992,3.256493
32760.02,3.262133
32762.01,3.263744
32764.01,3.266967
32766.0,3.269384
32768.0,3.273412
32770.02,3.2718
32772.0,3.279052
32774.0,3.281469
32776.0,3.285497
32778.0,3.283885
32780.0,3.287109
32782.02,3.186399
32784.0,2.922086
32786.0,2.681945
32788.02,2.461894
32790.0,2.263648
32792.0,2.078342
32794.0,1.907489
32796.0,1.7543604
32798.0,1.611705
32800.02,1.4803796
32802.0,1.361089
32804.0,1.250711
32806.02,1.149146
32808.0,1.057299
32810.0,0.9726524
32812.0,0.8928906
32814.0,0.8211352
32816.0,0.7590982
32818.02,0.6938382
32820.0,0.6390522
32822.0,0.5882444
32824.0,0.5423208
32826.0,0.4972029
32828.0,0.4593362
32830.0,0.4230805
32832.0,0.3875806
32834.0,0.3585762
32836.02,0.3311832
32838.0,0.3037904
32840.0,0.27962
32842.0,0.2618951
32844.0,0.23772484
32846.0,0.22
32848.0,0.201419
32850.0,0.1877226
32852.0,0.1724147
32854.02,0.1587182
32856.0,0.14824448
32858.0,0.13615924
32860.0,0.1264912
32862.0,0.11682304
32864.0,0.10957196
32866.0,0.09909816
32868.0,0.0918471
32869.99,0.08540166
32872.02,0.08056764
32874.0,0.0708995
32876.0,0.07170516
32878.0,0.0644541
32880.0,0.05962004
32882.0,0.05478598
32884.0,0.05156327
32886.0,0.04672923
32887.99,0.0443122
32890.02,0.04189516
32892.0,0.03786679
32894.0,0.03706112
32896.0,0.03544975
32898.0,0.03222704
32900.0,0.0306157
32902.0,0.02819868
32904.0,0.02658732
32905.99,0.2763974
32908.02,0.5286244
32910.0,0.754264
32912.0,0.96379
32914.0,1.153174
32916.0,1.3272508
32918.0,1.490853
32920.0,1.636681
32922.0,1.773696
32923.99,1.9018496
32926.02,2.013838
32928.0,2.119432
32930.0,2.214503
32932.0,2.303981
32934.0,2.382939
32936.02,2.458672
32938.0,2.527205
32940.0,2.590047
32941.99,2.647251
32944.02,2.702087
32946.0,2.749622
32948.0,2.793128
32950.0,2.83583
32952.0,2.874502
32954.02,2.90839
32956.0,2.939812
32958.0,2.969621
32959.99,2.995404
32962.0,3.020379
32964.0,3.043744
32966.02,3.066303
32968.0,3.0848332
32970.0,3.103414
32972.02,3.117916
32974.0,3.133224
32976.0,3.146921
32978.0,3.160617
32980.0,3.171896
32982.0,3.180759
32984.02,3.192845
32986.0,3.201707
32988.0,3.209764
32990.02,3.217015
32992.0,3.225071
32994.0,3.230711
32996.0,3.237156
32998.0,3.243602
33000.0,3.249242
33002.02,3.250854
33004.0,3.256493
33006.0,3.259715
33008.02,3.26455
33010.0,3.268578
33012.0,3.2709952
33014.0,3.274218
33016.0,3.276635
33018.0,3.27744
33020.02,3.276635
33022.0,3.281469
33024.0,3.284691
33026.0,3.28872
33028.0,3.154172
33030.0,2.8955
33032.0,2.65853
33034.0,2.439336
33036.0,2.237867
33038.02,2.056539
33040.0,1.8897636
33042.0,1.7366344
33044.0,1.5955916
33046.0,1.465877
33048.0,1.349004
33050.0,1.238626
33052.0,1.138672
33054.0,1.0460192
33056.02,0.9613732
33058.0,0.8840284
33060.0,0.813884
33062.0,0.7502356
33064.0,0.689004
33066.0,0.6334124
33068.0,0.5826044
33070.0,0.5374866
33071.99,0.494786
33074.02,0.4553079
33076.0,0.4206635
33078.0,0.3843578
33080.0,0.3561592
33082.0,0.3271548
33084.0,0.3005676
33086.0,0.277203
33088.0,0.2562554
33089.99,0.2353078
33092.02,0.2191943
33094.0,0.2006134
33096.0,0.1877226
33098.0,0.17080332
33100.0,0.1587182
33102.0,0.1458274
33104.0,0.1345479
33106.0,0.12568552
33107.99,0.11601738
33110.02,0.1079606
33112.0,0.0982925
33114.0,0.09265276
33116.0,0.084596
33118.0,0.07895626
33120.02,0.07170516
33122.0,0.06848246
33124.0,0.0644541
33125.99,0.0604257
33128.02,0.0539803
33130.0,0.0507576
33132.0,0.04672923
33134.0,0.0410895
33136.0,0.04028382
33138.02,0.03786679
33140.0,0.03625542
33142.0,0.03464409
33143.99,0.03303272
33146.02,0.029004348
33148.0,0.02819868
33150.0,0.04028382
33152.0,0.307013
33154.0,0.5536004
33156.02,0.7784342
33158.0,0.989572
33160.0,1.1765388
33161.99,1.3538376
33164.0,1.511801
33166.0,1.6600952
33168.02,1.7938376
33170.0,1.91474
33172.0,2.026729
33174.02,2.133934
33176.0,2.227393
33178.0,2.315262
33180.0,2.395024
33182.0,2.46834
33184.0,2.5352616
33186.02,2.598104
33188.0,2.654501
33190.0,2.707726
33192.02,2.755261
33194.0,2.8044076
33196.0,2.843081
33198.0,2.8809468
33200.0,2.915641
33202.0,2.945451
33204.02,2.974455
33206.0,3.001849
33208.0,3.02199
33210.0,3.046161
33212.0,3.067914
33214.0,3.088056
33216.0,3.105026
33218.0,3.121139
33220.0,3.134835
33222.02,3.148532
33224.0,3.162229
33226.0,3.171896
33228.0,3.183175
33230.0,3.194456
33232.0,3.200901
33234.0,3.211375
33236.0,3.217821
33238.0,3.221043
33240.02,3.2299052
33242.0,3.238768
33244.0,3.243602
33246.0,3.248436
33248.0,3.252465
33250.0,3.257299
33252.0,3.259715
33254.0,3.262133
33256.0,3.268578
33258.02,3.2718
33260.0,3.275024
33262.0,3.278246
33264.0,3.281469
33266.0,3.28308
33268.0,3.284691
33270.0,3.282275
33272.0,3.287109
33273.99,3.120333
33276.02,2.864833
33278.0,2.628721
33280.0,2.413554
33282.0,2.217725
33284.0,2.0355916
33286.0,1.8704272
33288.0,1.71891
33290.0,1.579478
33291.99,1.4505692
33294.02,1.333696
33296.0,1.2248796
33298.0,1.126587
33300.0,1.0331284
33302.0,0.9533166
33304.0,0.8783884
33306.0,0.8058272
33308.0,0.7413732
33309.99,0.6809472
33312.02,0.626967
33314.0,0.5769646
33316.0,0.5302356
33318.0,0.4891463
33320.0,0.4512796
33322.02,0.4142182
33324.0,0.3819409
33326.0,0.3513252
33327.99,0.3215152
33330.02,0.2965392
33332.0,0.2739803
33334.0,0.2530327
33336.0,0.23289076
33338.0,0.2151659
33340.02,0.1981963
33342.0,0.1853055
33344.0,0.17080332
33345.99,0.1554955
33348.02,0.144216
33350.0,0.1345479
33352.02,0.1248798
33354.0,0.1152117
33356.0,0.10554354
33358.02,0.0982925
33360.0,0.0910414
33362.0,0.0837903
33363.99,0.0773449
33366.0,0.0708995
33368.0,0.06767682
33370.02,0.06284276
33372.0,0.05800869
33374.0,0.05478598
33376.02,0.05156327
33378.0,0.0475349
33380.0,0.04270084
33382.0,0.0410895
33384.0,0.04028382
33386.0,0.03544975
33388.02,0.03383841
33390.0,0.03222704
33392.0,0.029004348
33394.02,0.025781632
33396.0,0.0708995
33398.0,0.3384343
33400.0,0.584216
33402.0,0.8066328
33404.0,1.012131
33406.02,1.199098
33408.0,1.3747856
33410.0,1.527109
33412.0,1.6745976
33414.0,1.807535
33416.0,1.929242
33418.0,2.038814
33420.0,2.143602
33422.0,2.240283
33424.02,2.322513
33426.0,2.4022748
33428.0,2.476447
33430.0,2.543318
33432.0,2.602938
33434.0,2.660141
33436.0,2.710948
33438.0,2.760901
33440.0,2.803603
33442.02,2.843887
33444.0,2.884976
33446.0,2.916447
33448.0,2.947869
33450.0,2.976873
33452.0,3.002654
33454.0,3.023602
33456.0,3.049384
33458.0,3.070331
33460.02,3.090474
33462.0,3.106636
33464.0,3.121945
33466.0,3.136446
33468.0,3.149338
33470.0,3.163034
33472.0,3.174314
33474.0,3.183981
33475.99,3.196067
33478.02,3.204124
33480.0,3.211375
33482.0,3.217015
33484.0,3.225071
33486.0,3.233128
33488.0,3.237962
33490.0,3.244408
33492.0,3.251659
33493.99,3.254076
33496.02,3.258105
33498.0,3.258911
33500.0,3.26455
33502.0,3.269384
33504.0,3.2709952
33506.0,3.274218
33508.0,3.27744
33510.0,3.278246
33511.99,3.279857
33514.02,3.281469
33516.0,3.284691
33518.0,3.286303
33520.0,3.088862
33522.0,2.83583
33524.02,2.602938
33526.0,2.39019
33528.0,2.199999
33529.99,2.01545
33532.02,1.8526524
33534.0,1.7011852
33536.0,1.563364
33538.0,1.4368224
33540.0,1.32
33542.02,1.2127944
33544.0,1.1161132
33546.0,1.024216
33547.99,0.9428424
33550.02,0.866303
33552.0,0.7969648
33554.02,0.7341222
33556.0,0.6736964
33558.0,0.6213272
33560.02,0.5713252
33562.0,0.527013
33564.0,0.484312
33566.0,0.442417
33568.0,0.4126069
33570.0,0.3779124
33572.02,0.3472969
33574.0,0.3271548
33576.0,0.2981506
33578.02,0.272369
33580.0,0.2506158
33582.0,0.2304737
33584.0,0.2135545
33586.0,0.196585
33588.0,0.1828885
33590.02,0.1675806
33592.0,0.15066144
33594.0,0.14341032
33596.02,0.13374224
33598.0,0.1224628
33600.0,0.11198896
33602.0,0.1039322
33604.0,0.0982925
33606.0,0.0910414
33608.02,0.08298464
33610.0,0.07815058
33612.0,0.07251084
33614.0,0.06848246
33616.0,0.06284276
33618.0,0.05881435
33620.0,0.05236894
33622.0,0.04995193
33624.0,0.0475349
33626.02,0.04028382
33628.0,0.04028382
33630.0,0.03786679
33632.0,0.03625542
33634.0,0.0306157
33636.0,0.03464409
33638.0,0.02819868
33640.0,0.02739299
33642.0,0.10554354
33644.02,0.3682443
33646.0,0.6108032
33648.0,0.8308536
33650.0,1.032323
33652.0,1.2200456
33654.0,1.391705
33656.0,1.545639
33658.0,1.6907108
33659.99,1.8212316
33662.02,1.941327
33664.0,2.050093
33666.0,2.155687
33668.0,2.247534
33670.0,2.332986
33672.0,2.410331
33674.0,2.483698
33676.0,2.549763
33677.99,2.619051
33680.02,2.667392
33682.0,2.7182
33684.0,2.766541
33686.0,2.8100476
33688.0,2.850332
33690.0,2.884976
33692.0,2.922892
33694.0,2.947063
33695.99,2.979289
33698.02,3.006683
33700.0,3.030047
33702.0,3.052607
33704.0,3.072749
33706.0,3.091278
33708.0,3.107442
33710.0,3.123556
33712.0,3.138863
33713.99,3.151755
33716.02,3.165451
33718.0,3.175925
33720.0,3.186399
33722.0,3.200096
33724.0,3.201707
33726.02,3.212986
33728.0,3.221043
33730.0,3.228294
33731.99,3.232322
33734.02,3.239573
33736.0,3.243602
33738.0,3.248436
33740.0,3.254076
33742.0,3.259715
33744.02,3.262939
33746.0,3.265355
33748.0,3.268578
33749.99,3.2718
33752.02,3.266967
33754.0,3.276635
33756.02,3.279052
33758.0,3.28308
33760.0,3.283885
33762.02,3.286303
33764.0,3.287109
33766.0,3.058246
33768.0,2.806019
33770.0,2.573934
33772.0,2.363602
33774.02,2.172607
33776.0,1.9904736
33778.0,1.831705
33780.02,1.68346
33782.0,1.543222
33784.0,1.421515
33786.0,1.3071084
33788.0,1.1999036
33790.0,1.1032224
33792.02,1.014548
33794.0,0.9347856
33796.0,0.8582464
33798.02,0.7897136
33800.0,0.7268708
33802.0,0.6680566
33804.0,0.6156374
33806.0,0.566491
33808.0,0.5213732
33810.02,0.479478
33812.0,0.4383886
33814.0,0.4061112
33816.0,0.3738841
33818.0,0.3456854
33820.0,0.3182924
33822.0,0.2925108
33824.0,0.2683405
33826.0,0.24900424
33828.02,0.23127948
33830.0,0.21033176
33832.0,0.1949736
33834.0,0.1812771
33836.0,0.1659693
33838.0,0.15307848
33840.0,0.1426047
33842.0,0.12568552
33844.0,0.1208514
33846.02,0.1127947
33848.0,0.10554354
33850.0,0.0974868
33852.0,0.08943008
33854.0,0.082179
33856.0,0.07653924
33858.0,0.0708995
33860.0,0.06606544
33861.99,0.06203707
33864.02,0.05881435
33866.0,0.05236894
33868.0,0.04995193
33870.0,0.04592355
33872.0,0.03867246
33874.0,0.03867246
33876.0,0.03786679
33878.0,0.03625542
33879.99,0.03222704
33882.02,0.03142138
33884.0,0.02981002
33886.0,0.02739299
33888.0,0.139382
33890.0,0.3996658
33892.0,0.6398578
33894.0,0.859858
33896.0,1.059716
33897.99,1.2434604
33900.02,1.4102356
33902.0,1.5649756
33904.0,1.707631
33906.0,1.83815
33908.0,1.956635
33910.02,2.067063
33912.0,2.167773
33914.0,2.258814
33915.99,2.34346
33918.02,2.417583
33920.0,2.494977
33922.0,2.558626
33924.0,2.6182452
33926.0,2.675449
33928.02,2.724645
33930.0,2.771374
33932.0,2.814076
33933.99,2.85436
33936.02,2.890665
33938.0,2.92692
33940.0,2.9551192
33942.0,2.983318
33944.0,3.005877
33946.02,3.031659
33948.0,3.053413
33950.0,3.075165
33951.99,3.093696
33954.02,3.110665
33956.0,3.125973
33958.02,3.140476
33960.0,3.152561
33962.0,3.164646
33964.02,3.1767308
33966.0,3.18801
33968.0,3.198485
33970.0,3.206541
33972.0,3.213792
33974.0,3.218626
33976.02,3.225877
33978.0,3.233128
33980.0,3.238768
33982.02,3.243602
33984.0,3.250048
33986.0,3.261327
33988.0,3.258911
33990.0,3.262133
33992.0,3.262939
33994.02,3.269384
33996.0,3.273412
33998.0,3.274218
34000.02,3.278246
34002.0,3.279857
34004.0,3.282275
34006.0,3.279052
34008.0,3.284691
34010.0,3.287109
34012.02,3.025214
34014.0,2.776208
34016.0,2.548958
34018.0,2.336209
34020.0,2.150853
34022.0,1.9751656
34024.0,1.812369
34026.0,1.666541
34028.0,1.529526
34030.02,1.4070128
34032.0,1.292607
34034.0,1.1878188
34036.0,1.092749
34038.0,1.0056856
34040.0,0.924312
34042.0,0.8493842
34044.0,0.7816568
34046.0,0.722037
34048.02,0.6608056
34050.0,0.6083864
34052.0,0.5624626
34054.0,0.5157336
34056.0,0.4722268
34058.0,0.4367773
34060.0,0.4012771
34062.0,0.3698557
34063.99,0.3416571
34066.02,0.3150697
34068.0,0.286871
34070.0,0.2659236
34072.0,0.2465873
34074.0,0.2264454
34076.0,0.2095261
34078.0,0.19416792
34080.0,0.17966576
34081.99,0.1611353
34084.02,0.15146716
34086.0,0.1409933
34088.0,0.13051952
34090.0,0.1192401
34092.0,0.11440604
34094.0,0.1023209
34096.0,0.0910414
34098.0,0.0878187
34099.99,0.0813733
34102.02,0.07573358
34104.0,0.0708995
34106.0,0.06525976
34108.0,0.0604257
34110.0,0.05559165
34112.02,0.05236894
34114.0,0.05156327
34116.0,0.04511786
34117.99,0.04270084
34120.02,0.04028382
34122.0,0.03786679
34124.0,0.03383841
34126.0,0.03222704
34128.0,0.03142138
34130.02,0.02819868
34132.0,0.02739299
34134.0,0.171609
34135.99,0.4303318
34138.02,0.6656396
34140.0,0.8808056
34142.0,1.073412
34144.0,1.261991
34146.0,1.429572
34148.02,1.5827004
34150.0,1.7245496
34152.0,1.851847
34153.99,1.969526
34156.0,2.079954
34158.0,2.178247
34160.02,2.270144
34162.0,2.353128
34164.0,2.430474
34166.02,2.501422
34168.0,2.565876
34170.0,2.625498
34172.0,2.679477
34174.0,2.727868
34176.0,2.777014
34178.02,2.819716
34180.0,2.858388
34182.0,2.893888
34184.02,2.927726
34186.0,2.956731
34188.0,2.985735
34190.0,3.012323
34192.0,3.035687
34194.0,3.055829
34196.02,3.077583
34198.0,3.095357
34200.0,3.113888
34202.02,3.127584
34204.0,3.142087
34206.0,3.154977
34208.0,3.167062
34210.0,3.178342
34212.0,3.18801
34214.02,3.196873
34216.0,3.202513
34218.0,3.213792
34220.0,3.221849
34222.0,3.2299052
34224.0,3.233128
34226.0,3.241185
34228.0,3.245214
34230.0,3.254076
34232.02,3.2532708
34234.0,3.258911
34236.0,3.263744
34238.0,3.267772
34240.0,3.27019
34242.0,3.2718
34244.0,3.274218
34246.0,3.278246
34248.0,3.279857
34250.02,3.28308
34252.0,3.283885
34254.0,3.287109
34256.0,3.265355
34258.0,2.992987
34260.0,2.747204
34262.0,2.523982
34264.0,2.316873
34265.99,2.128294
34268.02,1.9534128
34270.0,1.795449
34272.0,1.6504276
34274.0,1.5158292
34276.0,1.391705
34278.0,1.281327
34280.0,1.1765388
34282.0,1.080664
34283.99,0.9952114
34286.02,0.9154496
34288.0,0.8421326
34290.0,0.7727946
34292.0,0.7115632
34294.0,0.6551658
34296.0,0.6019408
34298.0,0.554406
34300.0,0.5092882
34301.99,0.4706156
34304.02,0.4319431
34306.0,0.3980543
34308.0,0.3650216
34310.0,0.3384343
34312.0,0.311847
34314.02,0.2852596
34316.0,0.2635064
34318.0,0.2457816
34319.99,0.2296681
34322.02,0.20630344
34324.0,0.1901396
34326.0,0.17644308
34328.0,0.15952384
34330.0,0.15146716
34332.02,0.139382
34334.0,0.12971384
34336.0,0.12004576
34337.99,0.11198896
34340.02,0.10312654
34342.0,0.09587548
34344.02,0.0878187
34346.0,0.0813733
34348.0,0.07573358
34350.02,0.07331654
34352.0,0.06606544
34354.0,0.0604257
34355.99,0.05559165
34358.0,0.05236894
34360.0,0.04995193
34362.02,0.04511786
34364.0,0.04189516
34366.0,0.0410895
34368.02,0.03706112
34370.0,0.03383841
34372.0,0.03222704
34374.0,0.03142138
34376.0,0.02981002
34378.0,0.02739299
34380.02,0.1998077
34382.0,0.4593362
34384.0,0.694644
34386.02,0.9057816
34388.0,1.104028
34390.0,1.2861616
34392.0,1.4505692
34394.0,1.6012312
34396.0,1.7366344
34398.02,1.866399
34400.0,1.984028
34402.0,2.0920384
34404.02,2.191137
34406.0,2.283035
34408.0,2.363602
34410.0,2.437724
34412.0,2.509479
34414.0,2.573129
34416.02,2.631943
34418.0,2.686778
34420.0,2.736731
34422.0,2.781849
34424.0,2.822132
34426.0,2.862417
34428.0,2.899528
34430.0,2.933366
34432.0,2.963176
34434.02,2.992181
34436.0,3.015545
34438.0,3.03891
34440.0,3.059858
34442.0,3.079193
34444.0,3.096163
34446.0,3.114693
34448.0,3.130001
34450.0,3.142892
34452.02,3.155783
34454.0,3.167062
34456.0,3.179147
34458.0,3.188815
34460.0,3.196873
34462.0,3.208152
34464.0,3.216209
34466.0,3.22346
34467.99,3.2299052
34470.02,3.23474
34472.0,3.239573
34474.0,3.248436
34476.0,3.251659
34478.0,3.256493
34480.0,3.259715
34482.0,3.262133
34484.0,3.266161
34485.99,3.267772
34488.02,3.273412
34490.0,3.275829
34492.0,3.281469
34494.0,3.280663
34496.0,3.28308
34498.0,3.283885
34500.0,3.284691
34502.0,3.226683
34503.99,2.961564
34506.02,2.7157824
34508.0,2.495783
34510.0,2.293508
34512.0,2.105735
34514.0,1.9324644
34516.02,1.776113
34518.0,1.627819
34520.0,1.4964936
34521.99,1.378008
34524.02,1.2660196
34526.0,1.162037
34528.0,1.0701896
34530.0,0.983932
34532.0,0.904976
34534.02,0.8332704
34536.0,0.7655436
34538.0,0.7035064
34539.99,0.6471092
34542.02,0.5963012
34544.0,0.5487662
34546.02,0.5044542
34548.0,0.4649759
34550.0,0.4246921
34552.02,0.394026
34554.0,0.3617989
34556.0,0.3336003
34558.0,0.3086243
34560.0,0.284454
34562.0,0.2602838
34564.02,0.2409475
34566.0,0.22241696
34568.0,0.2054474
34570.02,0.1893339
34572.0,0.1748318
34574.0,0.1611353
34576.0,0.15146716
34578.0,0.1345479
34580.0,0.1272968
34582.02,0.1176287
34584.0,0.1111833
34586.0,0.09990386
34588.02,0.09345846
34590.0,0.0886244
34592.0,0.07815058
34594.0,0.07412224
34596.0,0.06848246
34598.0,0.0644541
34600.02,0.05881435
34602.0,0.05559165
34604.0,0.05156327
34606.0,0.04189516
34608.0,0.04511786
34610.0,0.04350652
34612.0,0.03947813
34614.0,0.03706112
34616.0,0.03464409
34618.02,0.03222704
34620.0,0.03222704
34622.0,0.02739299
34624.0,0.02739299
34626.0,0.2353078
34628.0,0.4899519
34630.0,0.722037
34632.0,0.9331744
34634.0,1.12417
34636.02,1.306303
34638.0,1.467489
34640.0,1.6173444
34642.0,1.757583
34644.0,1.881707
34646.0,1.9969184
34648.0,2.104123
34650.0,2.202417
34652.0,2.28948
34654.02,2.37327
34656.0,2.448199
34658.0,2.518341
34660.0,2.581186
34662.0,2.64
34664.0,2.693224
34666.0,2.741565
34668.0,2.787489
34669.99,2.83019
34672.02,2.867251
34674.0,2.903556
34676.0,2.93659
34678.0,2.964788
34680.0,2.992181
34682.0,3.017157
34684.0,3.042939
34686.0,3.06308
34687.99,3.080805
34690.02,3.09858
34692.0,3.116305
34694.0,3.131612
34696.0,3.144504
34698.0,3.158201
34700.02,3.170286
34702.0,3.181565
34704.0,3.192039
34705.99,3.200901
34708.02,3.208152
34710.0,3.217821
34712.0,3.22346
34714.0,3.230711
34716.0,3.235545
34718.02,3.242797
34720.0,3.2476308
34722.0,3.251659
34723.99,3.249242
34726.02,3.258911
34728.0,3.262939
34730.0,3.266967
34732.0,3.27019
34734.0,3.273412
34736.02,3.275024
34738.0,3.27744
34740.0,3.280663
34741.99,3.283885
34744.02,3.283885
34746.0,3.287914
34748.02,3.195261
34750.0,2.93256
34752.0,2.690002
34754.02,2.470757
34756.0,2.269338
34758.0,2.084788
34760.0,1.9131284
34762.0,1.759194
34764.0,1.6141216
34766.02,1.484408
34768.0,1.366729
34770.0,1.2547396
34772.02,1.1523684
34774.0,1.0589104
34776.0,0.9742638
34778.0,0.8961132
34780.0,0.8243578
34782.0,0.7599038
34784.02,0.701895
34786.0,0.642275
34788.0,0.5906612
34790.02,0.5439324
34792.0,0.5004256
34794.0,0.4609474
34796.0,0.4246921
34798.0,0.3899975
34800.0,0.359382
34802.02,0.3311832
34804.0,0.3054016
34806.0,0.2812313
34808.0,0.259478
34810.0,0.2393362
34812.0,0.22
34814.0,0.2030304
34816.0,0.1869169
34818.0,0.1756374
34820.02,0.16032952
34822.0,0.14824448
34824.0,0.13615924
34826.0,0.1272968
34828.0,0.11360036
34830.0,0.1127947
34832.0,0.09990386
34834.0,0.0910414
34836.0,0.084596
34838.02,0.07976194
34840.0,0.07331654
34842.0,0.06606544
34844.0,0.06284276
34846.0,0.0604257
34848.0,0.0539803
34850.0,0.0507576
34852.0,0.0475349
34853.99,0.04511786
34856.02,0.04270084
34858.0,0.03867246
34860.0,0.03706112
34862.0,0.03464409
34864.0,0.0306157
34866.0,0.029004348
34868.0,0.02739299
34870.0,0.025781632
34871.99,0.2683405
34874.02,0.5221788
34876.0,0.7462074
34878.0,0.9573448
34880.0,1.1499516
34882.0,1.3280564
34884.0,1.4860192
34886.0,1.636681
34888.0,1.772085
34889.99,1.894597
34892.02,2.00981
34894.0,2.115404
34896.0,2.214503
34898.0,2.300759
34900.0,2.382133
34902.02,2.45706
34904.0,2.523177
34906.0,2.587631
34907.99,2.647251
34910.02,2.698863
34912.0,2.74801
34914.0,2.793934
34916.0,2.834218
34918.0,2.870473
34920.02,2.90839
34922.0,2.939812
34924.0,2.96801
34925.99,2.9962092
34928.02,3.021185
34930.0,3.04455
34932.0,3.06308
34934.0,3.086444
34936.0,3.101803
34938.02,3.117916
34940.0,3.133224
34942.0,3.146921
34943.99,3.1590052
34946.02,3.170286
34948.0,3.181565
34950.02,3.18801
34952.0,3.200901
34954.0,3.209764
34956.02,3.218626
34958.0,3.224265
34960.0,3.231516
34962.0,3.23635
34964.0,3.238768
34966.0,3.246826
34968.02,3.251659
34970.0,3.257299
34972.0,3.261327
34974.02,3.26455
34976.0,3.267772
34978.0,3.27019
34980.0,3.275024
34982.0,3.275829
34984.0,3.279857
34986.02,3.282275
34988.0,3.282275
34990.0,3.284691
34992.02,3.287914
34994.0,3.159811
34996.0,2.899528
34998.0,2.660947
35000.0,2.4433648
35002.0,2.244312
35004.02,2.060567
35006.0,1.893792
35008.0,1.7398576
35010.0,1.5980084
35012.0,1.4691
35014.0,1.350615
35016.0,1.2410432
35018.0,1.143506
35020.0,1.0484364
35022.02,0.9645956
35024.0,0.8864452
35026.0,0.813884
35028.0,0.74943
35030.0,0.68981
35032.0,0.6342184
35034.0,0.584216
35036.0,0.5382922
35038.0,0.4939802
35040.02,0.4577248
35042.0,0.4190522
35044.0,0.3851636
35046.0,0.3553536
35048.0,0.3287663
35050.0,0.2965392
35052.0,0.2780088
35054.0,0.2546441
35055.99,0.23691908
35058.02,0.21758284
35060.0,0.1998077
35062.0,0.1853055
35064.0,0.17080332
35066.0,0.16032952
35068.0,0.1458274
35070.0,0.13615924
35072.0,0.1264912
35073.99,0.11601738
35076.02,0.10634928
35078.0,0.09668114
35080.0,0.0918471
35082.0,0.08620734
35084.0,0.07895626
35086.0,0.07251084
35088.0,0.06767682
35090.0,0.0636484
35091.99,0.05720302
35094.02,0.05478598
35096.0,0.0507576
35098.0,0.04672923
35100.0,0.04511786
35102.0,0.04270084
35104.02,0.03947813
35106.0,0.03544975
35108.0,0.03383841
35109.99,0.03222704
35112.02,0.029004348
35114.0,0.02739299
35116.0,0.02819868
35118.0,0.3013732
35120.0,0.551183
35122.02,0.776823
35124.0,0.9799038
35126.0,1.170899
35127.99,1.3473928
35130.02,1.5053556
35132.0,1.6536504
35134.02,1.7922264
35136.0,1.9131284
35138.0,2.024312
35140.02,2.128294
35142.0,2.22417
35144.0,2.310427
35145.99,2.391801
35148.02,2.465117
35150.0,2.53365
35152.02,2.596493
35154.0,2.654501
35156.0,2.704503
35158.02,2.75365
35160.0,2.797963
35162.0,2.838247
35164.0,2.876918
35166.0,2.911613
35168.0,2.94384
35170.02,2.972039
35172.0,3.000238
35174.0,3.022796
35176.02,3.046161
35178.0,3.0671084
35180.0,3.08725
35182.0,3.102608
35184.0,3.121139
35186.0,3.134835
35188.02,3.151755
35190.0,3.159811
35192.0,3.172702
35194.02,3.182371
35196.0,3.193651
35198.0,3.202513
35200.0,3.21057
35202.0,3.218626
35204.0,3.224265
35206.02,3.231516
35208.0,3.238768
35210.0,3.244408
35212.0,3.249242
35214.0,3.2532708
35216.0,3.256493
35218.0,3.263744
35220.0,3.26455
35222.0,3.267772
35224.02,3.273412
35226.0,3.274218
35228.0,3.27744
35230.0,3.279052
35232.0,3.279052
35234.0,3.286303
35236.0,3.284691
35238.0,3.287914
35240.0,3.127584
35242.02,2.867251
35244.0,2.635166
35246.0,2.42
35248.0,2.229004
35250.0,2.040426
35252.0,1.8744556
35254.0,1.723744
35256.0,1.5827004
35257.99,1.4570148
35260.02,1.336919
35262.0,1.2272964
35264.0,1.1298096
35266.0,1.0379624
35268.0,0.9525106
35270.0,0.8767772
35272.0,0.8066328
35274.0,0.7421788
35275.99,0.6849756
35278.02,0.6285782
35280.0,0.5785762
35282.0,0.5334584
35284.0,0.4915632
35286.0,0.4512796
35288.0,0.4150238
35290.0,0.3827466
35292.0,0.3513252
35293.99,0.3239322
35296.02,0.2973448
35298.0,0.2763974
35300.0,0.2546441
35302.0,0.2336964
35304.0,0.21597156
35306.02,0.1998077
35308.0,0.1877226
35310.0,0.16999768
35311.99,0.1579125
35314.02,0.144216
35316.0,0.13293656
35318.0,0.12326848
35320.0,0.1152117
35322.0,0.10554354
35324.02,0.1015152
35326.0,0.0910414
35328.0,0.0878187
35329.99,0.07815058
35332.02,0.0708995
35334.0,0.06687112
35336.02,0.06203707
35338.0,0.05881435
35340.0,0.05317464
35342.02,0.0507576
35344.0,0.04834056
35346.0,0.04350652
35348.0,0.04189516
35350.02,0.03867246
35352.0,0.03625542
35354.02,0.03383841
35356.0,0.03142138
35358.0,0.02981002
35360.02,0.02819868
35362.0,0.0644541
35364.0,0.3303776
35366.0,0.5777704
35368.0,0.7993818
35370.0,1.00488
35372.02,1.1934584
35374.0,1.369146
35376.0,1.524692
35378.02,1.6697636
35380.0,1.802701
35382.0,1.9236024
35384.0,2.034786
35386.0,2.140379
35388.0,2.233838
35390.02,2.321707
35392.0,2.400663
35394.0,2.474785
35396.02,2.53929
35398.0,2.599716
35400.0,2.6593352
35402.0,2.710143
35404.0,2.759289
35406.0,2.8044076
35408.02,2.841469
35410.0,2.880142
35412.0,2.9140292
35414.0,2.943035
35416.0,2.974455
35418.0,3.002654
35420.0,3.025214
35422.0,3.050995
35424.0,3.06872
35426.02,3.088862
35428.0,3.1058316
35430.0,3.120333
35432.0,3.137252
35434.0,3.151755
35436.0,3.163034
35438.0,3.173508
35440.0,3.184787
35442.0,3.193651
35444.02,3.20493
35446.0,3.211375
35448.0,3.219431
35450.0,3.225877
35452.0,3.233128
35454.0,3.237962
35456.0,3.243602
35458.0,3.245214
35459.99,3.250854
35462.02,3.258105
35464.0,3.262133
35466.0,3.266161
35468.0,3.269384
35470.0,3.2709952
35472.0,3.274218
35474.0,3.2718
35476.0,3.27744
35477.99,3.281469
35480.02,3.284691
35482.0,3.285497
35484.0,3.287109
35486.0,3.095357
35488.0,2.837441
35490.0,2.606966
35492.0,2.390995
35494.0,2.199193
35495.99,2.018672
35498.02,1.854264
35500.0,1.7060196
35502.0,1.5649756
35504.0,1.4392396
35506.0,1.3232224
35508.02,1.2136004
35510.0,1.1177248
35512.0,1.0274384
35513.99,0.9452594
35516.02,0.8695258
35518.0,0.8001876
35520.0,0.7357334
35522.0,0.6761132
35524.0,0.622133
35526.02,0.573742
35528.0,0.5286244
35530.0,0.4859233
35531.99,0.4464453
35534.02,0.4085282
35536.0,0.3787182
35538.02,0.3481025
35540.0,0.3215152
35542.0,0.2941222
35544.02,0.2731746
35546.0,0.2514214
35548.0,0.2296681
35550.0,0.2135545
35552.0,0.19739064
35554.0,0.1820828
35556.02,0.169192
35558.0,0.1554955
35560.0,0.14341032
35562.02,0.13374224
35564.0,0.1281025
35566.0,0.11682304
35568.0,0.10312654
35570.0,0.0982925
35572.0,0.09023572
35574.02,0.08298464
35576.0,0.07573358
35578.0,0.07251084
35580.02,0.06606544
35582.0,0.0604257
35584.0,0.05881435
35586.0,0.05317464
35588.0,0.04995193
35590.0,0.0475349
35592.02,0.04592355
35594.0,0.03786679
35596.0,0.03786679
35598.02,0.03706112
35600.0,0.03383841
35602.0,0.03142138
35604.0,0.029004348
35606.0,0.02739299
35608.0,0.09668114
35610.02,0.3626047
35612.0,0.6059692
35614.0,0.8268252
35616.0,1.032323
35618.0,1.2160176
35620.0,1.3876764
35622.0,1.5424168
35624.0,1.685071
35626.0,1.81962
35628.02,1.9389096
35630.0,2.050093
35632.0,2.154076
35634.0,2.246729
35636.0,2.3313752
35638.0,2.410331
35640.0,2.482087
35642.0,2.548958
35644.0,2.610995
35646.02,2.667392
35648.0,2.7182
35650.0,2.763317
35652.0,2.807631
35654.0,2.847915
35656.0,2.88417
35658.0,2.918864
35660.0,2.950285
35661.99,2.979289
35664.02,3.005877
35666.0,3.029242
35668.0,3.050995
35670.0,3.071943
35672.0,3.091278
35674.0,3.106636
35676.0,3.124361
35678.0,3.138863
35679.99,3.150949
35682.02,3.162229
35684.0,3.175925
35686.0,3.185593
35688.0,3.195261
35690.0,3.205736
35692.02,3.212986
35694.0,3.22346
35696.0,3.226683
35697.99,3.232322
35700.02,3.239573
35702.0,3.243602
35704.0,3.250854
35706.0,3.254076
35708.0,3.258105
35710.02,3.259715
35712.0,3.265355
35714.0,3.266967
35715.99,3.2709952
35718.02,3.276635
35720.0,3.27744
35722.0,3.279052
35724.0,3.282275
35726.0,3.28308
35728.02,3.284691
35730.0,3.287109
35732.0,3.06308
35733.99,2.8100476
35736.02,2.58038
35738.0,2.369242
35740.02,2.176635
35742.0,1.994502
35744.0,1.835733
35746.02,1.6882936
35748.0,1.548862
35750.0,1.4255436
35752.0,1.311137
35754.0,1.2023208
35756.0,1.104834
35758.02,1.016965
35760.0,0.936397
35762.0,0.8590522
35764.02,0.791325
35766.0,0.7276764
35768.0,0.6688622
35770.0,0.616443
35772.0,0.5681024
35774.0,0.5229844
35776.02,0.4810894
35778.0,0.442417
35780.0,0.4061112
35782.02,0.3746899
35784.0,0.3448797
35786.0,0.3182924
35788.0,0.2933164
35790.0,0.269952
35792.0,0.24900424
35794.02,0.2304737
35796.0,0.21033176
35798.0,0.1957793
35800.0,0.1812771
35802.0,0.1675806
35804.0,0.15388416
35806.0,0.141799
35808.0,0.1321309
35810.0,0.12165708
35812.02,0.11198896
35814.0,0.1039322
35816.0,0.0974868
35818.0,0.0878187
35820.0,0.082179
35822.0,0.07653924
35824.0,0.0708995
35826.0,0.06525976
35828.0,0.06525976
35830.02,0.05720302
35832.0,0.05236894
35834.0,0.04834056
35836.0,0.04672923
35838.0,0.04350652
35840.0,0.03947813
35842.0,0.04028382
35844.0,0.03464409
35846.0,0.03303272
35848.02,0.029004348
35850.0,0.02819868
35852.0,0.02739299
35854.0,0.1313252
35856.0,0.394026
35858.0,0.6326068
35860.0,0.8518012
35862.0,1.051659
35863.99,1.2434604
35866.02,1.4062072
35868.0,1.5617524
35870.0,1.7052136
35872.0,1.8349276
35874.0,1.9501892
35876.0,2.064646
35878.0,2.1685784
35880.0,2.255591
35881.99,2.341043
35884.02,2.419195
35886.0,2.490143
35888.0,2.55782
35890.0,2.616635
35892.0,2.672226
35894.02,2.7182
35896.0,2.770569
35898.0,2.814076
35899.99,2.853554
35902.02,2.88986
35904.0,2.923698
35906.0,2.954314
35908.0,2.980901
35910.0,3.008294
35912.02,3.032464
35914.0,3.055024
35916.0,3.075165
35917.99,3.094551
35920.02,3.109054
35922.0,3.123556
35924.02,3.138058
35926.0,3.152561
35928.0,3.165451
35930.02,3.1767308
35932.0,3.187204
35934.0,3.197679
35935.99,3.204124
35938.02,3.213792
35940.0,3.220237
35942.02,3.228294
35944.0,3.239573
35946.0,3.239573
35948.02,3.245214
35950.0,3.249242
35952.0,3.2532708
35954.0,3.257299
35956.0,3.261327
35958.0,3.266161
35960.02,3.267772
35962.0,3.272606
35964.0,3.274218
35966.02,3.276635
35968.0,3.279052
35970.0,3.282275
35972.0,3.28308
35974.0,3.285497
35976.0,3.28872
35978.02,3.032464
35980.0,2.782655
35982.0,2.556209
35984.02,2.345877
35986.0,2.154881
35988.0,1.9783884
35990.0,1.8188144
35992.0,1.668152
35994.0,1.5335544
35996.02,1.411041
35998.0,1.2982468
36000.0,1.190236
36002.0,1.095166
36004.0,1.0064916
36006.0,0.9259234
36008.0,0.8534124
36010.0,0.784074
36012.0,0.7196198
36014.02,0.6632226
36016.0,0.6108032
36018.0,0.5608514
36020.0,0.5165392
36022.0,0.4762554
36024.0,0.4391942
36026.0,0.4061112
36028.0,0.371467
36030.0,0.3416571
36032.02,0.3150697
36034.0,0.2884824
36036.0,0.2675348
36038.0,0.2465873
36040.0,0.2272511
36042.0,0.20872048
36044.0,0.19416792
36046.0,0.17886016
36047.99,0.164358
36050.02,0.15227284
36052.0,0.1409933
36054.0,0.1313252
36056.0,0.12165708
36058.0,0.1127947
36060.0,0.1039322
36062.0,0.09587548
36064.0,0.0886244
36065.99,0.07815058
36068.02,0.07412224
36070.0,0.0708995
36072.0,0.06687112
36074.0,0.0604257
36076.0,0.05800869
36078.0,0.05478598
36080.0,0.04995193
36082.0,0.04672923
36083.99,0.04189516
36086.02,0.04028382
36088.0,0.03786679
36090.0,0.03222704
36092.0,0.03706112
36094.0,0.0306157
36096.02,0.029004348
36098.0,0.02739299
36100.0,0.16516368
36101.99,0.4230805
36104.02,0.66
36106.0,0.8783884
36108.0,1.076635
36110.0,1.2611852
36112.0,1.4263492
36114.02,1.578672
36116.0,1.71891
36118.0,1.847818
36119.99,1.967109
36122.02,2.076731
36124.0,2.175829
36126.02,2.268482
36128.0,2.351517
36130.0,2.427251
36132.02,2.4941716
36134.0,2.564266
36136.0,2.626303
36138.0,2.679477
36140.02,2.731091
36142.0,2.777014
36144.02,2.818104
36146.0,2.856777
36148.0,2.893082
36150.02,2.92692
36152.0,2.958342
36154.0,2.988153
36156.0,3.013129
36158.0,3.0372992
36160.0,3.059858
36162.02,3.077583
36164.0,3.096163
36166.0,3.112276
36168.02,3.127584
36170.0,3.142892
36172.0,3.154977
36174.0,3.167062
36176.0,3.179147
36178.0,3.188815
36180.02,3.198485
36182.0,3.200901
36184.0,3.216209
36186.02,3.222655
36188.0,3.230711
36190.0,3.237156
36192.0,3.243602
36194.0,3.244408
36196.0,3.251659
36198.02,3.256493
36200.0,3.258911
36202.0,3.262939
36204.0,3.266161
36206.0,3.27019
36208.0,3.272606
36210.0,3.275829
36212.0,3.27744
36214.0,3.280663
36216.02,3.280663
36218.0,3.282275
36220.0,3.285497
36222.0,3.2709952
36224.0,2.999432
36226.0,2.752844
36228.0,2.527205
36230.0,2.321707
36232.0,2.133129
36234.02,1.958247
36236.0,1.799478
36238.0,1.6536504
36240.0,1.518247
36242.0,1.396539
36244.0,1.283744
36246.0,1.1797616
36248.0,1.084692
36249.99,0.996017
36252.02,0.919478
36254.0,0.8421326
36256.0,0.776823
36258.0,0.7131746
36260.0,0.6559716
36262.0,0.6035522
36264.0,0.556823
36266.0,0.5076766
36267.99,0.4698098
36270.02,0.437583
36272.0,0.3980543
36274.0,0.3666331
36276.0,0.3360173
36278.0,0.311847
36280.0,0.286871
36282.0,0.2659236
36284.0,0.24336452
36285.99,0.2248341
36288.02,0.2071091
36290.0,0.1925566
36292.0,0.17644308
36294.0,0.16355224
36296.0,0.1546898
36298.02,0.139382
36300.0,0.1289082
36302.0,0.1192401
36303.99,0.11037764
36306.02,0.1007095
36308.0,0.0942641
36310.0,0.0878187
36312.0,0.0813733
36314.0,0.07492788
36316.02,0.06848246
36318.0,0.06525976
36320.0,0.05881435
36321.99,0.05559165
36324.02,0.05156327
36326.0,0.05156327
36328.02,0.04672923
36330.0,0.04270084
36332.0,0.03867246
36334.02,0.03706112
36336.0,0.03464409
36338.0,0.03303272
36340.0,0.02981002
36342.02,0.02739299
36344.0,0.02819868
36346.02,0.199002
36348.0,0.4545022
36350.0,0.689004
36352.02,0.9025592
36354.0,1.0983884
36356.0,1.2756876
36358.0,1.443268
36360.0,1.596397
36362.0,1.7366344
36364.02,1.863982
36366.0,1.980805
36368.0,2.088816
36370.02,2.187108
36372.0,2.277395
36374.0,2.363602
36376.0,2.435308
36378.0,2.508674
36380.0,2.572323
36382.02,2.631137
36384.0,2.681089
36386.0,2.731897
36388.02,2.779433
36390.0,2.822938
36392.0,2.8632224
36394.0,2.898722
36396.0,2.930949
36398.0,2.9607592
36400.02,2.988959
36402.0,3.009905
36404.0,3.0372992
36406.0,3.059052
36408.0,3.078388
36410.0,3.096969
36412.0,3.113888
36414.0,3.130001
36416.0,3.142892
36418.02,3.154977
36420.0,3.168674
36422.0,3.179953
36424.0,3.18801
36426.0,3.200096
36428.0,3.206541
36430.0,3.214598
36432.0,3.220237
36434.0,3.230711
36436.02,3.23635
36438.0,3.241185
36440.0,3.246826
36442.0,3.251659
36444.0,3.251659
36446.0,3.255687
36448.0,3.262939
36450.0,3.266161
36451.99,3.2709952
36454.02,3.273412
36456.0,3.275024
36458.0,3.27744
36460.0,3.279052
36462.0,3.282275
36464.0,3.284691
36466.0,3.285497
36468.0,3.235545
36469.99,2.96801
36472.02,2.723839
36474.0,2.500617
36476.0,2.29673
36478.0,2.111375
36480.0,1.9372984
36482.02,1.78417
36484.0,1.6342636
36486.0,1.5029384
36487.99,1.3828424
36490.02,1.269242
36492.0,1.1636484
36494.0,1.0726068
36496.0,0.9855436
36498.0,0.9065874
36500.02,0.8332704
36502.0,0.7703774
36504.0,0.7051178
36505.99,0.6487204
36508.02,0.5979124
36510.0,0.5495718
36512.0,0.5060654
36514.0,0.4673928
36516.0,0.4295261
36518.02,0.3972487
36520.0,0.3682443
36522.0,0.3352117
36523.99,0.30943
36526.02,0.2812313
36528.0,0.2627007
36530.02,0.2409475
36532.0,0.2216113
36534.0,0.2054474
36536.02,0.1909453
36538.0,0.1748318
36540.0,0.1619409
36542.0,0.1490501
36544.02,0.1377706
36546.0,0.1281025
36548.02,0.11843436
36550.0,0.1111833
36552.0,0.1015152
36554.02,0.0942641
36556.0,0.08620734
36558.0,0.07976194
36560.0,0.07492788
36562.0,0.06928818
36564.0,0.06284276
36566.02,0.0612314
36568.0,0.05800869
36570.0,0.05236894
36572.02,0.04834056
36574.0,0.0443122
36576.0,0.04028382
36578.0,0.04028382
36580.0,0.03706112
36582.0,0.03544975
36584.02,0.02981002
36586.0,0.02981002
36588.0,0.029004348
36590.02,0.02658732
36592.0,0.2264454
36594.0,0.4827008
36596.0,0.7155916
36598.0,0.9283404
36600.0,1.121753
36602.02,1.302275
36604.0,1.465877
36606.0,1.6149276
36608.0,1.7535544
36610.0,1.8776784
36612.0,1.99289
36614.0,2.100901
36616.0,2.201611
36618.0,2.28948
36620.02,2.370048
36622.0,2.445781
36624.0,2.512702
36626.0,2.576352
36628.0,2.636777
36630.0,2.691613
36632.0,2.740759
36634.0,2.7891
36636.0,2.8277724
36638.02,2.866445
36640.0,2.901139
36642.0,2.933366
36644.0,2.964788
36646.0,2.992181
36648.0,3.017962
36650.0,3.041328
36652.0,3.062274
36653.99,3.081611
36656.02,3.09858
36658.0,3.114693
36660.0,3.130806
36662.0,3.14531
36664.0,3.158201
36666.0,3.16948
36668.0,3.180759
36670.0,3.189621
36671.99,3.200901
36674.02,3.206541
36676.0,3.216209
36678.0,3.22346
36680.0,3.230711
36682.0,3.23474
36684.02,3.242797
36686.0,3.246826
36688.0,3.250854
36689.99,3.256493
36692.02,3.260521
36694.0,3.261327
36696.0,3.266161
36698.0,3.27019
36700.0,3.2718
36702.02,3.275024
36704.0,3.278246
36706.0,3.279857
36707.99,3.28308
36710.02,3.284691
36712.0,3.287109
36714.0,3.201707
36716.0,2.941423
36718.0,2.695641
36720.02,2.475642
36722.0,2.273366
36724.0,2.08801
36725.99,1.9179628
36728.02,1.762417
36730.0,1.61815
36732.02,1.491659
36734.0,1.36834
36736.0,1.2579624
36738.02,1.153174
36740.0,1.060522
36742.0,0.975875
36744.0,0.8977244
36746.0,0.8260194
36748.0,0.7582924
36750.02,0.6986724
36752.0,0.6454976
36754.0,0.5922728
36756.02,0.5439324
36758.0,0.5020372
36760.0,0.4625589
36762.0,0.4206635
36764.0,0.3899975
36766.0,0.3601876
36768.02,0.331989
36770.0,0.3086243
36772.0,0.2804257
36774.02,0.2586724
36776.0,0.23691908
36778.0,0.22
36780.0,0.2038361
36782.0,0.1877226
36784.0,0.1740261
36786.02,0.1611353
36788.0,0.1490501
36790.0,0.13696492
36792.02,0.12326848
36794.0,0.11682304
36796.0,0.10876628
36798.0,0.09909816
36800.0,0.0950698
36802.0,0.08540166
36804.02,0.07895626
36806.0,0.07412224
36808.0,0.06848246
36810.0,0.06284276
36812.0,0.0604257
36814.0,0.05478598
36816.0,0.05236894
36818.0,0.04914626
36820.0,0.04511786
36822.02,0.04189516
36824.0,0.03947813
36826.0,0.03625542
36828.0,0.03625542
36830.0,0.03222704
36832.0,0.0306157
36834.0,0.0306157
36836.0,0.025781632
36838.02,0.2635064
36840.02,0.5165392
36842.0,0.7445958
36844.0,0.9557334
36846.0,1.1467288
36848.0,1.3232224
36850.0,1.4827964
36852.0,1.631847
36854.0,1.771279
36855.99,1.894597
36858.02,2.008199
36860.0,2.116209
36862.0,2.211279
36864.0,2.298342
36866.0,2.379716
36868.0,2.454644
36870.0,2.524788
36872.0,2.587631
36873.99,2.644834
36876.02,2.697253
36878.0,2.747204
36880.0,2.795546
36882.0,2.831802
36884.0,2.870473
36886.02,2.905167
36888.0,2.939812
36890.0,2.968816
36891.99,2.994598
36894.02,3.019574
36896.0,3.042133
36898.0,3.06308
36900.0,3.084028
36902.0,3.101803
36904.02,3.117916
36906.0,3.132418
36908.0,3.14531
36909.99,3.154977
36912.02,3.16948
36914.0,3.181565
36916.02,3.192845
36918.0,3.201707
36920.0,3.208958
36922.02,3.216209
36924.0,3.224265
36926.0,3.227488
36928.0,3.23635
36930.02,3.243602
36932.0,3.248436
36934.02,3.254076
36936.0,3.257299
36938.0,3.259715
36940.02,3.266967
36942.0,3.266967
36944.0,3.269384
36946.0,3.273412
36948.0,3.275829
36950.0,3.278246
36952.02,3.280663
36954.0,3.281469
36956.0,3.284691
36958.02,3.286303
36960.0,3.167062
36962.0,2.906779
36964.0,2.667392
36966.0,2.449809
36968.0,2.247534
36970.02,2.064646
36972.0,1.8962084
36974.0,1.7422744
36976.02,1.6020368
36978.0,1.4715172
36980.0,1.3538376
36982.0,1.2482944
36984.0,1.143506
36986.0,1.0524648
36988.02,0.966207
36990.0,0.8880566
36992.0,0.8211352
36994.0,0.7518468
36996.0,0.6922268
36998.0,0.6366352
37000.0,0.5866328
37002.0,0.5390978
37004.0,0.4963972
37006.02,0.4585305
37008.0,0.4190522
37010.0,0.3859692
37012.0,0.3561592
37014.0,0.3287663
37016.0,0.2989562
37018.0,0.27962
37020.0,0.2554497
37022.0,0.23691908
37024.02,0.2191943
37026.0,0.1998077
37028.0,0.1853055
37030.0,0.1683863
37032.0,0.15952384
37034.0,0.1458274
37036.0,0.13535364
37038.0,0.12568552
37040.02,0.1152117
37042.02,0.10634928
37044.0,0.0974868
37046.0,0.09265276
37048.0,0.084596
37050.0,0.07895626
37052.0,0.07331654
37054.0,0.06767682
37056.0,0.06203707
37057.99,0.05962004
37060.02,0.05478598
37062.0,0.0507576
37064.0,0.04834056
37066.0,0.04592355
37068.0,0.04270084
37070.0,0.03786679
37072.0,0.03706112
37074.0,0.03383841
37075.99,0.029004348
37078.02,0.02981002
37080.0,0.029004348
37082.0,0.025781632
37084.0,0.2941222
37086.0,0.5431264
37088.02,0.7679604
37090.0,0.971041
37092.0,1.1644536
37093.99,1.3425584
37096.02,1.502133
37098.0,1.6520388
37100.0,1.784975
37102.0,1.906683
37104.0,2.019478
37106.02,2.124266
37108.0,2.220142
37110.0,2.309621
37111.99,2.390995
37114.02,2.461894
37116.0,2.531233
37118.02,2.594076
37120.0,2.650473
37122.0,2.702892
37124.02,2.75365
37126.0,2.800379
37128.0,2.838247
37130.0,2.875307
37132.02,2.910807
37134.0,2.940618
37136.02,2.967204
37138.0,2.99782
37140.0,3.023602
37142.02,3.046161
37144.0,3.0671084
37146.0,3.085639
37148.0,3.102608
37150.0,3.117916
37152.0,3.13403
37154.02,3.147726
37156.0,3.161423
37158.0,3.175119
37160.02,3.183981
37162.0,3.193651
37164.0,3.200901
37166.0,3.208958
37168.0,3.217821
37170.0,3.225071
37172.02,3.232322
37174.0,3.238768
37176.0,3.243602
37178.02,3.2476308
37180.0,3.2532708
37182.0,3.256493
37184.0,3.259715
37186.0,3.265355
37188.0,3.268578
37190.02,3.2718
37192.0,3.273412
37194.0,3.278246
37196.0,3.278246
37198.0,3.280663
37200.0,3.28308
37202.0,3.285497
37204.0,3.287109
37206.0,3.134835
37208.02,2.876918
37210.0,2.641611
37212.0,2.424834
37214.0,2.227393
37216.0,2.044454
37218.0,1.87929
37220.0,1.726161
37222.0,1.5867288
37224.0,1.461849
37226.02,1.336113
37228.0,1.2297136
37230.0,1.1314212
37232.0,1.043602
37234.0,0.956539
37236.0,0.8791944
37238.0,0.80905
37240.0,0.74379
37242.02,0.6849756
37244.02,0.629384
37246.0,0.5801876
37248.0,0.5358754
37250.0,0.4907576
37252.0,0.4528908
37254.0,0.4174409
37256.0,0.3843578
37258.0,0.3521308
37259.99,0.3255436
37262.02,0.2989562
37264.0,0.2755915
37266.0,0.2546441
37268.0,0.2361134
37270.0,0.2167772
37272.02,0.1998077
37274.0,0.1836942
37276.0,0.1748318
37277.99,0.1587182
37280.02,0.14663308
37282.0,0.13374224
37284.0,0.12407414
37286.0,0.11360036
37288.0,0.10634928
37290.02,0.0974868
37292.0,0.09023572
37294.0,0.084596
37295.99,0.0773449
37298.02,0.07251084
37300.0,0.06767682
37302.0,0.06284276
37304.0,0.05881435
37306.0,0.05317464
37308.02,0.0507576
37310.0,0.0475349
37312.0,0.04350652
37313.99,0.0410895
37316.02,0.03947813
37318.0,0.03544975
37320.02,0.03303272
37322.0,0.03142138
37324.0,0.02981002
37326.02,0.02658732
37328.0,0.05478598
37330.0,0.3263492
37332.0,0.5713252
37334.02,0.796159
37336.0,1.0032684
37338.02,1.190236
37340.0,1.364312
37342.0,1.5238864
37344.02,1.6673468
37346.0,1.799478
37348.0,1.921185
37350.0,2.034786
37352.0,2.139573
37354.0,2.233033
37356.02,2.320095
37358.0,2.398246
37360.0,2.472369
37362.02,2.53929
37364.0,2.603744
37366.0,2.65853
37368.0,2.710143
37370.0,2.759289
37372.0,2.801991
37374.02,2.836635
37376.0,2.881752
37378.0,2.915641
37380.02,2.945451
37382.0,2.976067
37384.0,3.00346
37386.0,3.024408
37388.0,3.047773
37390.0,3.06872
37392.02,3.08725
37394.0,3.1058316
37396.0,3.12275
37398.0,3.137252
37400.0,3.150144
37402.0,3.161423
37404.0,3.178342
37406.0,3.183175
37408.0,3.195261
37410.02,3.202513
37412.0,3.2121808
37414.0,3.220237
37416.0,3.225877
37418.0,3.232322
37420.0,3.232322
37422.0,3.244408
37424.0,3.250854
37426.0,3.2532708
37428.02,3.258105
37430.0,3.262133
37432.0,3.266161
37434.0,3.262939
37436.0,3.269384
37438.0,3.272606
37440.0,3.276635
37442.0,3.279052
37443.99,3.28308
37446.02,3.28308
37448.0,3.284691
37450.0,3.28308
37452.0,3.100997
37454.0,2.8454976
37456.0,2.611801
37458.0,2.398246
37460.0,2.204028
37461.99,2.022701
37464.02,1.8623708
37466.0,1.708436
37468.0,1.5690036
37470.0,1.4424624
37472.0,1.324028
37474.02,1.220851
37476.0,1.1185304
37478.0,1.02905
37479.99,0.9476762
37482.02,0.8727484
37484.0,0.8001876
37486.0,0.7357334
37488.0,0.6777246
37490.0,0.6237444
37492.02,0.5705194
37494.0,0.534264
37496.0,0.4875347
37497.99,0.4472509
37500.02,0.4134126
37502.0,0.3803295
37504.0,0.3497138
37506.0,0.3223209
37508.0,0.2957336
37510.02,0.2715632
37512.0,0.2514214
37514.0,0.23289076
37515.99,0.2135545
37518.02,0.1981963
37520.0,0.1836942
37522.02,0.1683863
37524.0,0.16032952
37526.0,0.1426047
37528.02,0.13374224
37530.0,0.12326848
37532.0,0.11360036
37534.0,0.1039322
37536.02,0.0974868
37538.0,0.09023572
37540.02,0.084596
37542.0,0.07815058
37544.0,0.07251084
37546.02,0.06606544
37548.0,0.06284276
37550.0,0.0612314
37552.0,0.05478598
37554.0,0.04592355
37556.0,0.04592355
37558.02,0.0443122
37560.0,0.03947813
37562.0,0.03786679
37564.02,0.03464409
37566.0,0.03222704
37568.0,0.0306157
37570.0,0.03142138
37572.0,0.02739299
37574.0,0.0918471
37576.02,0.3577706
37578.0,0.6019408
37580.0,0.8227464
37582.02,1.0250216
37584.0,1.205543
37586.0,1.381231
37588.0,1.5375824
37590.0,1.685071
37592.0,1.8163976
37594.02,1.9356872
37596.0,2.046871
37598.0,2.149242
37600.0,2.240283
37602.0,2.328958
37604.0,2.409525
37606.0,2.481281
37608.0,2.548958
37610.0,2.608578
37612.02,2.664976
37614.0,2.714977
37616.0,2.763317
37618.0,2.807631
37620.0,2.847109
37622.0,2.884976
37624.0,2.918864
37626.0,2.948675
37628.0,2.977678
37630.02,3.00346
37632.0,3.028436
37634.0,3.050995
37636.0,3.071943
37638.0,3.091278
37640.0,3.107442
37642.0,3.125167
37644.0,3.134835
37645.99,3.150949
37648.02,3.16384
37650.0,3.175925
37652.0,3.185593
37654.0,3.196067
37656.0,3.20493
37658.0,3.211375
37660.0,3.219431
37662.0,3.225877
37663.99,3.233128
37666.02,3.239573
37668.0,3.245214
37670.0,3.249242
37672.0,3.252465
37674.0,3.257299
37676.02,3.261327
37678.0,3.265355
37680.0,3.267772
37681.99,3.27019
37684.02,3.274218
37686.0,3.278246
37688.0,3.279052
37690.0,3.279857
37692.0,3.282275
37694.02,3.285497
37696.0,3.28872
37698.0,3.070331
37699.99,2.817298
37702.02,2.587631
37704.0,2.370048
37706.02,2.182275
37708.0,2.001752
37710.0,1.841373
37712.02,1.6915168
37714.0,1.5528904
37716.0,1.428766
37717.99,1.311137
37720.02,1.203126
37722.0,1.1080568
37724.02,1.0185764
37726.0,0.9380084
37728.0,0.8614692
37730.02,0.7921308
37732.0,0.7325106
37734.0,0.6712794
37736.0,0.6172486
37738.02,0.568908
37740.0,0.5213732
37742.02,0.4786724
37744.0,0.442417
37746.0,0.4069169
37748.02,0.3754955
37750.0,0.3432684
37752.0,0.3199038
37754.0,0.2933164
37756.0,0.2707576
37758.0,0.24900424
37760.02,0.23127948
37762.0,0.2127489
37764.0,0.19175096
37766.02,0.1812771
37768.0,0.1675806
37770.0,0.15388416
37772.0,0.14341032
37774.0,0.13293656
37776.0,0.12568552
37778.02,0.1127947
37780.0,0.1047379
37782.0,0.09668114
37784.02,0.0878187
37786.0,0.08298464
37788.0,0.07653924
37790.0,0.07170516
37792.0,0.06687112
37794.0,0.0612314
37796.02,0.05881435
37798.0,0.05317464
37800.0,0.05236894
37802.0,0.04672923
37804.0,0.04350652
37806.0,0.04028382
37808.0,0.03867246
37810.0,0.03706112
37812.0,0.03303272
37814.02,0.03142138
37816.0,0.02981002
37818.0,0.02819868
37820.0,0.1281025
37822.0,0.386775
37824.0,0.622133
37826.0,0.8445498
37828.0,1.0484364
37830.02,1.2321308
37832.02,1.4029844
37834.0,1.556919
37836.0,1.697963
37838.0,1.8300936
37840.0,1.943744
37842.0,2.058956
37844.0,2.162134
37846.0,2.256397
37847.99,2.340237
37850.02,2.416776
37852.0,2.488532
37854.0,2.553791
37856.0,2.615023
37858.0,2.67142
37860.0,2.721423
37862.0,2.770569
37864.0,2.81327
37865.99,2.852748
37868.02,2.888249
37870.0,2.918864
37872.0,2.950285
37874.0,2.980095
37876.0,3.009905
37878.02,3.03327
37880.0,3.057441
37882.0,3.072749
37883.99,3.091278
37886.02,3.10986
37888.0,3.125973
37890.0,3.13967
37892.0,3.153366
37894.0,3.166257
37896.02,3.1767308
37898.0,3.187204
37900.0,3.196873
37901.99,3.20493
37904.02,3.207346
37906.0,3.221043
37908.02,3.228294
37910.0,3.233934
37912.0,3.240379
37914.02,3.24602
37916.0,3.249242
37918.0,3.257299
37920.0,3.257299
37922.02,3.262133
37924.0,3.265355
37926.02,3.27019
37928.0,3.269384
37930.0,3.275024
37932.02,3.276635
37934.0,3.275024
37936.0,3.280663
37938.0,3.282275
37940.0,3.286303
37942.0,3.287914
37944.02,3.038104
37946.0,2.788294
37948.0,2.56346
37950.02,2.349905
37952.0,2.157298
37954.0,1.981611
37956.0,1.822037
37958.0,1.6754032
37960.0,1.536777
37962.02,1.4150696
37964.0,1.2982468
37966.0,1.194264
37968.02,1.096777
37970.0,1.0081024
37972.0,0.9275346
37974.0,0.854218
37976.0,0.7856854
37978.0,0.7204256
37980.02,0.6640282
37982.0,0.6124146
37984.0,0.5624626
37986.02,0.5181504
37988.0,0.4754497
37990.0,0.437583
37992.0,0.4036941
37994.0,0.3706614
37996.0,0.3424627
37998.02,0.3158754
38000.0,0.2908994
38002.0,0.2675348
38004.0,0.247393
38006.0,0.22805676
38008.0,0.2095261
38010.0,0.19175096
38012.0,0.1836942
38014.0,0.1659693
38016.02,0.15146716
38018.0,0.1426047
38020.0,0.13051952
38022.0,0.12004576
38024.0,0.11198896
38026.0,0.10554354
38028.0,0.0910414
38030.0,0.0886244
38032.02,0.0813733
38034.02,0.07573358
38036.0,0.06928818
38038.0,0.06606544
38040.0,0.06203707
38042.0,0.05962004
38044.0,0.05156327
38046.0,0.05317464
38048.0,0.04672923
38049.99,0.04350652
38052.02,0.04028382
38054.0,0.03786679
38056.0,0.03867246
38058.0,0.03383841
38060.0,0.0306157
38062.02,0.029004348
38064.0,0.02819868
38066.0,0.15952384
38067.99,0.4198579
38070.02,0.6575828
38072.0,0.8743604
38074.0,1.0709956
38076.0,1.250711
38078.0,1.4207092
38080.02,1.574644
38082.0,1.7172988
38084.0,1.846207
38085.99,1.964692
38088.02,2.0743132
38090.0,2.172607
38092.0,2.267677
38094.0,2.348294
38096.0,2.4256392
38098.02,2.495783
38100.0,2.562654
38102.0,2.62308
38103.99,2.675449
38106.02,2.727063
38108.0,2.772986
38110.02,2.816492
38112.0,2.855166
38114.0,2.892277
38116.02,2.926114
38118.0,2.956731
38120.0,2.98493
38122.0,3.006683
38124.02,3.032464
38126.0,3.055829
38128.02,3.075971
38130.0,3.094551
38132.0,3.10986
38134.02,3.126778
38136.0,3.13967
38138.0,3.150949
38140.0,3.165451
38142.0,3.175925
38144.0,3.18801
38146.02,3.198485
38148.0,3.207346
38150.0,3.214598
38152.02,3.218626
38154.0,3.226683
38156.0,3.233934
38158.0,3.239573
38160.0,3.246826
38162.0,3.250048
38164.02,3.254076
38166.0,3.258105
38168.0,3.256493
38170.02,3.265355
38172.0,3.2709952
38174.0,3.2709952
38176.0,3.275024
38178.0,3.27744
38180.0,3.279052
38182.02,3.280663
38184.0,3.28308
38186.0,3.286303
38188.0,3.275024
38190.0,3.005877
38192.0,2.758484
38194.0,2.53365
38196.0,2.326541
38198.0,2.136351
38200.02,1.9630808
38202.0,1.8043124
38204.0,1.657679
38206.0,1.520664
38208.0,1.398956
38210.0,1.2853552
38212.0,1.1821788
38214.0,1.0863032
38216.0,0.9984342
38218.02,0.9162554
38220.0,0.8429384
38222.0,0.776823
38224.0,0.7131746
38226.0,0.6583886
38228.0,0.6035522
38230.0,0.5584344
38232.0,0.5125108
38234.02,0.4730325
38236.02,0.4351657
38238.0,0.3996658
38240.0,0.3674387
38242.0,0.3352117
38244.0,0.311847
38246.0,0.2876767
38248.0,0.2659236
38250.0,0.2441703
38251.99,0.2240283
38254.02,0.2079148
38256.0,0.1925566
38258.0,0.17322036
38260.0,0.16516368
38262.0,0.14985576
38264.02,0.14018764
38266.0,0.1289082
38268.0,0.12004576
38269.99,0.11037764
38272.02,0.09990386
38274.0,0.0950698
38276.0,0.08943008
38278.0,0.08298464
38280.0,0.07492788
38282.02,0.07009382
38284.0,0.0644541
38286.0,0.0604257
38287.99,0.05236894
38290.02,0.0539803
38292.0,0.04834056
38294.0,0.04511786
38296.0,0.04270084
38298.0,0.03947813
38300.02,0.03786679
38302.0,0.03222704
38304.0,0.03383841
38305.99,0.02981002
38308.02,0.02819868
38310.0,0.025781632
38312.02,0.1925566
38314.0,0.4472509
38316.0,0.6817532
38318.02,0.8945018
38320.0,1.091943
38322.0,1.2764932
38324.0,1.441657
38326.02,1.593174
38328.0,1.7318008
38330.02,1.8631764
38332.0,1.976777
38334.0,2.085594
38336.02,2.1863032
38338.0,2.274978
38340.0,2.358768
38342.0,2.436114
38344.0,2.506256
38346.0,2.5691
38348.02,2.627915
38350.0,2.683556
38352.0,2.734314
38354.02,2.780238
38356.0,2.822938
38358.0,2.861611
38360.0,2.89711
38362.0,2.927726
38364.0,2.959954
38366.02,2.988153
38368.0,3.014739
38370.0,3.036494
38372.02,3.058246
38374.0,3.078388
38376.0,3.094551
38378.0,3.114693
38380.0,3.127584
38382.0,3.142892
38384.02,3.155783
38386.0,3.168674
38388.0,3.179953
38390.0,3.188815
38392.0,3.198485
38394.0,3.205736
38396.0,3.217821
38398.0,3.22346
38400.0,3.2291
38402.02,3.235545
38404.0,3.240379
38406.0,3.24602
38408.0,3.250854
38410.0,3.254882
38412.0,3.258911
38414.0,3.262939
38416.0,3.266967
38418.0,3.27019
38420.02,3.273412
38422.0,3.273412
38424.0,3.276635
38426.0,3.279857
38428.0,3.28308
38430.0,3.283885
38432.0,3.287109
38434.0,3.242797
38436.02,2.974455
38438.02,2.72948
38440.0,2.507062
38442.0,2.301565
38444.0,2.114598
38446.0,1.940521
38448.0,1.78417
38450.0,1.638292
38452.0,1.5061616
38453.99,1.3844536
38456.02,1.272465
38458.0,1.169288
38460.0,1.0726068
38462.0,0.9855436
38464.0,0.9081986
38466.02,0.836493
38468.0,0.7687662
38470.0,0.7075348
38471.99,0.6511374
38474.02,0.6019408
38476.0,0.551989
38478.0,0.5060654
38480.0,0.4673928
38482.0,0.4287204
38484.02,0.3956373
38486.0,0.3642159
38488.0,0.3352117
38489.99,0.3110413
38492.02,0.2860654
38494.0,0.2627007
38496.02,0.24014184
38498.0,0.22322264
38500.0,0.2054474
38502.02,0.1893339
38504.0,0.1756374
38506.0,0.1627466
38507.99,0.15066144
38510.02,0.13696492
38512.0,0.1281025
38514.02,0.11843436
38516.0,0.10876628
38518.0,0.1015152
38520.02,0.0942641
38522.0,0.0878187
38524.0,0.07976194
38526.0,0.07170516
38528.02,0.07170516
38530.0,0.0636484
38532.02,0.05881435
38534.0,0.0539803
38536.0,0.05236894
38538.02,0.04834056
38540.0,0.04592355
38542.0,0.0475349
38544.0,0.03867246
38546.0,0.03706112
38548.0,0.03544975
38550.02,0.03464409
38552.0,0.02981002
38554.0,0.029004348
38556.02,0.02739299
38558.0,0.22080568
38560.0,0.4770611
38562.0,0.7123688
38564.0,0.924312
38566.0,1.1185304
38568.02,1.299052
38570.0,1.458626
38572.0,1.6100932
38574.02,1.749526
38576.0,1.8768728
38578.0,1.99289
38580.0,2.102512
38582.0,2.198388
38584.0,2.287063
38586.02,2.364407
38588.0,2.4433648
38590.0,2.515925
38592.0,2.58038
38594.0,2.637583
38596.0,2.690807
38598.0,2.739953
38600.0,2.785072
38602.0,2.83019
38604.02,2.864833
38606.0,2.9019448
38608.0,2.935784
38610.0,2.964788
38612.0,2.992181
38614.0,3.017157
38616.0,3.032464
38618.0,3.061469
38620.02,3.080805
38622.02,3.09858
38624.0,3.116305
38626.0,3.131612
38628.0,3.147726
38630.0,3.157395
38632.0,3.173508
38634.0,3.179953
38636.0,3.192039
38637.99,3.202513
38640.02,3.209764
38642.0,3.215403
38644.0,3.22346
38646.0,3.225071
38648.0,3.233934
38650.0,3.241185
38652.0,3.246826
38654.0,3.251659
38655.99,3.255687
38658.02,3.261327
38660.0,3.262133
38662.0,3.265355
38664.0,3.2718
38666.0,3.272606
38668.02,3.276635
38670.0,3.279052
38672.0,3.279052
38673.99,3.281469
38676.02,3.287109
38678.0,3.285497
38680.0,3.208152
38682.0,2.942229
38684.0,2.701281
38686.02,2.47967
38688.0,2.2782008
38690.0,2.09365
38691.99,1.921991
38694.02,1.7656396
38696.0,1.6213732
38698.02,1.4900476
38700.0,1.3707572
38702.0,1.2595736
38704.02,1.157203
38706.0,1.0661612
38708.0,0.977487
38710.0,0.9009476
38712.02,0.8260194
38714.0,0.7599038
38716.02,0.7002836
38718.0,0.6430808
38720.0,0.5922728
38722.02,0.5463492
38724.0,0.5004256
38726.0,0.4625589
38728.0,0.4263034
38730.02,0.3916089
38732.0,0.3585762
38734.02,0.3311832
38736.0,0.3110413
38738.0,0.2820371
38740.02,0.2586724
38742.0,0.23691908
38744.0,0.22241696
38746.0,0.2046418
38748.0,0.1885282
38750.0,0.17322036
38752.02,0.16355224
38754.0,0.14824448
38756.0,0.1377706
38758.02,0.1281025
38760.0,0.11843436
38762.0,0.1111833
38764.0,0.1015152
38766.0,0.08943008
38768.0,0.084596
38770.02,0.07895626
38772.0,0.07412224
38774.0,0.06928818
38776.02,0.06525976
38778.0,0.05962004
38780.0,0.05559165
38782.0,0.05236894
38784.0,0.0507576
38786.0,0.0443122
38788.02,0.0410895
38790.0,0.03947813
38792.0,0.03786679
38794.0,0.03464409
38796.0,0.03142138
38798.0,0.0306157
38800.0,0.029004348
38802.0,0.025781632
38804.0,0.2554497
38806.02,0.5052598
38808.0,0.7365392
38810.0,0.946065
38812.0,1.1322268
38814.0,1.3167776
38816.0,1.481185
38818.0,1.6326524
38820.0,1.768862
38822.02,1.892986
38824.02,2.007393
38826.0,2.114598
38828.0,2.208862
38830.0,2.301565
38832.0,2.377299
38834.0,2.453032
38836.0,2.523177
38838.0,2.586825
38839.99,2.644028
38842.02,2.697253
38844.0,2.745593
38846.0,2.788294
38848.0,2.833413
38850.0,2.870473
38852.0,2.905973
38854.0,2.939006
38856.0,2.96801
38857.99,2.993792
38860.02,3.023602
38862.0,3.042133
38864.0,3.063886
38866.0,3.084028
38868.0,3.100191
38870.02,3.117111
38872.0,3.131612
38874.0,3.14531
38875.99,3.158201
38878.02,3.166257
38880.0,3.182371
38882.0,3.191233
38884.0,3.200901
38886.0,3.209764
38888.02,3.216209
38890.0,3.222655
38892.0,3.2299052
38893.99,3.23635
38896.02,3.240379
38898.0,3.2476308
38900.02,3.252465
38902.0,3.256493
38904.0,3.259715
38906.02,3.262939
38908.0,3.266161
38910.0,3.2709952
38912.0,3.274218
38914.02,3.276635
38916.0,3.278246
38918.02,3.279857
38920.0,3.284691
38922.0,3.282275
38924.02,3.285497
38926.0,3.174314
38928.0,2.912419
38930.0,2.673838
38932.02,2.454644
38934.0,2.255591
38936.02,2.073509
38938.0,1.9010428
38940.0,1.747109
38942.02,1.6076768
38944.0,1.4731284
38946.0,1.3554492
38948.0,1.2458776
38950.0,1.1451176
38952.0,1.0524648
38954.02,0.968624
38956.0,0.8904734
38958.0,0.8179124
38960.02,0.7534584
38962.0,0.6962554
38964.0,0.6382466
38966.0,0.5858272
38968.0,0.5423208
38970.0,0.4980085
38972.02,0.4585305
38974.0,0.4206635
38976.0,0.3875806
38978.02,0.356965
38980.0,0.329572
38982.0,0.3005676
38984.0,0.27962
38986.0,0.2538384
38988.0,0.23772484
38990.02,0.21758284
38992.0,0.201419
38994.0,0.1869169
38996.0,0.171609
38998.0,0.15952384
39000.0,0.1474387
39002.0,0.139382
39004.0,0.12568552
39006.0,0.11601738
39008.02,0.1079606
39010.0,0.09909816
39012.0,0.09345846
39014.0,0.08540166
39016.0,0.07976194
39018.0,0.07412224
39020.0,0.06928818
39022.0,0.0636484
39024.02,0.05881435
39026.02,0.05236894
39028.0,0.05156327
39030.0,0.04834056
39032.0,0.0443122
39034.0,0.04189516
39036.0,0.0410895
39038.0,0.03625542
39040.0,0.03222704
39041.99,0.0306157
39044.02,0.02981002
39046.0,0.029004348
39048.0,0.024975968
39050.0,0.2852596
39052.0,0.5374866
39054.02,0.763932
39056.0,0.9742638
39058.0,1.1636484
39059.99,1.3417528
39062.02,1.49891
39064.0,1.6447376
39066.0,1.7801416
39068.0,1.904266
39070.0,2.016256
39072.02,2.124266
39074.0,2.219336
39076.0,2.306399
39077.99,2.387773
39080.02,2.45706
39082.0,2.528817
39084.0,2.593271
39086.0,2.650473
39088.0,2.702892
39090.02,2.752038
39092.0,2.797157
39094.0,2.83583
39095.99,2.87289
39098.02,2.910001
39100.0,2.942229
39102.02,2.972039
39104.0,2.99782
39106.0,3.022796
39108.02,3.043744
39110.0,3.065498
39112.0,3.0848332
39114.0,3.102608
39116.02,3.119527
39118.0,3.13403
39120.02,3.148532
39122.0,3.1590052
39124.0,3.1710908
39126.02,3.182371
39128.0,3.188815
39130.0,3.201707
39132.0,3.21057
39134.0,3.219431
39136.0,3.224265
39138.02,3.228294
39140.0,3.235545
39142.0,3.240379
39144.02,3.246826
39146.0,3.251659
39148.0,3.256493
39150.0,3.260521
39152.0,3.26455
39154.0,3.266161
39156.02,3.269384
39158.0,3.274218
39160.0,3.276635
39162.02,3.279052
39164.0,3.280663
39166.0,3.282275
39168.0,3.284691
39170.0,3.28308
39172.0,3.13967
39174.02,2.881752
39176.0,2.644834
39178.0,2.427251
39180.02,2.230616
39182.0,2.046065
39184.0,1.881707
39186.0,1.7293836
39188.0,1.58834
39190.0,1.4602376
39192.02,1.3409472
39194.0,1.231325
39196.0,1.1322268
39198.0,1.041185
39200.0,0.958956
39202.0,0.8816112
39204.0,0.8098556
39206.0,0.7462074
39208.0,0.6865872
39210.02,0.6309956
39212.0,0.5834104
39214.0,0.5358754
39216.0,0.4923689
39218.0,0.4536965
39220.0,0.4166352
39222.0,0.3835522
39224.0,0.3521308
39226.02,0.3255436
39228.02,0.2997619
39230.0,0.27962
39232.0,0.2522271
39234.0,0.2361134
39236.0,0.2167772
39238.0,0.1998077
39240.0,0.1861112
39242.0,0.16999768
39243.99,0.15388416
39246.02,0.1450217
39248.0,0.13535364
39250.0,0.1264912
39252.0,0.11682304
39254.0,0.10634928
39256.02,0.09909816
39258.0,0.09023572
39260.0,0.08620734
39261.99,0.07976194
39264.02,0.07251084
39266.0,0.06767682
39268.0,0.06203707
39270.0,0.05800869
39272.0,0.0539803
39274.02,0.05478598
39276.0,0.04672923
39278.0,0.0443122
39279.99,0.0410895
39282.02,0.03947813
39284.0,0.03625542
39286.02,0.03383841
39288.0,0.03303272
39290.0,0.03222704
39292.02,0.02819868
39294.0,0.04995193
39296.0,0.3199038
39297.99,0.5656854
39300.02,0.7881024
39302.0,0.9952114
39304.02,1.180567
39306.0,1.357866
39308.0,1.5174404
39310.02,1.666541
39312.0,1.79706
39314.0,1.918768
39316.0,2.031563
39318.02,2.135545
39320.0,2.224976
39322.02,2.316873
39324.0,2.39744
39326.0,2.471563
39328.02,2.53929
39330.0,2.598104
39332.0,2.656113
39334.0,2.702892
39336.0,2.756067
39338.0,2.801991
39340.02,2.840663
39342.0,2.876113
39344.0,2.9140292
39346.02,2.944646
39348.0,2.972039
39350.0,2.99782
39352.0,3.0260184
39354.0,3.047773
39356.0,3.069526
39358.02,3.088056
39360.0,3.10422
39362.0,3.120333
39364.02,3.136446
39366.0,3.149338
39368.0,3.161423
39370.0,3.174314
39372.0,3.183981
39374.0,3.195261
39376.02,3.202513
39378.0,3.207346
39380.0,3.219431
39382.02,3.225877
39384.0,3.232322
39386.0,3.238768
39388.0,3.24199
39390.0,3.248436
39392.0,3.252465
39394.02,3.257299
39396.0,3.258105
39398.0,3.265355
39400.0,3.269384
39402.0,3.2709952
39404.0,3.275024
39406.0,3.27744
39408.0,3.275024
39410.02,3.279857
39412.02,3.28308
39414.0,3.285497
39416.0,3.287109
39418.0,3.10986
39420.0,2.852748
39422.0,2.62308
39424.0,2.4079148
39426.0,2.209668
39428.02,2.028341
39430.02,1.863982
39432.0,1.7124644
39434.0,1.5730324
39436.0,1.4457356
39438.0,1.3288624
39440.0,1.221657
39442.0,1.1193364
39444.0,1.031517
39445.99,0.9500934
39448.02,0.8727484
39450.0,0.801799
39452.0,0.7405676
39454.0,0.6801416
39456.0,0.6261614
39458.02,0.5745476
39460.0,0.52943
39462.0,0.4907576
39463.99,0.4488622
39466.02,0.4142182
39468.0,0.3811353
39470.0,0.3505195
39472.0,0.3223209
39474.0,0.2949278
39476.02,0.2731746
39478.0,0.2530327
39480.0,0.23289076
39481.99,0.21033176
39484.02,0.1981963
39486.0,0.1828885
39488.02,0.1724147
39490.0,0.15307848
39492.0,0.144216
39494.02,0.13374224
39496.0,0.12326848
39498.0,0.11440604
39500.0,0.1047379
39502.02,0.09909816
39504.0,0.0910414
39506.02,0.084596
39508.0,0.0773449
39510.0,0.07331654
39512.02,0.06928818
39514.0,0.06203707
39516.0,0.05962004
39518.0,0.0539803
39520.02,0.0507576
39522.0,0.04672923
39524.02,0.04270084
39526.0,0.04189516
39528.0,0.03867246
39530.02,0.03464409
39532.0,0.03383841
39534.0,0.03222704
39536.0,0.029004348
39538.0,0.02819868
39540.0,0.0837903
39542.02,0.3513252
39544.0,0.5954956
39546.0,0.8179124
39548.02,1.0201876
39550.0,1.203126
39552.0,1.378008
39554.0,1.5351656
39556.0,1.6794316
39558.0,1.813175
39560.02,1.9364924
39562.0,2.044454
39564.0,2.14763
39566.02,2.240283
39568.0,2.33057
39570.0,2.404691
39572.0,2.478864
39574.0,2.545735
39576.0,2.607772
39578.02,2.661753
39580.0,2.71256
39582.0,2.758484
39584.0,2.8044076
39586.0,2.8454976
39588.0,2.882558
39590.0,2.918058
39592.0,2.950285
39594.0,2.976873
39596.02,3.00346
39598.0,3.023602
39600.0,3.049384
39602.0,3.071137
39604.0,3.090474
39606.0,3.108248
39608.0,3.125167
39610.0,3.140476
39612.02,3.151755
39614.02,3.16384
39616.0,3.175119
39618.0,3.184787
39620.0,3.194456
39622.0,3.204124
39624.0,3.212986
39626.0,3.220237
39628.0,3.226683
39630.02,3.232322
39632.02,3.241185
39634.0,3.242797
39636.0,3.249242
39638.0,3.250048
39640.0,3.258105
39642.0,3.262939
39644.0,3.26455
39646.0,3.266967
39647.99,3.27019
39650.02,3.273412
39652.0,3.276635
39654.0,3.279052
39656.0,3.282275
39658.0,3.28308
39660.02,3.284691
39662.0,3.286303
39664.0,3.072749
39665.99,2.820521
39668.02,2.589242
39670.0,2.378105
39672.0,2.183886
39674.0,2.00417
39676.0,1.8421784
39678.02,1.694739
39680.0,1.5553076
39682.0,1.4303776
39683.99,1.311137
39686.02,1.206349
39688.0,1.1080568
39690.02,1.0193816
39692.0,0.938814
39694.0,0.8630806
39696.02,0.7945476
39698.0,0.7317048
39700.0,0.674502
39702.0,0.6180542
39704.02,0.5697136
39706.0,0.5245958
39708.02,0.481895
39710.0,0.44
39712.0,0.4069169
39714.02,0.3771068
39716.0,0.346491
39718.0,0.3199038
39720.0,0.2933164
39722.02,0.2731746
39724.0,0.2506158
39726.02,0.23127948
39728.0,0.2095261
39730.0,0.1957793
39732.02,0.1772488
39734.0,0.16677496
39736.0,0.15388416
39738.0,0.1426047
39740.0,0.1313252
39742.0,0.1224628
39744.02,0.11360036
39746.0,0.1047379
39748.0,0.09668114
39750.02,0.09023572
39752.0,0.0837903
39754.0,0.07653924
39756.0,0.0708995
39758.0,0.06525976
39760.0,0.0612314
39762.02,0.05962004
39764.0,0.05236894
39766.0,0.0507576
39768.02,0.04592355
39770.0,0.04350652
39772.0,0.0410895
39774.0,0.03706112
39776.0,0.03625542
39778.0,0.03464409
39780.02,0.0306157
39782.0,0.02658732
39784.0,0.02417028
39786.0,0.1176287
39788.0,0.3803295
39790.0,0.619716
39792.0,0.8356876
39794.0,1.041991
39796.0,1.226491
39798.02,1.398956
39800.0,1.556919
39802.0,1.695546
39804.0,1.826871
39806.0,1.9421328
39808.0,2.054927
39810.0,2.161328
39812.0,2.252368
39814.02,2.337015
39816.02,2.415165
39818.0,2.489337
39820.0,2.548958
39822.0,2.611801
39824.0,2.669004
39826.0,2.720617
39828.0,2.766541
39830.0,2.812464
39831.99,2.8511376
39834.02,2.886587
39836.0,2.916447
39838.0,2.950285
39840.0,2.980095
39842.0,3.005072
39844.02,3.032464
39846.0,3.055829
39848.0,3.075165
39849.99,3.093696
39852.02,3.110665
39854.0,3.125167
39856.0,3.134835
39858.0,3.150949
39860.0,3.164646
39862.02,3.177536
39864.0,3.186399
39866.0,3.197679
39867.99,3.205736
39870.02,3.2121808
39872.0,3.219431
39874.0,3.226683
39876.0,3.233128
39878.0,3.24199
39880.02,3.245214
39882.0,3.250048
39884.0,3.252465
39885.99,3.257299
39888.02,3.262939
39890.0,3.265355
39892.02,3.268578
39894.0,3.2718
39896.0,3.274218
39898.02,3.276635
39900.0,3.279052
39902.0,3.27744
39904.0,3.282275
39906.02,3.285497
39908.0,3.287109
39910.02,3.045356
39912.0,2.793934
39914.0,2.564266
39916.02,2.353128
39918.0,2.163744
39920.0,1.9856392
39922.0,1.8260652
39924.02,1.678626
39926.0,1.5399996
39928.02,1.416681
39930.0,1.302275
39932.0,1.1926524
39934.02,1.099194
39936.0,1.012131
39938.0,0.9291462
39940.0,0.855024
39942.0,0.7872966
39944.0,0.724454
39946.02,0.6648338
39948.0,0.6132204
39950.0,0.5648798
39952.02,0.5205676
39954.0,0.4778667
39956.0,0.4383886
39958.0,0.4036941
39960.0,0.371467
39962.0,0.3448797
39964.02,0.3158754
39966.0,0.2908994
39968.0,0.2683405
39970.02,0.247393
39972.0,0.2288624
39974.0,0.21194324
39976.0,0.1949736
39978.0,0.17966576
39980.0,0.16516368
39982.02,0.1490501
39984.0,0.141799
39986.0,0.1313252
39988.0,0.12165708
39990.0,0.11440604
39992.0,0.0982925
39994.0,0.0950698
39996.0,0.0886244
39998.0,0.08298464
0.0,3.280663
2.0,3.282275
4.0,3.284691
6.0,3.28872
8.0,3.287914
10.0,3.28872
12.0,3.28872
14.000004,3.073554
16.0,2.822132
18.0,2.5884368
20.0,2.378105
22.0,2.183886
24.0,2.00417
26.0,1.8429844
28.00001,1.693128
30.0,1.5545016
32.0,1.4303776
34.0,1.3208056
36.0,1.2079604
38.0,1.114502
40.0,1.0201876
42.0,0.938814
44.0,0.867109
46.0,0.793742
48.0,0.7300936
50.0,0.672085
52.0,0.6180542
54.0,0.5656854
56.00002,0.5221788
58.0,0.481895
60.0,0.4472509
62.0,0.4085282
64.0,0.3771068
66.00004,0.3585762
68.0,0.3166811
70.0,0.2933164
72.0,0.2675348
74.0,0.2522271
76.0,0.2296681
78.0,0.2095261
80.0,0.1957793
82.00004,0.18047144
84.0,0.1683863
86.00004,0.15388416
88.0,0.14018764
90.0,0.1321309
92.0,0.12568552
94.0,0.11601738
96.0,0.1039322
98.00004,0.09668114
100.0,0.09265276
102.00004,0.082179
104.0,0.07573358
106.00004,0.07653924
108.0,0.0644541
110.0,0.06203707
112.00004,0.05881435
114.00004,0.05317464
116.0,0.04914626
118.00004,0.04672923
120.0,0.0443122
122.00004,0.03867246
124.0,0.03947813
126.00004,0.03544975
128.0,0.03383841
130.0,0.02819868
132.0001,0.02819868
134.0001,0.0
136.0,0.12407414
138.0,0.386775
140.0,0.629384
142.0001,0.846161
144.0,1.054882
146.0,1.231325
148.0,1.397345
150.0,1.5553076
152.0,1.7003796
154.0,1.8308992
156.0,1.9509948
158.0,2.064646
160.0,2.160522
162.0001,2.253174
164.0001,2.338626
166.0001,2.416776
168.0,2.490143
170.0,2.5529868
172.0001,2.615829
174.0001,2.67142
176.0,2.719811
178.0,2.767346
180.0,2.811659
182.0001,2.855972
184.0,2.88986
186.0,2.922892
188.0,2.953508
190.0,2.981706
192.0,3.0091
194.0001,3.03327
196.0001,3.052607
198.0,3.072749
200.0,3.094551
202.0001,3.112276
204.0001,3.127584
206.0,3.1412816
208.0,3.154172
210.0,3.166257
212.0001,3.173508
214.0,3.183981
216.0,3.195261
218.0,3.206541
220.0,3.216209
222.0,3.224265
224.0001,3.226683
226.0001,3.233128
228.0001,3.238768
230.0,3.241185
232.0,3.249242
234.0001,3.254882
236.0001,3.257299
238.0,3.261327
240.0,3.266161
242.0,3.265355
244.0001,3.2718
246.0,3.269384
248.0,3.27744
250.0,3.27744
252.0001,3.281469
254.0001,3.278246
256.0,3.28872
258.0,3.28308
260.0,3.03891
262.0,2.785878
264.0002,2.560237
266.0002,2.3490992
268.0002,2.158909
270.0,1.982417
272.0,1.8212316
274.0,1.673792
276.0,1.5359712
278.0,1.416681
280.0,1.2958296
282.0002,1.194264
284.0002,1.0959712
286.0,1.0056856
288.0,0.9299518
290.0,0.8526068
292.0,0.7985762
294.0,0.722037
296.0,0.6608056
298.0,0.6099976
300.0,0.5640742
301.9999,0.5157336
304.0,0.4770611
306.0,0.44
308.0,0.4028885
310.0,0.3722726
312.0,0.3472969
314.0,0.3166811
316.0,0.2900938
318.0,0.2683405
320.0,0.2465873
322.0,0.2264454
324.0002,0.2095261
326.0002,0.19739064
328.0002,0.1772488
330.0002,0.16999768
332.0002,0.15307848
334.0,0.1409933
336.0,0.1313252
338.0,0.12004576
340.0,0.1127947
342.0,0.082179
344.0002,0.0918471
346.0002,0.08540166
348.0002,0.082179
350.0,0.07815058
352.0,0.06848246
354.0,0.0636484
356.0,0.0644541
358.0,0.05720302
360.0,0.05236894
362.0002,0.04350652
364.0002,0.04511786
366.0,0.04511786
368.0,0.04028382
370.0,0.03786679
372.0,0.03383841
374.0,0.03383841
376.0,0.03625542
378.0,0.02739299
380.0,0.02739299
382.0,0.1579125
384.0,0.4174409
386.0002,0.6551658
388.0002,0.866303
390.0002,1.069384
392.0002,1.2474888
394.0002,1.421515
396.0,1.574644
398.0,1.7148816
400.0,1.8445956
402.0,1.9638864
404.0002,2.073509
406.0002,2.169384
408.0002,2.265259
410.0002,2.3490992
412.0,2.426445
414.0,2.497394
416.0,2.561848
418.0,2.620663
420.0,2.6770608
422.0,2.728674
424.0002,2.776208
426.0002,2.817298
428.0,2.856777
430.0,2.893082
432.0,2.924504
434.0,2.9551192
436.0,2.984124
438.0,3.013934
440.0,3.035687
442.0,3.056635
444.0,3.075971
446.0002,3.093696
448.0002,3.110665
450.0002,3.125167
452.0002,3.142087
454.0002,3.156589
456.0002,3.16948
458.0002,3.179953
460.0,3.189621
462.0,3.197679
464.0,3.21057
466.0002,3.20493
468.0002,3.222655
470.0002,3.2291
472.0002,3.237156
474.0002,3.238768
476.0,3.246826
478.0,3.249242
480.0,3.249242
482.0,3.258911
484.0,3.262939
486.0002,3.268578
488.0002,3.268578
490.0002,3.272606
492.0,3.279052
494.0002,3.27744
496.0,3.279052
498.0002,3.283885
500.0,3.284691
502.0002,3.286303
504.0002,3.281469
506.0003,3.007489
508.0002,2.759289
509.9999,2.532845
512.0,2.327347
514.0,2.137157
516.0,1.9614692
518.0,1.8018952
520.0,1.657679
522.0,1.522275
524.0,1.398956
526.0,1.2853552
528.0004,1.180567
530.0,1.0838864
532.0004,1.0000456
534.0,0.914644
536.0004,0.846161
538.0,0.7776286
540.0,0.709952
541.9998,0.6543602
544.0,0.6205216
545.9998,0.556823
548.0,0.5125108
550.0,0.4714212
552.0,0.4343601
554.0,0.4020827
556.0,0.3674387
558.0,0.33924
560.0,0.2949278
562.0,0.286871
564.0004,0.2651178
566.0,0.24980992
568.0004,0.2264454
570.0,0.2030304
572.0,0.19336224
574.0,0.17966576
576.0,0.15952384
578.0,0.15227284
580.0,0.1377706
582.0,0.12971384
584.0,0.11601738
586.0,0.11037764
588.0,0.1007095
590.0004,0.0942641
592.0,0.084596
594.0004,0.08298464
596.0,0.07412224
598.0004,0.07009382
600.0,0.06525976
602.0004,0.07170516
603.9998,0.05639736
606.0,0.05559165
608.0,0.04914626
610.0,0.04592355
612.0,0.04511786
614.0,0.03947813
616.0,0.0410895
618.0,0.03464409
620.0,0.03303272
622.0,0.03222704
624.0,0.0306157
626.0004,0.02819868
628.0,0.19175096
630.0004,0.4512796
632.0,0.6857816
634.0004,0.9017532
636.0,1.096777
638.0,1.27891
640.0,1.443268
642.0,1.5947852
644.0,1.735023
646.0,1.8615652
648.0004,1.9799996
650.0,2.08801
652.0004,2.187108
654.0,2.281423
656.0004,2.358768
658.0,2.435308
660.0004,2.502228
662.0,2.579574
664.0004,2.631137
665.9998,2.686778
668.0,2.735119
670.0,2.782655
672.0,2.823744
674.0,2.864028
676.0,2.897916
678.0,2.933366
680.0,2.96237
682.0,2.988959
684.0,3.015545
686.0,3.03891
688.0004,3.059858
690.0,3.078388
692.0004,3.094551
694.0,3.112276
696.0004,3.130806
698.0,3.142087
700.0,3.156589
702.0,3.167062
704.0,3.178342
706.0,3.18801
708.0,3.191233
710.0004,3.206541
712.0,3.209764
714.0004,3.22346
716.0,3.224265
718.0004,3.233934
720.0,3.240379
722.0004,3.24199
724.0004,3.249242
726.0004,3.256493
728.0004,3.261327
730.0,3.263744
732.0,3.266161
734.0,3.268578
736.0,3.27019
738.0,3.273412
740.0,3.278246
742.0,3.279052
744.0,3.281469
746.0,3.28308
748.0,3.287914
750.0004,3.24199
752.0,2.972039
754.0004,2.728674
756.0,2.50384
758.0004,2.301565
760.0,2.114598
762.0,1.940521
764.0,1.757583
766.0,1.639098
768.0,1.5053556
770.0,1.3772028
772.0004,1.271659
774.0,1.168482
776.0004,1.0879148
778.0,0.9855436
780.0004,0.90981
782.0,0.8348818
784.0004,0.7687662
786.0004,0.7180086
788.0004,0.6511374
790.0004,0.598718
792.0,0.5495718
794.0,0.5044542
796.0,0.4690042
798.0,0.4295261
800.0,0.3948317
802.0,0.3779124
804.0,0.3360173
806.0,0.3110413
808.0004,0.2836484
810.0,0.2627007
812.0004,0.23127948
814.0,0.22322264
816.0004,0.2054474
818.0,0.1877226
820.0004,0.1748318
822.0,0.1627466
824.0,0.15146716
826.0,0.13293656
828.0,0.1281025
830.0,0.11843436
832.0,0.11037764
834.0004,0.1007095
836.0,0.09345846
838.0004,0.0878187
840.0,0.082179
842.0004,0.07492788
844.0,0.07170516
846.0004,0.06606544
848.0004,0.0604257
850.0004,0.05800869
852.0004,0.05478598
854.0004,0.04834056
856.0,0.04511786
858.0,0.04189516
860.0,0.03786679
862.0,0.03867246
864.0,0.03625542
866.0,0.03222704
868.0,0.03383841
870.0004,0.029004348
872.0,0.0306157
874.0004,0.2256398
876.0,0.4778667
878.0004,0.7107576
880.0,0.9283404
882.0004,1.1177248
884.0,1.2958296
886.0004,1.461043
888.0,1.608482
890.0,1.747915
892.0004,1.878484
894.0,1.994502
896.0004,2.102512
898.0,2.198388
900.0004,2.287868
902.0,2.367631
904.0004,2.447393
906.0,2.5118968
908.0004,2.577157
910.0004,2.636777
912.0004,2.691613
914.0004,2.739953
916.0004,2.785072
918.0,2.825355
920.0,2.8632224
922.0,2.901139
924.0,2.934978
926.0,2.963982
928.0,2.992181
930.0,3.017157
932.0004,3.038104
934.0,3.058246
936.0004,3.079999
938.0,3.09289
940.0004,3.115499
942.0,3.130001
944.0004,3.142087
946.0004,3.157395
948.0004,3.165451
950.0,3.179147
952.0,3.190427
954.0004,3.198485
956.0,3.209764
958.0004,3.217015
960.0,3.225877
962.0004,3.2299052
964.0,3.235545
966.0004,3.250854
968.0,3.239573
970.0004,3.254076
972.0004,3.256493
974.0004,3.259715
976.0004,3.262939
978.0004,3.268578
980.0004,3.269384
982.0,3.269384
984.0,3.275024
986.0004,3.276635
988.0004,3.282275
990.0,3.282275
992.0,3.28308
994.0006,3.286303
996.0004,3.206541
998.0004,2.943035
1000.0,2.702892
1002.0006,2.47967
1004.0004,2.277395
1006.0004,2.0920384
1008.0004,1.917157
1010.0006,1.7656396
1012.0006,1.628624
1014.0004,1.4900476
1016.0004,1.367535
1018.0,1.2595736
1019.9998,1.1563968
1021.9998,1.062939
1024.0,0.977487
1026.0,0.89853
1028.0,0.8276308
1029.9996,0.7599038
1032.0,0.699478
1034.0,0.6511374
1036.0,0.593884
1038.0,0.5407096
1040.0,0.5020372
1042.0,0.4665872
1044.0,0.4295261
1046.0,0.3908033
1048.0,0.3609933
1050.0,0.331989
1052.0,0.30943
1054.0,0.2820371
1056.0008,0.2643122
1058.0,0.2393362
1060.0,0.22322264
1062.0,0.2030304
1064.0008,0.1885282
1066.0008,0.1885282
1068.0,0.1587182
1070.0,0.14824448
1072.0008,0.13696492
1074.0008,0.1248798
1076.0,0.1192401
1078.0,0.10876628
1080.0,0.0982925
1082.0,0.09345846
1083.9996,0.08540166
1086.0,0.08056764
1088.0,0.07492788
1090.0,0.06928818
1091.9996,0.04592355
1094.0,0.05720302
1096.0,0.05800869
1098.0,0.0507576
1100.0,0.04672923
1102.0,0.0410895
1104.0,0.04270084
1106.0,0.0410895
1108.0,0.03625542
1110.0,0.03383841
1112.0,0.05559165
1114.0,0.02981002
1116.0,0.029004348
1118.0008,0.029004348
1120.0,0.2586724
1122.0,0.5092882
1124.0,0.7397616
1126.0008,0.9508994
1128.0008,1.138672
1130.0,1.319194
1132.0,1.478768
1134.0008,1.631041
1136.0008,1.7672508
1138.0,1.89218
1140.0,2.006587
1142.0008,2.112181
1144.0,2.208862
1145.9996,2.291091
1148.0,2.376493
1150.0,2.452227
1152.0,2.523982
1154.0,2.585214
1156.0,2.642416
1158.0,2.697253
1160.0,2.742371
1162.0,2.7891
1164.0,2.829383
1166.0,2.870473
1168.0,2.897916
1170.0,2.939006
1172.0,2.966399
1174.0,2.993792
1176.0,3.012323
1178.0,3.04455
1180.0008,3.06308
1182.0,3.0848332
1184.0,3.101803
1186.0,3.119527
1188.0008,3.133224
1190.0008,3.148532
1192.0,3.159811
1194.0,3.173508
1196.0008,3.181565
1198.0008,3.191233
1200.0,3.200901
1202.0,3.208958
1204.0008,3.217821
1206.0,3.22346
1207.9996,3.230711
1210.0,3.23635
1212.0,3.23635
1214.0,3.24602
1216.0,3.251659
1218.0,3.257299
1220.0,3.260521
1222.0,3.262939
1224.0,3.266967
1226.0,3.267772
1228.0,3.273412
1230.0,3.275024
1232.0,3.279052
1234.0008,3.279857
1236.0,3.2718
1238.0,3.282275
1240.0,3.286303
1242.0008,3.173508
1244.0,2.9140292
1246.0,2.673838
1248.0,2.452227
1250.0008,2.258008
1252.0008,2.067869
1254.0,1.902655
1256.0,1.749526
1258.0008,1.606065
1260.0008,1.472323
1262.0,1.3530324
1264.0,1.246683
1266.0008,1.138672
1268.0008,1.051659
1269.9996,0.968624
1272.0,0.8912794
1274.0,0.818718
1276.0,0.7534584
1278.0,0.6930324
1280.0,0.6382466
1282.0,0.5866328
1284.0,0.539904
1286.0,0.4980085
1288.0,0.4553079
1290.0,0.4214692
1292.0,0.3908033
1294.0,0.3545479
1296.0008,0.3247378
1298.0,0.3029846
1300.0,0.2788144
1302.0,0.2578668
1304.0008,0.23691908
1306.0,0.21758284
1308.0,0.2054474
1310.0,0.1877226
1312.0008,0.1724147
1314.0008,0.1587182
1316.0,0.1450217
1318.0,0.13374224
1320.0008,0.1264912
1322.0008,0.11440604
1324.0,0.1127947
1326.0,0.10312654
1328.0008,0.09265276
1330.0008,0.08298464
1331.9996,0.07976194
1334.0,0.07251084
1336.0,0.06848246
1338.0,0.06928818
1340.0,0.05962004
1342.0,0.05720302
1344.0,0.04995193
1346.0,0.04914626
1348.0,0.04511786
1350.0,0.04189516
1352.0,0.04028382
1354.0,0.03625542
1356.0,0.02014191
1358.0008,0.03303272
1360.0,0.03947813
1362.0,0.029004348
1364.0,0.024975968
1366.0008,0.2860654
1368.0,0.5358754
1370.0,0.7663492
1372.0,0.9702354
1374.0008,1.158814
1376.0008,1.3409472
1378.0,1.4964936
1380.0,1.643932
1382.0008,1.781753
1384.0008,1.9034608
1386.0,2.013033
1388.0,2.124266
1390.0008,2.217725
1392.0008,2.3080092
1394.0008,2.386967
1396.0,2.460284
1398.0,2.528011
1400.0,2.590047
1402.0,2.648862
1404.0,2.702087
1406.0,2.754456
1408.0,2.796351
1410.0,2.833413
1412.0,2.87289
1414.0,2.909195
1416.0,2.941423
1418.0,2.971233
1420.0008,2.991375
1422.0,3.022796
1424.0,3.046967
1426.0,3.065498
1428.0008,3.088056
1430.0,3.103414
1432.0,3.118721
1434.0,3.133224
1436.0008,3.148532
1438.0008,3.159811
1440.0,3.1710908
1442.0,3.179147
1444.0008,3.191233
1446.0008,3.194456
1448.0008,3.208152
1450.0,3.217821
1452.0008,3.222655
1454.0008,3.2291
1456.0008,3.228294
1458.0,3.242797
1460.0,3.248436
1462.0,3.2532708
1464.0,3.260521
1466.0,3.257299
1468.0,3.266161
1470.0,3.27019
1472.0,3.2718
1474.0,3.275829
1476.0,3.276635
1478.0,3.279052
1480.0,3.281469
1482.0008,3.285497
1484.0,3.284691
1486.0,3.286303
1488.0,3.143698
1490.0008,2.8809468
1492.0,2.648862
1494.0,2.430474
1496.0,2.232227
1498.0008,2.049288
1500.0008,1.8841236
1502.0,1.7293836
1504.0,1.5955916
1506.0008,1.459432
1508.0008,1.3425584
1510.0008,1.233742
1512.0,1.1346436
1514.0008,1.0250216
1516.0008,0.9581504
1518.0008,0.8808056
1520.0,0.8106614
1522.0,0.7478186
1524.0,0.6849756
1526.0,0.6309956
1528.0,0.581799
1530.0,0.534264
1532.0,0.4915632
1534.0,0.437583
1536.0,0.4069169
1538.0,0.3859692
1540.0,0.3529366
1542.0,0.3287663
1544.0008,0.307013
1546.0,0.277203
1548.0,0.2554497
1550.0,0.23289076
1552.0008,0.21758284
1554.0,0.199002
1556.0,0.19175096
1558.0,0.171609
1560.0008,0.1587182
1562.0008,0.1458274
1564.0,0.13535364
1566.0,0.1281025
1568.0008,0.11037764
1570.0008,0.10554354
1572.0008,0.09668114
1574.0,0.0918471
1576.0008,0.07251084
1578.0008,0.0773449
1580.0008,0.07412224
1582.0,0.06687112
1584.0,0.0636484
1586.0,0.05800869
1588.0,0.05720302
1590.0,0.05156327
1592.0,0.05236894
1594.0,0.04511786
1596.0,0.04028382
1598.0,0.04028382
1600.0,0.03625542
1602.0,0.03947813
1604.0,0.03142138
1606.0008,0.02981002
1608.0,0.02819868
1610.0,0.04672923
1612.0,0.3223209
1614.0008,0.5640742
1616.0008,0.7897136
1618.0,0.9952114
1620.0,1.1854016
1622.0008,1.3570608
1624.0008,1.5158292
1626.0,1.661707
1628.0,1.796255
1630.0008,1.9179628
1632.0008,2.029951
1634.0008,2.117821
1636.0,2.22981
1638.0008,2.315262
1640.0008,2.392606
1642.0008,2.467534
1644.0,2.519147
1646.0008,2.601327
1648.0,2.65853
1650.0,2.710143
1652.0,2.756873
1654.0,2.803603
1656.0,2.841469
1658.0,2.877724
1660.0,2.916447
1662.0,2.94384
1664.0,2.975261
1666.0,3.002654
1668.0008,3.0260184
1670.0,3.04455
1672.0,3.067914
1674.0,3.0848332
1676.0008,3.10422
1678.0008,3.121139
1680.0,3.136446
1682.0,3.149338
1684.0008,3.161423
1686.0008,3.172702
1688.0,3.183175
1690.0,3.193651
1692.0008,3.202513
1694.0008,3.212986
1696.0008,3.221043
1698.0,3.226683
1700.0008,3.233934
1702.0008,3.239573
1704.0008,3.245214
1706.0,3.248436
1708.0008,3.257299
1710.0,3.257299
1712.0,3.254076
1714.0,3.265355
1716.0,3.266161
1718.0,3.2718
1720.0,3.272606
1722.0,3.275829
1724.0,3.279052
1726.0,3.280663
1728.0,3.281469
1730.0008,3.284691
1732.0,3.287109
1734.0,3.10986
1736.0,2.8511376
1738.0008,2.619051
1740.0008,2.403886
1742.0,2.212891
1744.0,2.029951
1746.0008,1.866399
1748.0008,1.7060196
1750.0,1.5706156
1752.0,1.44493
1754.0008,1.332085
1756.0008,1.2152116
1758.0008,1.1201416
1760.0,1.031517
1762.0008,0.9500934
1764.0008,0.8735546
1766.0008,0.8001876
1768.0,0.7405676
1770.0008,0.6849756
1772.0008,0.6261614
1774.0,0.5745476
1776.0,0.5302356
1778.0,0.4867291
1780.0,0.4488622
1782.0,0.4134126
1784.0008,0.396443
1786.0,0.3489082
1788.0,0.3247378
1790.0,0.2949278
1792.0008,0.272369
1794.0,0.24900424
1796.0,0.23127948
1798.0,0.2143602
1800.0008,0.2135545
1802.0008,0.1828885
1804.0,0.1659693
1806.0,0.1554955
1808.0008,0.14341032
1810.0008,0.13051952
1812.0,0.12407414
1814.0,0.11440604
1816.0008,0.1079606
1818.0008,0.09668114
1820.0008,0.09023572
1822.0,0.084596
1824.0008,0.07573358
1826.0008,0.07412224
1828.0008,0.06928818
1830.0008,0.06284276
1832.0008,0.05800869
1834.0008,0.0539803
1836.0,0.05156327
1838.0,0.0507576
1840.0,0.04350652
1842.0,0.0410895
1844.0,0.02981002
1846.0008,0.03625542
1848.0,0.03303272
1850.0,0.012890816
1852.0,0.02819868
1854.0008,0.02739299
1856.0,0.082179
1858.0,0.3489082
1860.0,0.593884
1862.0008,0.8146898
1864.0008,1.014548
1866.0,1.2047376
1868.0,1.3772028
1870.0008,1.53436
1872.0008,1.68346
1874.0,1.8139804
1876.0,1.931659
1878.0008,2.043648
1880.0008,2.14763
1882.0008,2.241089
1884.0,2.322513
1886.0008,2.398246
1888.0008,2.480476
1890.0008,2.548152
1892.0008,2.609384
1894.0008,2.665781
1896.0008,2.7157824
1898.0008,2.763317
1900.0,2.806019
1902.0,2.8454976
1904.0,2.880142
1906.0,2.916447
1908.0008,2.949479
1910.0,2.977678
1912.0,3.005072
1914.0,3.0260184
1916.0008,3.045356
1918.0,3.069526
1920.0,3.090474
1922.0,3.107442
1924.0008,3.12275
1926.0008,3.138863
1928.0,3.153366
1930.0,3.150949
1932.0008,3.175925
1934.0008,3.183175
1936.0,3.191233
1938.0,3.20493
1940.0008,3.212986
1942.0008,3.217821
1944.0008,3.225071
1946.0,3.231516
1948.0008,3.23635
1950.0008,3.24199
1952.0008,3.248436
1954.0008,3.2532708
1956.0008,3.257299
1958.001,3.261327
1960.0008,3.265355
1962.001,3.266967
1964.0,3.269384
1966.0008,3.273412
1968.0,3.275829
1970.0,3.279857
1972.0008,3.281469
1974.0,3.279052
1976.0008,3.282275
1977.9996,3.284691
1980.0,3.061469
1981.9996,2.821327
1984.0,2.590853
1986.0008,2.380521
1988.001,2.181469
1990.0,2.006587
1992.0008,1.8397616
1994.0,1.693128
1996.0008,1.556919
1997.9996,1.434406
2000.0,1.3159716
2002.0008,1.209572
2004.001,1.109668
2006.0,1.0177704
2008.0008,0.9202836
2010.0,0.8622748
2012.0008,0.7945476
2014.0,0.7236482
2016.0008,0.6712794
2018.0008,0.616443
2020.001,0.5745476
2022.0008,0.5254014
2024.001,0.4827008
2026.0,0.4448339
2028.0008,0.4077225
2030.0,0.3746899
2032.0008,0.346491
2034.0008,0.3207094
2036.0,0.2941222
2038.0008,0.2731746
2039.9996,0.24980992
2042.0,0.22805676
2043.9996,0.2127489
2046.0,0.196585
2048.0,0.1820828
2050.001,0.1683863
2052.0,0.15388416
2054.0,0.14341032
2056.0,0.12971384
2058.0,0.1224628
2059.999,0.1152117
2062.0,0.10554354
2064.0,0.09587548
2066.001,0.09023572
2068.0,0.08298464
2070.001,0.07653924
2072.0,0.07573358
2074.0,0.06606544
2076.0,0.05478598
2078.0,0.05478598
2080.0,0.05317464
2082.001,0.0475349
2084.0,0.04592355
2086.001,0.0443122
2088.0,0.04511786
2090.0,0.03544975
2092.0,0.03867246
2094.0,0.02739299
2096.0,0.0306157
2098.0,0.02417028
2100.0,0.05156327
2102.0,0.1176287
2104.0,0.3779124
2105.999,0.619716
2108.0,0.8405214
2110.0,1.0387684
2112.001,1.223268
2114.0,1.396539
2116.0,1.541611
2118.0,1.6987684
2120.0,1.826871
2121.999,1.946161
2124.0,2.055733
2126.0,2.156493
2128.001,2.252368
2130.0,2.335404
2132.001,2.415165
2134.0,2.487727
2136.0,2.552181
2138.0,2.611801
2140.0,2.665781
2142.0,2.719811
2144.001,2.767346
2146.0,2.810853
2148.001,2.8511376
2150.0,2.884976
2152.0,2.924504
2154.0,2.952703
2156.0,2.983318
2158.0,3.005072
2160.0,3.032464
2162.0,3.055829
2164.0,3.075165
2166.0,3.093696
2167.999,3.10986
2170.0,3.125167
2172.0,3.138863
2174.001,3.155783
2176.0,3.165451
2178.0,3.178342
2180.0,3.186399
2182.0,3.196067
2183.999,3.20493
2186.0,3.2121808
2188.0,3.219431
2190.001,3.227488
2192.0,3.23635
2194.001,3.241185
2196.0,3.246826
2198.0,3.250854
2200.0,3.255687
2202.0,3.258911
2204.0,3.262939
2206.001,3.266161
2208.0,3.268578
2210.001,3.273412
2212.0,3.268578
2214.0,3.278246
2216.0,3.27744
2218.0,3.282275
2220.0,3.280663
2222.0,3.283885
2224.0,3.287914
2226.0,3.045356
2228.0,2.79474
2229.999,2.566682
2232.0,2.355545
2234.0,2.165356
2236.001,1.9880564
2238.0,1.82526
2240.0,1.678626
2242.0,1.546445
2244.0,1.417487
2245.999,1.302275
2248.0,1.194264
2250.0,1.095166
2252.001,1.012131
2254.0,0.931563
2256.001,0.8445498
2258.0,0.7848798
2260.0,0.7228426
2262.0,0.667251
2264.0,0.6083864
2266.0,0.5648798
2268.001,0.5181504
2270.0,0.4778667
2272.001,0.4391942
2274.0,0.4044998
2276.0,0.3722726
2278.0,0.344074
2280.0,0.3182924
2282.0,0.2908994
2284.001,0.2683405
2286.0,0.2481986
2288.0,0.2264454
2290.0,0.2095261
2291.999,0.196585
2294.0,0.18047144
2296.0,0.1619409
2298.001,0.15388416
2300.0,0.141799
2302.0,0.1289082
2304.0,0.1208514
2306.0,0.1111833
2308.0,0.1039322
2310.0,0.0910414
2312.0,0.08943008
2314.001,0.082179
2316.0,0.08298464
2318.001,0.07412224
2320.0,0.06848246
2322.0,0.0612314
2324.0,0.05800869
2326.0,0.05236894
2328.0,0.0507576
2330.001,0.04028382
2332.0,0.0443122
2334.001,0.03947813
2336.0,0.03706112
2338.0,0.03867246
2340.0,0.03303272
2342.0,0.03222704
2344.0,0.03303272
2346.001,0.029004348
2348.0,0.14985576
2350.0,0.4101395
2352.0,0.6487204
2353.999,0.8679146
2356.0,1.0685784
2358.0,1.246683
2360.001,1.416681
2362.0,1.5835064
2364.0,1.7132704
2366.0,1.8421784
2368.0,1.9638864
2370.0,2.070285
2372.0,2.17019
2374.0,2.264453
2376.001,2.345877
2378.0,2.424029
2380.001,2.496589
2382.0,2.560237
2384.0,2.614217
2386.0,2.6770608
2388.0,2.714977
2390.0,2.775402
2392.001,2.817298
2394.0,2.85436
2396.001,2.893888
2398.0,2.927726
2400.0,2.957536
2402.0,2.984124
2404.0,3.009905
2406.001,3.030047
2408.001,3.057441
2410.0,3.078388
2412.0,3.095357
2414.0,3.113888
2415.999,3.129196
2418.0,3.142087
2420.0,3.153366
2422.001,3.165451
2424.0,3.177536
2426.0,3.187204
2428.0,3.197679
2430.0,3.207346
2432.0,3.215403
2434.0,3.221043
2436.0,3.2291
2438.001,3.230711
2440.0,3.239573
2442.001,3.24602
2444.0,3.24199
2446.0,3.254882
2448.0,3.258105
2450.0,3.263744
2452.0,3.273412
2454.001,3.268578
2456.0,3.272606
2458.001,3.275829
2460.0,3.278246
2462.0,3.280663
2464.0,3.285497
2466.0,3.273412
2468.001,3.281469
2470.001,3.3
2472.0,3.013129
2474.0,2.763317
2476.0,2.538484
2477.999,2.329764
2480.0,2.134739
2482.0,1.9654976
2484.001,1.802701
2486.0,1.6600952
2488.0,1.522275
2490.0,1.401373
2492.0,1.287773
2494.0,1.181373
2496.0,1.096777
2498.0,0.9992398
2500.001,0.9138382
2502.0,0.8453554
2504.001,0.7784342
2506.0,0.7196198
2508.0,0.6591944
2510.0,0.6059692
2512.0,0.5552116
2514.0,0.511705
2516.001,0.4778667
2518.0,0.4343601
2520.001,0.3996658
2522.0,0.3690501
2524.0,0.3400456
2526.0,0.3134584
2528.0,0.2892881
2530.001,0.2691461
2532.001,0.2457816
2534.0,0.2320851
2536.001,0.2071091
2538.0,0.1925566
2539.999,0.17644308
2542.0,0.164358
2544.0,0.15227284
2546.001,0.1377706
2548.0,0.12971384
2550.0,0.1224628
2552.0,0.11198896
2554.0,0.09990386
2556.0,0.1007095
2558.0,0.0910414
2560.0,0.07815058
2562.001,0.07251084
2564.0,0.07170516
2566.001,0.0636484
2568.0,0.0604257
2570.0,0.05559165
2572.0,0.05236894
2574.0,0.04914626
2576.0,0.04511786
2578.001,0.04350652
2580.0,0.04189516
2582.001,0.03706112
2584.0,0.03544975
2586.0,0.03303272
2588.0,0.03464409
2590.0,0.02739299
2592.001,0.024975968
2594.001,0.1828885
2596.0,0.4440283
2598.001,0.6769188
2600.0,0.892085
2601.999,1.0863032
2604.0,1.2732704
2606.0,1.4368224
2608.001,1.591563
2610.0,1.722133
2612.0,1.8583424
2614.0,1.97436
2616.0,2.100901
2618.0,2.179052
2620.0,2.271755
2622.0,2.358768
2624.001,2.43289
2626.0,2.504646
2628.001,2.567488
2630.0,2.628721
2632.0,2.692418
2634.0,2.734314
2636.0,2.777014
2638.0,2.821327
2640.001,2.86
2642.0,2.88986
2644.001,2.928532
2646.0,2.953508
2648.0,2.986541
2650.0,3.012323
2652.0,3.036494
2654.001,3.057441
2656.001,3.075971
2658.0,3.09289
2660.001,3.110665
2662.0,3.127584
2663.999,3.153366
2666.0,3.157395
2668.0,3.167868
2670.001,3.179147
2672.0,3.188815
2674.0,3.196067
2676.0,3.204124
2678.0,3.215403
2680.0,3.22346
2682.0,3.232322
2684.0,3.23474
2686.001,3.239573
2688.0,3.245214
2690.001,3.24602
2692.0,3.254882
2694.0,3.258105
2696.0,3.263744
2698.0,3.266161
2700.0,3.27019
2702.001,3.2718
2704.0,3.275024
2706.001,3.276635
2708.0,3.279857
2710.0,3.28308
2712.0,3.290331
2714.0,3.285497
2716.001,3.248436
2718.001,2.980095
2720.0,2.735925
2722.001,2.512702
2724.0,2.304787
2725.999,2.116209
2728.0,1.945355
2730.0,1.797866
2732.001,1.641515
2734.0,1.5101896
2736.0,1.4070128
2738.0,1.2748816
2740.0,1.180567
2742.0,1.074218
2744.0,0.9911832
2746.0,0.90981
2748.001,0.8421326
2750.0,0.7663492
2752.001,0.7083406
2754.0,0.651943
2756.0,0.601135
2758.0,0.5527948
2760.0,0.506871
2762.0,0.4617532
2764.001,0.4303318
2766.0,0.3948317
2768.001,0.3650216
2770.0,0.3352117
2772.0,0.30943
2774.0,0.2852596
2776.0,0.2635064
2778.001,0.2417532
2780.001,0.22805676
2782.0,0.2038361
2784.001,0.1909453
2786.0,0.169192
2788.001,0.1627466
2790.0,0.14985576
2792.0,0.1409933
2794.001,0.13293656
2796.0,0.1192401
2798.0,0.1111833
2800.0,0.1007095
2802.0,0.09265276
2804.0,0.0878187
2806.0,0.0813733
2808.0,0.07492788
2810.001,0.06687112
2812.0,0.0636484
2814.001,0.0604257
2816.0,0.05559165
2818.0,0.04834056
2820.0,0.06606544
2822.0,0.03947813
2824.0,0.04350652
2826.001,0.024975968
2828.0,0.03706112
2830.001,0.03464409
2832.0,0.03786679
2834.001,0.02981002
2836.0,0.02819868
2838.0,0.0306157
2840.001,0.21597156
2842.001,0.4690042
2844.0,0.7059234
2846.001,0.9162554
2848.0,1.110474
2850.001,1.292607
2852.0,1.4562092
2854.0,1.606065
2856.001,1.748721
2858.0,1.868816
2860.0,1.9856392
2862.0,2.112987
2864.0,2.19436
2866.0,2.28384
2868.0,2.3845492
2870.0,2.4433648
2872.001,2.512702
2874.0,2.578768
2876.001,2.63436
2878.0,2.68839
2880.0,2.738343
2882.0,2.785072
2884.0,2.823744
2886.0,2.864028
2888.001,2.90839
2890.0,2.928532
2892.001,2.96237
2894.0,2.985735
2896.001,3.017157
2898.0,3.040522
2900.0,3.060664
2902.001,3.079999
2904.001,3.097775
2906.0,3.113888
2908.001,3.130001
2910.0,3.155783
2912.001,3.155783
2914.0,3.16384
2916.0,3.179953
2918.001,3.186399
2920.0,3.196067
2922.0,3.208958
2924.0,3.2121808
2926.0,3.22346
2928.0,3.2291
2930.0,3.239573
2932.0,3.239573
2934.001,3.24602
2936.0,3.250854
2938.001,3.254882
2940.0,3.258911
2942.0,3.26455
2944.0,3.267772
2946.0,3.273412
2948.0,3.272606
2950.001,3.273412
2952.0,3.27744
2954.001,3.274218
2956.0,3.282275
2958.001,3.283885
2960.0,3.285497
2962.0,3.21057
2964.001,2.949479
2966.001,2.70692
2968.0,2.480476
2970.001,2.284645
2972.0,2.097679
2974.001,1.9244076
2976.0,1.7632224
2978.0,1.6254016
2980.001,1.492465
2982.0,1.371563
2984.0,1.261991
2986.0,1.1636484
2988.0,1.06455
2990.0,0.9831266
2992.0,0.8993364
2994.0,0.829242
2996.001,0.7462074
2998.0,0.7002836
3000.001,0.6454976
3002.0,0.5745476
3004.0,0.5503774
3006.0,0.5028428
3008.0,0.4649759
3010.0,0.4263034
3012.001,0.3908033
3014.0,0.3585762
3016.001,0.3448797
3018.0,0.3062074
3020.001,0.2828427
3022.0,0.2610894
3024.0,0.24014184
3026.001,0.2216113
3028.001,0.2038361
3030.0,0.1877226
3032.001,0.169192
3034.0,0.14663308
3036.001,0.14018764
3038.0,0.13615924
3040.0,0.1289082
3042.001,0.11682304
3044.0,0.11198896
3046.0,0.1007095
3048.0,0.0942641
3050.0,0.08620734
3052.0,0.07976194
3054.0,0.07170516
3056.0,0.06525976
3058.001,0.06606544
3060.0,0.05800869
3062.001,0.05639736
3064.0,0.05236894
3066.0,0.0644541
3068.0,0.04511786
3070.0,0.04028382
3072.0,0.0410895
3074.001,0.03625542
3076.0,0.02417028
3078.001,0.03222704
3080.0,0.02981002
3082.001,0.03383841
3084.0,0.025781632
3086.0,0.2481986
3088.001,0.5028428
3090.001,0.7300936
3092.0,0.938814
3094.001,1.1346436
3096.0,1.311943
3098.001,1.4731284
3100.0,1.6237904
3102.0,1.76
3104.001,1.885735
3106.0,1.997724
3108.0,2.108153
3110.0,2.20725
3112.0,2.303176
3114.0,2.375688
3116.0,2.453032
3118.0,2.521565
3120.001,2.587631
3122.0,2.642416
3124.001,2.696447
3126.0,2.747204
3128.0,2.789906
3130.0,2.832607
3132.0,2.872085
3134.0,2.904362
3136.001,2.9373948
3138.0,2.964788
3140.001,2.993792
3142.0,3.019574
3144.001,3.042939
3146.0,3.06308
3148.0,3.083222
3150.001,3.09858
3152.001,3.114693
3154.0,3.130806
3156.001,3.146116
3158.0,3.16384
3160.001,3.170286
3162.0,3.181565
3164.0,3.18801
3166.001,3.198485
3168.0,3.208958
3170.001,3.216209
3172.0,3.224265
3174.0,3.2291
3176.0,3.23635
3178.0,3.240379
3180.0,3.245214
3182.001,3.250048
3184.0,3.256493
3186.001,3.260521
3188.0,3.26455
3190.0,3.267772
3192.0,3.269384
3194.0,3.275829
3196.0,3.275829
3198.001,3.27744
3200.0,3.280663
3202.001,3.282275
3204.0,3.284691
3206.001,3.286303
3208.0,3.180759
3210.0,2.918864
3212.001,2.685974
3214.001,2.458672
3216.0,2.25398
3218.001,2.075925
3220.0,1.9018496
3222.001,1.7519432
3224.0,1.6141216
3226.0,1.479574
3228.001,1.3570608
3230.0,1.2636024
3232.001,1.1475344
3234.0,1.0540764
3236.0,0.9541222
3238.0,0.8912794
3240.0,0.818718
3242.0,0.754264
3244.001,0.694644
3246.0,0.6382466
3248.001,0.5914672
3250.0,0.556823
3252.0,0.4988143
3254.0,0.4625589
3256.0,0.4198579
3258.0,0.3883863
3260.001,0.3601876
3262.0,0.3327946
3264.001,0.3013732
3266.0,0.27962
3268.001,0.2578668
3270.0,0.23772484
3272.0,0.2191943
3274.001,0.2022247
3276.001,0.1869169
3278.0,0.1724147
3280.001,0.1587182
3282.0,0.1474387
3284.001,0.13615924
3286.0,0.1264912
3288.0,0.11682304
3290.001,0.10715492
3292.001,0.10312654
3294.001,0.0918471
3296.0,0.084596
3298.0,0.07976194
3300.0,0.0636484
3302.0,0.06848246
3304.0,0.06284276
3306.001,0.0539803
3308.0,0.0539803
3310.001,0.04995193
3312.0,0.04834056
3314.0,0.0443122
3316.0,0.04270084
3318.0,0.04028382
3320.0,0.03786679
3322.001,0.03464409
3324.0,0.03303272
3326.001,0.02981002
3328.0,0.029004348
3330.001,0.024975968
3332.0,0.2812313
3334.0,0.5310412
3336.001,0.7599038
3338.001,0.9702354
3340.0,1.1604252
3342.001,1.3328908
3344.0,1.4940764
3346.001,1.643932
3348.0,1.7793356
3350.0,1.9018496
3352.001,2.014644
3354.001,2.121044
3356.001,2.217725
3358.0,2.306399
3360.0,2.386161
3362.0,2.460284
3364.0,2.532039
3366.0,2.590047
3368.001,2.650473
3370.0,2.700475
3372.001,2.748816
3374.0,2.795546
3376.0,2.836635
3378.0,2.876113
3380.0,2.905973
3382.0,2.94384
3384.001,2.969621
3386.0,2.999432
3388.001,3.020379
3390.0,3.043744
3392.001,3.067914
3394.0,3.084028
3396.0,3.101803
3398.001,3.117916
3400.001,3.13403
3402.0,3.146116
3404.001,3.1590052
3406.0,3.166257
3408.001,3.186399
3410.0,3.191233
3412.0,3.203318
3414.001,3.2121808
3416.001,3.217821
3418.001,3.222655
3420.0,3.232322
3422.0,3.23635
3424.0,3.240379
3426.0,3.248436
3428.0,3.251659
3430.001,3.255687
3432.0,3.260521
3434.001,3.265355
3436.0,3.266161
3438.0,3.268578
3440.0,3.272606
3442.0,3.27744
3444.0,3.274218
3446.001,3.279052
3448.0,3.284691
3450.001,3.28308
3452.0,3.287109
3454.001,3.14531
3456.0,2.889054
3458.0,2.651279
3460.001,2.434502
3462.001,2.237867
3464.0,2.047676
3466.001,1.89782
3468.0,1.735023
3470.001,1.591563
3472.0,1.4626544
3474.0,1.34417
3476.001,1.244266
3478.001,1.1378668
3480.001,1.0476304
3482.0,0.958956
3484.0,0.8840284
3486.0,0.8130786
3488.0,0.747013
3490.0,0.6857816
3492.001,0.6318012
3494.0,0.5834104
3496.001,0.5382922
3498.0,0.5036484
3500.0,0.4561135
3502.0,0.4198579
3504.0,0.3859692
3506.0,0.3537423
3508.001,0.3271548
3510.0,0.2917052
3512.001,0.277203
3514.0,0.24336452
3516.001,0.2353078
3518.0,0.21194324
3520.0,0.201419
3522.001,0.1861112
3524.001,0.171609
3526.0,0.1579125
3528.001,0.1450217
3530.0,0.13696492
3532.001,0.1248798
3534.0,0.1248798
3536.0,0.1079606
3538.001,0.09909816
3540.001,0.10312654
3542.001,0.084596
3544.001,0.07815058
3546.0,0.07009382
3548.0,0.06606544
3550.0,0.0644541
3552.0,0.05800869
3554.001,0.0539803
3556.0,0.04995193
3558.001,0.05317464
3560.0,0.04511786
3562.0,0.0410895
3564.0,0.03947813
3566.0,0.03867246
3568.001,0.03625542
3570.001,0.03222704
3572.0,0.02981002
3574.001,0.02819868
3576.0,0.04028382
3578.001,0.3110413
3580.0,0.5584344
3582.0,0.7848798
3584.001,0.9927944
3586.001,1.1821788
3588.0,1.358672
3590.001,1.516635
3592.0,1.6633184
3594.001,1.795449
3596.0,1.917157
3598.0,2.025118
3600.001,2.137157
3602.001,2.22981
3604.001,2.316067
3606.001,2.396634
3608.0,2.46834
3610.0,2.5352616
3612.0,2.597299
3614.0,2.656113
3616.001,2.703698
3618.0,2.756067
3620.001,2.801991
3622.0,2.840663
3624.0,2.879336
3626.0,2.9140292
3628.0,2.94384
3630.001,2.971233
3632.001,3.004266
3634.0,3.02199
3636.001,3.047773
3638.0,3.059052
3640.001,3.088862
3642.0,3.109054
3644.0,3.112276
3646.001,3.134835
3648.001,3.148532
3650.0,3.163034
3652.001,3.174314
3654.0,3.201707
3656.001,3.196067
3658.0,3.204124
3660.001,3.2121808
3662.001,3.214598
3664.001,3.221849
3666.001,3.233128
3668.001,3.239573
3670.0,3.242797
3672.0,3.249242
3674.0,3.2532708
3676.0,3.256493
3678.001,3.254076
3680.0,3.262939
3682.001,3.266161
3684.0,3.2709952
3686.0,3.274218
3688.0,3.276635
3690.0,3.27744
3692.001,3.275829
3694.001,3.281469
3696.0,3.279857
3698.001,3.287109
3700.0,3.115499
3702.001,2.859194
3704.0,2.624692
3706.0,2.410331
3708.001,2.210473
3710.001,2.031563
3712.0,1.863982
3714.001,1.7172988
3716.0,1.5730324
3718.001,1.4481528
3720.0,1.333696
3722.001,1.222463
3724.001,1.12417
3726.001,1.0339344
3728.001,0.956539
3730.001,0.8679146
3732.0,0.804216
3734.0,0.7397616
3736.0,0.6761132
3738.0,0.6261614
3740.001,0.5769646
3742.0,0.5310412
3744.001,0.4867291
3746.0,0.4448339
3748.0,0.4142182
3750.0,0.3819409
3752.0,0.33924
3754.001,0.3247378
3756.001,0.3029846
3758.0,0.2739803
3760.001,0.2538384
3762.0,0.2336964
3764.001,0.2127489
3766.0,0.20630344
3768.0,0.1844998
3770.001,0.16999768
3772.001,0.1554955
3774.0,0.1426047
3776.001,0.13374224
3778.0,0.12004576
3780.001,0.1127947
3782.0,0.1047379
3784.001,0.09345846
3786.001,0.0910414
3788.001,0.0837903
3790.001,0.06928818
3792.001,0.07573358
3794.0,0.06767682
3796.001,0.05962004
3798.0,0.05800869
3800.0,0.05559165
3802.001,0.05156327
3804.0,0.0475349
3806.001,0.04270084
3808.0,0.03625542
3810.0,0.03867246
3812.0,0.03786679
3814.0,0.03303272
3816.001,0.03383841
3818.001,0.0306157
3820.0,0.02819868
3822.001,0.07815058
3824.0,0.346491
3826.001,0.5906612
3828.0,0.8122728
3830.0,1.0185764
3832.001,1.205543
3834.001,1.3772028
3836.0,1.5335544
3838.001,1.680237
3840.0,1.807535
3842.001,1.9236024
3844.0,2.040426
3846.001,2.1452132
3848.001,2.240283
3850.001,2.325735
3852.001,2.40308
3854.001,2.472369
3856.0,2.540902
3858.001,2.606966
3860.0,2.664976
3862.0,2.713366
3864.001,2.762513
3866.0,2.805213
3868.001,2.844692
3870.0,2.880142
3872.0,2.918058
3874.0,2.948675
3876.0,2.976873
3878.001,3.00346
3880.001,3.02763
3882.0,3.048579
3884.001,3.069526
3886.0,3.088862
3888.001,3.107442
3890.0,3.117111
3892.0,3.1356408
3894.001,3.152561
3896.001,3.161423
3898.0,3.172702
3900.001,3.183175
3902.0,3.196067
3904.001,3.203318
3906.0,3.212986
3908.001,3.218626
3910.0,3.227488
3912.001,3.2299052
3914.001,3.23635
3916.002,3.245214
3917.999,3.249242
3920.001,3.252465
3922.0,3.256493
3924.002,3.262939
3926.001,3.259715
3928.0,3.269384
3930.002,3.2718
3932.001,3.273412
3934.0,3.275829
3936.0,3.275024
3938.001,3.278246
3940.0,3.28308
3942.0,3.282275
3944.001,3.287109
3946.001,3.084028
3948.0,2.829383
3949.999,2.599716
3952.001,2.385355
3954.0,2.189526
3955.999,2.013838
3958.001,1.847818
3960.0,1.699574
3962.002,1.560947
3963.999,1.436017
3966.001,1.3167776
3968.0,1.208766
3970.001,1.114502
3972.001,1.02341
3974.0,0.9404252
3976.002,0.8630806
3978.001,0.7977706
3980.0,0.7341222
3982.0,0.6728906
3984.001,0.619716
3986.001,0.5713252
3988.0,0.526207
3990.001,0.4851177
3992.001,0.4464453
3994.002,0.4101395
3995.999,0.3771068
3998.001,0.3537423
4000.0,0.319098
4001.999,0.2949278
4004.001,0.2731746
4006.0,0.2506158
4008.002,0.2167772
4009.999,0.2151659
4012.0,0.196585
4014.0,0.1812771
4016.001,0.16677496
4018.0,0.15388416
4020.0,0.14341032
4022.001,0.13293656
4024.001,0.1224628
4026.0,0.11440604
4028.0,0.10634928
4030.001,0.0942641
4032.001,0.09023572
4034.0,0.08298464
4036.001,0.0773449
4038.001,0.0708995
4040.002,0.06525976
4041.999,0.06606544
4044.001,0.05559165
4046.0,0.05317464
4048.002,0.0507576
4050.001,0.0612314
4052.0,0.04270084
4054.002,0.04028382
4056.001,0.03947813
4058.0,0.03544975
4060.0,0.0306157
4062.001,0.02417028
4064.001,0.02981002
4066.0,0.02819868
4068.001,0.11440604
4070.001,0.3738841
4072.0,0.6156374
4073.999,0.8381044
4076.001,1.0379624
4078.0,1.223268
4079.999,1.3941224
4082.001,1.556113
4084.0,1.693128
4086.002,1.824454
4087.999,1.9445492
4090.001,2.054121
4092.0,2.154076
4094.002,2.247534
4096.0,2.335404
4098.0,2.414359
4100.002,2.486921
4102.0,2.549763
4104.0,2.611801
4106.0,2.669004
4108.0,2.720617
4110.0,2.766541
4112.0,2.801991
4114.0,2.84872
4116.0,2.885781
4118.002,2.922086
4119.998,2.951897
4122.0,2.980095
4124.0,3.005072
4126.002,3.029242
4128.0,3.051801
4130.0,3.072749
4132.002,3.097775
4133.998,3.109054
4136.0,3.123556
4138.0,3.138058
4140.002,3.156589
4142.0,3.163034
4144.0,3.175925
4146.002,3.186399
4148.0,3.196873
4150.0,3.205736
4152.0,3.21057
4154.0,3.218626
4156.0,3.227488
4158.0,3.233934
4160.0,3.2476308
4162.0,3.241185
4164.002,3.258105
4165.998,3.2532708
4168.0,3.254076
4170.0,3.261327
4172.002,3.26455
4174.0,3.2718
4176.0,3.2718
4178.002,3.276635
4180.0,3.27744
4182.0,3.279052
4184.0,3.280663
4186.0,3.279857
4188.0,3.28308
4190.0,3.287914
4192.0,3.051801
4194.0,2.800379
4196.0,2.570711
4198.0,2.369242
4200.0,2.17019
4202.0,1.991279
4204.0,1.8300936
4206.0,1.6818488
4208.0,1.544834
4210.002,1.4207092
4211.998,1.3208056
4214.0,1.199098
4216.0,1.0959712
4218.002,1.013742
4220.0,0.9299518
4222.0,0.854218
4224.002,0.7921308
4226.0,0.722037
4228.0,0.662417
4230.0,0.614026
4232.0,0.566491
4234.0,0.519762
4236.0,0.4770611
4238.0,0.4440283
4240.0,0.4069169
4242.002,0.3738841
4243.998,0.3424627
4246.0,0.3150697
4248.0,0.2973448
4250.002,0.2715632
4252.0,0.247393
4254.0,0.2296681
4256.002,0.2071091
4257.998,0.1949736
4260.0,0.17966576
4262.0,0.16355224
4264.002,0.15710684
4266.0,0.1409933
4268.0,0.13293656
4270.002,0.12165708
4272.0,0.1127947
4274.0,0.10312654
4276.0,0.09587548
4278.0,0.09023572
4280.0,0.0837903
4282.0,0.07573358
4284.0,0.0708995
4286.0,0.06606544
4288.002,0.0604257
4289.998,0.05559165
4292.0,0.04995193
4294.0,0.0475349
4296.002,0.04592355
4298.0,0.04189516
4300.0,0.0410895
4302.002,0.03786679
4304.0,0.03544975
4306.0,0.03142138
4308.0,0.02981002
4310.0,0.01933623
4312.0,0.03303272
4314.0,0.1450217
4316.0,0.4126069
4318.0,0.642275
4320.0,0.8654974
4322.0,1.062133
4324.0,1.2482944
4326.0,1.4158756
4328.0,1.5665868
4330.0,1.7108532
4332.0,1.841373
4334.002,1.9606636
4335.998,2.071897
4338.0,2.172607
4340.0,2.264453
4342.002,2.3490992
4344.0,2.422417
4346.0,2.493366
4348.002,2.561043
4350.0,2.622274
4352.0,2.676255
4354.0,2.727868
4356.0,2.771374
4358.0,2.81327
4360.0,2.853554
4362.0,2.900334
4364.0,2.924504
4366.002,2.955925
4367.998,2.988153
4370.0,3.009905
4372.0,3.03327
4374.002,3.056635
4376.0,3.075165
4378.0,3.09289
4380.002,3.110665
4381.998,3.126778
4384.0,3.138058
4386.0,3.153366
4388.002,3.156589
4390.0,3.175925
4392.0,3.187204
4394.002,3.187204
4396.0,3.20493
4398.0,3.213792
4400.0,3.221849
4402.0,3.227488
4404.0,3.233934
4406.0,3.241185
4408.0,3.245214
4410.0,3.250854
4412.002,3.254076
4413.998,3.258105
4416.0,3.266161
4418.0,3.263744
4420.002,3.268578
4422.0,3.273412
4424.0,3.27019
4426.002,3.27744
4428.0,3.279857
4430.0,3.284691
4432.0,3.28308
4434.0,3.284691
4436.0,3.287914
4438.0,3.020379
4440.0,2.769763
4442.0,2.543318
4444.0,2.347489
4446.0,2.146824
4448.0,1.970332
4450.0,1.813175
4452.0,1.6641236
4454.0,1.5279148
4456.0,1.4062072
4458.002,1.2909952
4459.998,1.184596
4462.0,1.092749
4464.0,0.9992398
4466.002,0.941231
4468.0,0.841327
4470.0,0.7784342
4472.002,0.7155916
4474.0,0.66
4476.0,0.609192
4478.0,0.556823
4480.0,0.5237902
4482.0,0.4714212
4484.0,0.4359714
4486.0,0.4044998
4488.0,0.3730785
4490.002,0.3400456
4491.998,0.3150697
4494.0,0.2900938
4496.0,0.2586724
4498.002,0.2465873
4500.0,0.2320851
4502.0,0.2095261
4504.002,0.19336224
4505.998,0.17322036
4508.0,0.17080332
4510.0,0.15630116
4512.002,0.1426047
4514.0,0.1321309
4516.0,0.13293656
4518.002,0.11037764
4520.0,0.10312654
4522.0,0.0950698
4524.0,0.08701304
4526.0,0.0813733
4528.0,0.07573358
4530.0,0.07331654
4532.0,0.0644541
4534.0,0.05881435
4536.002,0.05800869
4537.998,0.05236894
4540.0,0.05236894
4542.0,0.04592355
4544.002,0.0443122
4546.0,0.03867246
4548.0,0.03947813
4550.002,0.03706112
4552.0,0.03303272
4554.0,0.03222704
4556.0,0.03544975
4558.0,0.02819868
4560.0,0.1756374
4562.0,0.437583
4564.0,0.6608056
4566.0,0.8928906
4568.002,1.082275
4570.0,1.2660196
4572.0,1.4336
4574.0,1.58834
4576.0,1.726161
4578.0,1.854264
4580.0,1.9727484
4582.002,2.079954
4583.998,2.180663
4586.0,2.271755
4588.0,2.353128
4590.002,2.432085
4592.0,2.507868
4594.0,2.565876
4596.002,2.62308
4598.0,2.680283
4600.0,2.731091
4602.0,2.786683
4604.0,2.820521
4606.0,2.859194
4608.0,2.89711
4610.0,2.927726
4612.0,2.965593
4614.002,2.986541
4616.0,3.012323
4618.0,3.036494
4620.0,3.057441
4622.002,3.079193
4624.0,3.092084
4626.0,3.115499
4628.002,3.12275
4630.002,3.142087
4632.0,3.154977
4634.0,3.168674
4636.002,3.178342
4638.0,3.187204
4640.0,3.193651
4642.002,3.21057
4644.0,3.215403
4646.0,3.22346
4648.0,3.231516
4650.0,3.23635
4652.0,3.243602
4654.0,3.248436
4656.0,3.250854
4658.0,3.258105
4660.002,3.259715
4661.998,3.263744
4664.0,3.252465
4666.0,3.2709952
4668.002,3.2718
4670.0,3.275024
4672.0,3.278246
4674.002,3.279857
4676.0,3.28308
4678.0,3.284691
4680.0,3.287109
4682.0,3.258105
4684.0,2.988959
4686.0,2.743982
4688.0,2.519147
4690.0,2.311233
4692.002,2.120238
4694.0,1.9501892
4696.0,1.7946436
4698.0,1.6471544
4700.0,1.512607
4702.0,1.389288
4704.0,1.27891
4706.002,1.1725104
4707.998,1.0782464
4710.0,0.9936002
4712.0,0.9275346
4714.002,0.8381044
4716.0,0.7631264
4718.0,0.709952
4720.002,0.6454976
4722.0,0.6019408
4724.0,0.5536004
4726.0,0.4980085
4728.0,0.4706156
4730.0,0.4295261
4732.0,0.3932204
4734.0,0.3682443
4736.0,0.3360173
4738.002,0.302179
4740.0,0.284454
4742.0,0.272369
4744.0,0.24336452
4746.002,0.2361134
4748.0,0.2054474
4750.0,0.19416792
4752.002,0.1724147
4754.002,0.16355224
4756.0,0.15146716
4758.0,0.13857636
4760.002,0.12568552
4762.0,0.1192401
4764.0,0.11037764
4766.002,0.1007095
4768.0,0.0950698
4770.0,0.08701304
4772.0,0.08056764
4774.0,0.07492788
4776.0,0.06284276
4778.0,0.06687112
4780.0,0.05962004
4782.0,0.05559165
4784.002,0.05478598
4785.998,0.04914626
4788.0,0.0443122
4790.0,0.04189516
4792.002,0.03786679
4794.0,0.0306157
4796.0,0.03383841
4798.002,0.03142138
4800.0,0.03383841
4802.0,0.02981002
4804.0,0.025781632
4806.0,0.2079148
4808.0,0.4673928
4810.0,0.709952
4812.002,0.9033648
4814.0,1.1080568
4816.002,1.2909952
4818.0,1.4529864
4820.0,1.6052596
4822.0,1.74308
4824.0,1.863982
4826.0,1.9848332
4828.0,2.094455
4830.002,2.193554
4831.998,2.281423
4834.0,2.363602
4836.0,2.439336
4838.002,2.507868
4840.0,2.571516
4842.0,2.633555
4844.002,2.68839
4846.0,2.736731
4848.0,2.785878
4850.0,2.823744
4852.0,2.872085
4854.0,2.898722
4856.0,2.93256
4858.0,2.963176
4860.0,2.989764
4862.002,3.016351
4864.0,3.039716
4866.0,3.062274
4868.0,3.080805
4870.002,3.097775
4872.0,3.113888
4874.0,3.113082
4876.002,3.14531
4878.002,3.157395
4880.0,3.142087
4882.0,3.179953
4884.002,3.198485
4886.0,3.19929
4888.0,3.207346
4890.002,3.230711
4892.0,3.22346
4894.0,3.2299052
4896.0,3.235545
4898.0,3.24199
4900.0,3.245214
4902.0,3.246826
4904.0,3.254882
4906.0,3.260521
4908.002,3.261327
4909.998,3.266161
4912.0,3.262133
4914.0,3.2718
4916.002,3.269384
4918.0,3.279857
4920.0,3.280663
4922.002,3.282275
4924.0,3.284691
4926.0,3.286303
4928.0,3.22346
4930.0,2.951897
4932.0,2.714172
4934.0,2.497394
4936.002,2.287063
4938.0,2.101707
4940.002,1.9485776
4942.0,1.774502
4944.0,1.62943
4946.0,1.4981048
4948.0,1.378008
4950.0,1.2571564
4952.0,1.162037
4954.002,1.0677724
4955.998,0.983932
4958.0,0.9041704
4960.0,0.8308536
4962.002,0.7655436
4964.0,0.7051178
4966.0,0.6342184
4968.002,0.5963012
4970.0,0.5479606
4972.0,0.5157336
4974.0,0.4681985
4976.0,0.4287204
4978.0,0.3859692
4980.0,0.3577706
4982.0,0.3327946
4984.0,0.307013
4986.002,0.2828427
4988.0,0.2627007
4990.0,0.24014184
4992.0,0.22322264
4994.002,0.2046418
4996.0,0.1893339
4998.0,0.1780545
5000.002,0.164358
5002.002,0.1450217
5004.0,0.1490501
5006.0,0.1281025
5008.002,0.12004576
5010.0,0.1039322
5012.0,0.09990386
5014.002,0.0950698
5016.0,0.08540166
5018.0,0.07976194
5020.0,0.07492788
5022.0,0.06848246
5024.0,0.0636484
5026.0,0.0604257
5028.0,0.05881435
5030.0,0.05156327
5032.002,0.0475349
5033.998,0.04511786
5036.0,0.04270084
5038.0,0.04189516
5040.002,0.03786679
5042.0,0.03303272
5044.0,0.02739299
5046.002,0.029004348
5048.0,0.02819868
5050.0,0.025781632
5052.0,0.24255884
5054.0,0.4907576
5056.0,0.7236482
5058.0,0.931563
5060.002,1.129004
5062.0,1.3071084
5064.002,1.4860192
5066.0,1.6141216
5068.0,1.76
5070.0,1.880901
5072.002,1.994502
5074.0,2.115404
5076.0,2.201611
5078.002,2.292702
5079.998,2.372465
5082.0,2.448199
5084.0,2.516731
5086.002,2.576352
5088.0,2.638388
5090.0,2.692418
5092.002,2.739953
5094.0,2.788294
5096.0,2.83019
5098.0,2.867251
5100.0,2.9019448
5102.0,2.933366
5104.0,2.963982
5106.0,2.993792
5108.0,3.016351
5110.002,3.042939
5112.0,3.060664
5114.0,3.081611
5116.0,3.09858
5118.002,3.116305
5120.0,3.131612
5122.0,3.144504
5124.002,3.156589
5126.002,3.16948
5128.0,3.175925
5130.0,3.189621
5132.002,3.198485
5134.0,3.21057
5136.0,3.217015
5138.002,3.222655
5140.0,3.225071
5142.0,3.233934
5144.0,3.243602
5146.0,3.24602
5148.0,3.250854
5150.0,3.255687
5152.0,3.259715
5154.0,3.262133
5156.002,3.267772
5157.998,3.26455
5160.0,3.273412
5162.0,3.27744
5164.002,3.278246
5166.0,3.281469
5168.0,3.281469
5170.002,3.280663
5172.0,3.281469
5174.0,3.187204
5176.0,2.9140292
5178.002,2.68275
5180.0,2.464312
5182.0,2.266065
5184.002,2.079954
5186.0,1.907489
5188.002,1.7551656
5190.0,1.610899
5192.0,1.481991
5194.0,1.361089
5196.002,1.252323
5198.0,1.151563
5200.0,1.059716
5202.002,0.9718466
5203.998,0.8936962
5206.0,0.8219408
5208.0,0.7550696
5210.002,0.6954496
5212.0,0.6511374
5214.0,0.5882444
5216.002,0.5423208
5218.0,0.4988143
5220.0,0.4601418
5222.0,0.4254978
5224.0,0.3891919
5226.0,0.3601876
5228.0,0.329572
5230.0,0.302179
5232.0,0.2804257
5234.002,0.2586724
5236.0,0.2361134
5238.0,0.22
5240.0,0.2030304
5242.002,0.1893339
5244.0,0.1683863
5246.0,0.16032952
5248.002,0.1474387
5250.002,0.13615924
5252.0,0.1192401
5254.0,0.11843436
5256.002,0.1079606
5258.0,0.09990386
5260.0,0.0910414
5262.002,0.06928818
5264.0,0.07976194
5266.0,0.07331654
5268.0,0.06767682
5270.0,0.06525976
5272.0,0.05962004
5274.0,0.0539803
5276.0,0.0507576
5278.0,0.04592355
5280.002,0.04511786
5281.998,0.0410895
5284.0,0.02094758
5286.0,0.03706112
5288.002,0.03383841
5290.0,0.03222704
5292.0,0.0306157
5294.002,0.03625542
5296.0,0.02417028
5298.0,0.2755915
5300.0,0.5245958
5302.002,0.7502356
5304.0,0.9613732
5306.0,1.153174
5308.002,1.3288624
5310.0,1.4884364
5312.002,1.6358752
5314.0,1.774502
5316.0,1.902655
5318.0,2.012227
5320.002,2.117821
5322.0,2.22417
5324.0,2.298342
5326.002,2.383745
5327.998,2.457866
5330.0,2.526399
5332.0,2.5884368
5334.002,2.647251
5336.0,2.698863
5338.0,2.746399
5340.002,2.79474
5342.0,2.83583
5344.0,2.884976
5346.0,2.907585
5348.0,2.943035
5350.0,2.955925
5352.0,2.99782
5354.0,3.012323
5356.0,3.04455
5358.002,3.065498
5360.0,3.084028
5362.0,3.100191
5364.0,3.117916
5366.002,3.132418
5368.0,3.148532
5370.0,3.1590052
5372.002,3.173508
5374.002,3.182371
5376.0,3.192845
5378.0,3.198485
5380.002,3.209764
5382.0,3.219431
5384.0,3.225877
5386.002,3.2291
5388.0,3.239573
5390.0,3.244408
5392.0,3.249242
5394.0,3.252465
5396.0,3.256493
5398.0,3.261327
5400.0,3.265355
5402.0,3.27019
5404.002,3.27019
5405.998,3.272606
5408.0,3.275024
5410.0,3.27744
5412.002,3.280663
5414.0,3.281469
5416.0,3.285497
5418.002,3.286303
5420.0,3.147726
5422.0,2.89711
5424.0,2.65853
5426.002,2.442559
5428.0,2.242701
5430.0,2.057345
5432.002,1.8897636
5434.0,1.738246
5436.002,1.597203
5438.0,1.4715172
5440.0,1.339336
5442.0,1.241849
5444.002,1.1402832
5446.0,1.0460192
5448.0,0.9621788
5450.002,0.8840284
5451.998,0.8146898
5454.0,0.7486244
5456.0,0.6873928
5458.002,0.6334124
5460.0,0.5834104
5462.0,0.5390978
5464.002,0.494786
5466.0,0.4625589
5468.0,0.4206635
5470.0,0.3859692
5472.0,0.3529366
5474.0,0.3271548
5476.0,0.307013
5478.0,0.277203
5480.0,0.2538384
5482.002,0.2345021
5484.0,0.2167772
5486.0,0.1877226
5488.0,0.17966576
5490.002,0.17322036
5492.0,0.1587182
5494.0,0.14663308
5496.002,0.13696492
5498.002,0.1264912
5500.0,0.11601738
5502.0,0.10312654
5504.002,0.1015152
5506.0,0.0918471
5508.0,0.08620734
5510.002,0.07895626
5512.0,0.0974868
5514.0,0.06606544
5516.0,0.0636484
5518.0,0.05720302
5520.0,0.05478598
5522.0,0.0507576
5524.0,0.0475349
5526.0,0.04511786
5528.002,0.0410895
5529.998,0.03947813
5532.0,0.03544975
5534.0,0.02819868
5536.002,0.03222704
5538.0,0.02739299
5540.0,0.02739299
5542.002,0.04189516
5544.0,0.2949278
5546.0,0.551183
5548.0,0.7736002
5550.002,0.9871548
5552.0,1.174122
5554.0,1.351421
5556.002,1.5077724
5558.0,1.656873
5560.002,1.788198
5562.0,1.9091
5564.0,2.033175
5566.0,2.130711
5568.002,2.225782
5570.0,2.31365
5572.0,2.393412
5574.002,2.45706
5576.002,2.536873
5578.0,2.595687
5580.0,2.654501
5582.002,2.706115
5584.0,2.755261
5586.0,2.798768
5588.002,2.837441
5590.0,2.875307
5592.0,2.90839
5594.0,2.942229
5596.0,2.973649
5598.0,2.999432
5600.0,3.023602
5602.0,3.04455
5604.0,3.0671084
5606.002,3.080805
5608.0,3.103414
5610.0,3.121945
5612.0,3.134835
5614.002,3.146921
5616.0,3.162229
5618.0,3.174314
5620.002,3.183175
5622.002,3.191233
5624.0,3.204124
5626.0,3.211375
5628.002,3.219431
5630.0,3.226683
5632.0,3.232322
5634.002,3.237962
5636.0,3.241185
5638.002,3.249242
5640.0,3.252465
5642.0,3.256493
5644.0,3.262133
5646.0,3.26455
5648.0,3.266967
5650.0,3.269384
5652.002,3.2718
5653.998,3.275829
5656.0,3.276635
5658.0,3.281469
5660.002,3.28308
5662.0,3.286303
5664.0,3.287109
5666.002,3.121945
5668.002,2.8632224
5670.0,2.631137
5672.0,2.415165
5674.002,2.216113
5676.0,2.037203
5678.0,1.8720384
5680.002,1.71891
5682.0,1.576255
5684.002,1.4505692
5686.0,1.3328908
5688.0,1.2248796
5690.0,1.125781
5692.002,1.0355456
5694.0,0.9508994
5696.0,0.8727484
5698.002,0.8058272
5700.002,0.7421788
5702.0,0.6817532
5704.0,0.6237444
5706.002,0.5785762
5708.0,0.531847
5710.0,0.4891463
5712.002,0.4440283
5714.0,0.4174409
5716.0,0.3787182
5718.0,0.3505195
5720.0,0.3239322
5722.0,0.2997619
5724.0,0.2747859
5726.0,0.2457816
5728.0,0.2304737
5730.002,0.21597156
5732.0,0.196585
5734.0,0.1780545
5736.0,0.16999768
5738.002,0.15630116
5740.0,0.1458274
5742.0,0.13615924
5744.002,0.12407414
5746.002,0.11440604
5748.0,0.1039322
5750.0,0.0813733
5752.002,0.08701304
5754.0,0.07976194
5756.0,0.07895626
5758.002,0.0708995
5760.0,0.06848246
5762.002,0.0636484
5764.0,0.05881435
5766.0,0.04350652
5768.0,0.04834056
5770.0,0.0475349
5772.0,0.04350652
5774.0,0.04028382
5776.002,0.03867246
5778.0,0.03303272
5780.0,0.03544975
5782.0,0.029004348
5784.002,0.02981002
5786.0,0.02739299
5788.0,0.07170516
5790.002,0.3376286
5792.002,0.581799
5794.0,0.8026046
5796.0,1.0081024
5798.002,1.191847
5800.0,1.3699516
5802.0,1.5287204
5804.002,1.673792
5806.0,1.8051184
5808.002,1.921991
5810.0,2.037203
5812.0,2.137963
5814.0,2.237867
5816.002,2.324124
5818.0,2.4022748
5820.0,2.473979
5822.002,2.543318
5824.002,2.602132
5826.0,2.656919
5828.0,2.697253
5830.002,2.760095
5832.0,2.806019
5834.0,2.846303
5836.002,2.883364
5838.0,2.915641
5840.0,2.948675
5842.0,2.976873
5844.0,3.00346
5846.0,3.02763
5848.0,3.051801
5850.0,3.072749
5852.0,3.091278
5854.002,3.1058316
5856.0,3.125167
5858.0,3.133224
5860.0,3.149338
5862.002,3.16384
5864.0,3.175119
5866.0,3.181565
5868.002,3.195261
5870.002,3.20493
5872.0,3.209764
5874.0,3.219431
5876.002,3.224265
5878.0,3.233128
5880.0,3.241185
5882.002,3.244408
5884.0,3.24602
5886.002,3.250854
5888.0,3.257299
5890.0,3.260521
5892.0,3.266161
5894.0,3.268578
5896.0,3.2718
5898.0,3.273412
5900.002,3.279052
5902.0,3.27744
5904.0,3.287109
5906.0,3.281469
5908.002,3.295971
5910.0,3.287914
5912.0,3.089668
5914.002,2.826967
5916.002,2.60455
5918.0,2.39019
5920.0,2.192748
5922.002,2.014644
5924.0,1.851847
5926.0,1.7027968
5928.002,1.563364
5930.0,1.4384344
5932.002,1.3183888
5934.0,1.216823
5936.0,1.115308
5938.0,1.025827
5940.002,0.9372028
5942.0,0.8679146
5944.0,0.7985762
5946.002,0.7341222
5948.002,0.6728906
5950.0,0.6180542
5952.0,0.5713252
5954.002,0.526207
5956.0,0.4851177
5958.0,0.4456396
5960.002,0.4101395
5962.0,0.3738841
5964.0,0.346491
5966.0,0.3303776
5968.0,0.2892881
5970.0,0.2691461
5972.0,0.2506158
5974.002,0.23127948
5976.0,0.2095261
5978.002,0.19739064
5980.0,0.1820828
5982.0,0.16677496
5984.0,0.15388416
5986.002,0.1474387
5988.0,0.1321309
5990.0,0.12407414
5992.002,0.1176287
5994.002,0.1047379
5996.0,0.0974868
5998.0,0.0910414
6000.002,0.084596
6002.0,0.0773449
6004.0,0.07251084
6006.002,0.06767682
6008.0,0.05236894
6010.002,0.05639736
6012.0,0.0539803
6014.0,0.05478598
6016.0,0.0475349
6018.0,0.0306157
6020.0,0.04028382
6022.0,0.03867246
6024.002,0.03222704
6026.0,0.03383841
6028.0,0.0306157
6030.0,0.02739299
6032.002,0.029004348
6034.0,0.10312654
6036.0,0.3682443
6038.002,0.609192
6040.002,0.8146898
6042.0,1.03474
6044.0,1.21924
6046.002,1.3828424
6048.0,1.544028
6050.0,1.6939336
6052.002,1.823648
6054.0,1.941327
6056.002,2.032369
6058.0,2.154076
6060.0,2.249952
6062.0,2.336209
6064.002,2.414359
6066.0,2.492561
6068.0,2.5529868
6070.002,2.613412
6072.002,2.667392
6074.0,2.723033
6076.0,2.77218
6078.002,2.8100476
6080.0,2.84872
6082.0,2.886587
6084.002,2.920475
6086.0,2.951091
6088.0,2.978484
6090.0,3.001849
6092.0,3.030047
6094.0,3.052607
6096.0,3.071137
6098.002,3.091278
6100.0,3.091278
6102.002,3.121139
6104.0,3.133224
6106.0,3.148532
6108.0,3.16384
6110.002,3.179953
6112.0,3.185593
6114.0,3.193651
6116.002,3.198485
6118.002,3.211375
6120.0,3.219431
6122.0,3.208152
6124.002,3.233934
6126.0,3.237156
6128.0,3.243602
6130.002,3.2476308
6132.0,3.241185
6134.002,3.257299
6136.0,3.261327
6138.0,3.26455
6140.0,3.268578
6142.002,3.272606
6144.0,3.272606
6146.0,3.276635
6148.002,3.278246
6150.0,3.281469
6152.0,3.283885
6154.0,3.287109
6156.002,3.285497
6158.0,3.055024
6160.0,2.806019
6162.002,2.577962
6164.002,2.3611848
6166.0,2.173413
6168.0,1.996113
6170.002,1.831705
6172.0,1.685877
6174.0,1.544834
6176.002,1.4231264
6178.0,1.3079144
6180.002,1.2023208
6182.0,1.1032224
6184.0,1.014548
6186.0,0.9307574
6188.002,0.8590522
6190.0,0.7905194
6192.0,0.724454
6194.002,0.6680566
6196.002,0.6148316
6198.0,0.566491
6200.0,0.5213732
6202.002,0.481895
6204.0,0.44
6206.0,0.4061112
6208.002,0.3746899
6210.0,0.3448797
6212.0,0.3336003
6214.0,0.2900938
6216.0,0.2643122
6218.0,0.24900424
6220.0,0.2288624
6222.002,0.20872048
6224.0,0.1957793
6226.002,0.18047144
6228.0,0.1659693
6230.0,0.14985576
6232.0,0.1426047
6234.002,0.1313252
6236.0,0.12165708
6238.0,0.1127947
6240.002,0.09990386
6242.002,0.0942641
6244.0,0.08943008
6246.0,0.08540166
6248.002,0.07653924
6250.0,0.07170516
6252.0,0.07412224
6254.002,0.06203707
6256.0,0.05639736
6258.002,0.0539803
6260.0,0.04995193
6262.0,0.04672923
6264.0,0.04350652
6266.002,0.03706112
6268.0,0.03706112
6270.0,0.03464409
6272.002,0.03383841
6274.0,0.0306157
6276.0,0.029004348
6278.0,0.025781632
6280.002,0.1345479
6282.0,0.3948317
6284.0,0.635024
6286.002,0.8566352
6288.002,1.0589104
6290.0,1.2458776
6292.0,1.411847
6294.002,1.5641696
6296.0,1.707631
6298.0,1.836539
6300.002,1.9534128
6302.0,2.066257
6304.002,2.169384
6306.0,2.259619
6308.0,2.34346
6310.0,2.420805
6312.002,2.493366
6314.0,2.555403
6316.0,2.617441
6318.002,2.674643
6320.002,2.725451
6322.0,2.773792
6324.0,2.814076
6326.002,2.852748
6328.0,2.88986
6330.0,2.925309
6332.002,2.953508
6334.0,2.98493
6336.0,3.011517
6338.0,3.032464
6340.002,3.055829
6342.0,3.074359
6344.0,3.092084
6346.002,3.110665
6348.0,3.125973
6350.002,3.140476
6352.0,3.160617
6354.0,3.167062
6356.0,3.174314
6358.002,3.189621
6360.0,3.200901
6362.0,3.204124
6364.002,3.213792
6366.002,3.221043
6368.0,3.228294
6370.0,3.235545
6372.002,3.238768
6374.0,3.244408
6376.0,3.2476308
6378.002,3.2532708
6380.0,3.260521
6382.002,3.263744
6384.0,3.266161
6386.0,3.2718
6388.0,3.258911
6390.002,3.274218
6392.0,3.27744
6394.0,3.283885
6396.002,3.282275
6398.0,3.28308
6400.0,3.286303
6402.0,3.287914
6404.002,3.0260184
6406.0,2.776208
6408.0,2.550569
6410.002,2.341849
6412.002,2.149242
6414.0,1.9751656
6416.0,1.8139804
6418.002,1.6673468
6420.0,1.531943
6422.0,1.408624
6424.002,1.2942184
6426.0,1.1934584
6428.002,1.091943
6430.0,1.0032684
6432.0,0.9283404
6434.0,0.8493842
6436.002,0.7824624
6438.0,0.7188142
6440.0,0.6616112
6442.002,0.6099976
6444.002,0.5640742
6446.0,0.5181504
6448.0,0.4762554
6450.002,0.4367773
6452.0,0.4020827
6454.0,0.3698557
6456.002,0.3408514
6458.0,0.3134584
6460.0,0.2892881
6462.0,0.2659236
6464.002,0.2441703
6466.0,0.2304737
6468.0,0.2030304
6470.002,0.19336224
6472.0,0.19175096
6474.002,0.16355224
6476.0,0.15307848
6478.0,0.14985576
6480.0,0.13051952
6482.002,0.1208514
6484.0,0.1111833
6486.0,0.10312654
6488.002,0.09668114
6490.002,0.08943008
6492.0,0.08056764
6494.0,0.07573358
6496.002,0.07170516
6498.0,0.06203707
6500.0,0.0604257
6502.002,0.05478598
6504.0,0.0539803
6506.002,0.04914626
6508.0,0.04592355
6510.0,0.029004348
6512.0,0.04350652
6514.002,0.03867246
6516.0,0.03544975
6518.0,0.03383841
6520.002,0.0306157
6522.002,0.0306157
6524.0,0.02739299
6526.0,0.16999768
6528.002,0.4327487
6530.0,0.6680566
6532.0,0.8816112
6534.002,1.082275
6536.002,1.2660196
6538.0,1.428766
6540.0,1.5835064
6542.002,1.726161
6544.0,1.854264
6546.0,1.9654976
6548.002,2.067869
6550.0,2.176635
6552.002,2.27095
6554.0,2.353128
6556.0,2.43289
6558.0,2.499006
6560.002,2.560237
6562.0,2.627109
6564.0,2.680283
6566.002,2.731091
6568.002,2.777014
6570.0,2.819716
6572.0,2.856777
6574.002,2.8955
6576.0,2.926114
6578.0,2.958342
6580.002,2.985735
6582.0,3.012323
6584.002,3.035687
6586.0,3.056635
6588.002,3.074359
6590.0,3.095357
6592.0,3.113082
6594.002,3.118721
6596.0,3.142087
6598.002,3.154977
6600.0,3.166257
6602.0,3.172702
6604.0,3.188815
6606.002,3.198485
6608.0,3.206541
6610.0,3.214598
6612.002,3.222655
6614.002,3.230711
6616.0,3.237156
6618.0,3.240379
6620.002,3.24602
6622.0,3.250048
6624.0,3.255687
6626.002,3.261327
6628.0,3.26455
6630.002,3.2709952
6632.0,3.272606
6634.0,3.282275
6636.0,3.274218
6638.002,3.279052
6640.0,3.28308
6642.0,3.284691
6644.002,3.285497
6646.002,3.28872
6648.0,3.266161
6650.0,2.997015
6652.002,2.749622
6654.0,2.524788
6656.0,2.315262
6658.002,2.128294
6660.002,1.9534128
6662.0,1.7946436
6664.0,1.6520388
6666.002,1.516635
6668.0,1.4231264
6670.0,1.281327
6672.002,1.1749276
6674.0,1.0838864
6676.002,0.9944058
6678.0,0.9307574
6680.0,0.8356876
6682.0,0.7736002
6684.002,0.7131746
6686.0,0.6559716
6688.0,0.604358
6690.002,0.5552116
6692.002,0.5125108
6694.0,0.4698098
6696.0,0.4343601
6698.002,0.4004715
6700.0,0.3658272
6702.0,0.3424627
6704.002,0.311847
6706.0,0.2876767
6708.002,0.2635064
6710.0,0.2441703
6712.002,0.21033176
6714.0,0.2071091
6716.0,0.1861112
6718.002,0.17644308
6720.0,0.1659693
6722.002,0.14985576
6724.0,0.1248798
6726.0,0.1224628
6728.0,0.12165708
6730.002,0.10634928
6732.0,0.1039322
6734.0,0.0942641
6736.002,0.08298464
6738.002,0.08056764
6740.0,0.07573358
6742.0,0.07251084
6744.002,0.0644541
6746.0,0.04511786
6748.0,0.04995193
6750.002,0.05720302
6752.0,0.04914626
6754.002,0.04189516
6756.0,0.04189516
6758.0,0.03947813
6760.0,0.03544975
6762.002,0.03544975
6764.0,0.03303272
6766.0,0.016919208
6768.002,0.02819868
6770.002,0.02658732
6772.0,0.2022247
6774.0,0.4577248
6776.002,0.6922268
6778.0,0.904976
6780.0,1.1024168
6782.002,1.28455
6784.002,1.4505692
6786.0,1.598814
6788.0,1.749526
6790.002,1.8623708
6792.0,1.982417
6794.0,2.09365
6796.002,2.191943
6798.0,2.280617
6800.002,2.3611848
6802.0,2.436919
6804.0,2.505451
6806.0,2.573934
6808.002,2.631943
6810.0,2.686778
6812.0,2.735925
6814.002,2.781849
6816.002,2.823744
6818.0,2.861611
6820.0,2.89711
6822.002,2.93256
6824.0,2.959954
6826.0,2.986541
6828.002,3.014739
6830.002,3.035687
6832.002,3.059858
6834.0,3.079193
6836.002,3.096969
6838.0,3.113888
6840.0,3.129196
6842.002,3.151755
6844.0,3.153366
6846.002,3.167062
6848.0,3.179953
6850.0,3.189621
6852.0,3.200096
6854.002,3.208958
6856.0,3.215403
6858.0,3.222655
6860.002,3.228294
6862.002,3.233128
6864.0,3.24199
6866.0,3.246826
6868.002,3.249242
6870.0,3.256493
6872.0,3.259715
6874.002,3.257299
6876.0,3.266967
6878.002,3.262133
6880.0,3.273412
6882.0,3.275024
6884.0,3.274218
6886.002,3.278246
6888.0,3.28308
6890.0,3.28308
6892.002,3.285497
6894.002,3.230711
6896.0,2.963176
6898.0,2.720617
6900.002,2.4982
6902.0,2.292702
6904.0,2.108153
6906.002,1.9348816
6908.002,1.7680568
6910.0,1.6326524
6912.0,1.499716
6914.002,1.380425
6916.0,1.2676308
6918.0,1.1644536
6920.002,1.069384
6922.0,0.9855436
6924.002,0.904976
6926.0,0.834076
6928.0,0.7631264
6930.0,0.7188142
6932.002,0.6487204
6934.0,0.5930784
6936.0,0.5584344
6938.002,0.5060654
6940.002,0.481895
6942.0,0.427109
6944.0,0.3948317
6946.002,0.3763011
6948.0,0.334406
6950.0,0.3062074
6952.002,0.2860654
6954.002,0.2610894
6956.002,0.2361134
6958.0,0.22241696
6960.002,0.2054474
6962.0,0.1885282
6964.0,0.1740261
6966.002,0.1554955
6968.0,0.15066144
6970.002,0.1409933
6972.0,0.1272968
6974.0,0.1152117
6976.0,0.1111833
6978.002,0.1079606
6980.0,0.09265276
6982.0,0.08701304
6984.002,0.0813733
6986.002,0.07895626
6988.0,0.06928818
6990.0,0.06525976
6992.002,0.06203707
6994.0,0.0539803
6996.0,0.05236894
6998.002,0.04914626
7000.0,0.0410895
7002.002,0.05156327
7004.0,0.03786679
7006.0,0.03625542
7008.0,0.025781632
7010.002,0.02658732
7012.0,0.0306157
7014.0,0.02819868
7016.002,0.02658732
7018.002,0.2393362
7020.0,0.4891463
7022.0,0.7196198
7024.002,0.924312
7026.002,1.1233648
7028.0,1.303886
7030.002,1.466683
7032.002,1.61815
7034.0,1.7559716
7036.0,1.87929
7038.002,1.993696
7040.0,2.102512
7042.0,2.198388
7044.002,2.290285
7046.0,2.37166
7048.002,2.448199
7050.0,2.536067
7052.0,2.579574
7054.0,2.633555
7056.002,2.690807
7058.0,2.741565
7060.0,2.7891
7062.002,2.829383
7064.002,2.867251
7066.0,2.900334
7068.0,2.93256
7070.002,2.963982
7072.0,2.992181
7074.0,3.018768
7076.002,3.041328
7078.002,3.062274
7080.002,3.080805
7082.0,3.095357
7084.002,3.115499
7086.0,3.130806
7088.002,3.144504
7090.002,3.157395
7092.0,3.1710908
7094.002,3.181565
7096.0,3.189621
7098.0,3.19929
7100.0,3.209764
7102.002,3.218626
7104.0,3.225877
7106.0,3.232322
7108.002,3.237962
7110.002,3.242797
7112.0,3.246826
7114.0,3.250854
7116.002,3.255687
7118.0,3.261327
7120.0,3.26455
7122.002,3.2718
7124.0,3.2718
7126.002,3.272606
7128.0,3.275829
7130.0,3.278246
7132.0,3.283885
7134.002,3.28308
7136.002,3.284691
7138.0,3.285497
7140.002,3.196067
7142.002,2.93659
7144.0,2.691613
7146.0,2.469951
7148.002,2.269338
7150.002,2.0863984
7152.0,1.916351
7154.002,1.7519432
7156.002,1.618956
7158.0,1.4900476
7160.0,1.365923
7162.002,1.253128
7164.0,1.14834
7166.0,1.0589104
7168.002,0.9742638
7170.0,0.8961132
7172.002,0.8235522
7174.0,0.7599038
7176.0,0.6986724
7178.0,0.6374408
7180.002,0.6035522
7182.0,0.5439324
7184.0,0.4988143
7186.002,0.4609474
7188.002,0.4230805
7190.0,0.3891919
7192.0,0.359382
7194.002,0.3271548
7196.0,0.3029846
7198.0,0.2828427
7200.002,0.2586724
7202.002,0.2393362
7204.002,0.2216113
7206.0,0.2030304
7208.002,0.1877226
7210.0,0.1748318
7212.002,0.1659693
7214.002,0.14824448
7216.0,0.13696492
7218.002,0.1264912
7220.0,0.11682304
7222.0,0.1079606
7224.0,0.0974868
7226.002,0.0878187
7228.0,0.08540166
7230.0,0.0813733
7232.002,0.07331654
7234.002,0.06928818
7236.0,0.03464409
7238.0,0.05962004
7240.002,0.05156327
7242.0,0.05156327
7244.0,0.04914626
7246.002,0.0443122
7248.0,0.04592355
7250.002,0.03222704
7252.0,0.03706112
7254.0,0.03303272
7256.0,0.03544975
7258.002,0.024975968
7260.002,0.025781632
7262.0,0.02417028
7264.002,0.2675348
7266.002,0.519762
7268.0,0.7486244
7270.0,0.9573448
7272.002,1.14834
7274.002,1.324834
7276.0,1.4860192
7278.002,1.6334584
7280.002,1.769668
7282.0,1.894597
7284.0,2.00981
7286.002,2.115404
7288.0,2.199999
7290.0,2.298342
7292.002,2.380521
7294.0,2.446587
7296.002,2.5296216
7298.0,2.589242
7300.0,2.649668
7302.0,2.702087
7304.002,2.759289
7306.0,2.789906
7308.0,2.828577
7310.002,2.871279
7312.002,2.907585
7314.0,2.940618
7316.0,2.96801
7318.002,2.995404
7320.002,3.022796
7322.0,3.041328
7324.002,3.059858
7326.002,3.083222
7328.002,3.100997
7330.0,3.116305
7332.002,3.133224
7334.0,3.146116
7336.002,3.157395
7338.002,3.168674
7340.0,3.180759
7342.002,3.188815
7344.0,3.198485
7346.0,3.208152
7348.0,3.216209
7350.002,3.222655
7352.0,3.226683
7354.0,3.233128
7356.002,3.240379
7358.002,3.246826
7360.0,3.251659
7362.0,3.250048
7364.002,3.261327
7366.0,3.262939
7368.0,3.266161
7370.002,3.269384
7372.0,3.274218
7374.002,3.275829
7376.0,3.278246
7378.0,3.279052
7380.0,3.280663
7382.002,3.284691
7384.002,3.285497
7386.0,3.154172
7388.002,2.900334
7390.002,2.663364
7392.0,2.447393
7394.0,2.245118
7396.002,2.06384
7398.002,1.894597
7400.0,1.7422744
7402.002,1.596397
7404.002,1.468295
7406.0,1.3498092
7408.0,1.241849
7410.002,1.141089
7412.0,1.0492416
7414.0,0.9629844
7416.002,0.8888622
7418.0,0.8235522
7420.002,0.74379
7422.0,0.6914212
7424.0,0.6382466
7426.0,0.584216
7428.002,0.5374866
7430.0,0.494786
7432.0,0.4553079
7434.002,0.4198579
7436.002,0.3843578
7438.0,0.3585762
7440.0,0.3287663
7442.002,0.3029846
7444.002,0.2651178
7446.0,0.259478
7448.002,0.23853052
7450.002,0.2151659
7452.002,0.2046418
7454.0,0.1836942
7456.002,0.17080332
7458.0,0.15710684
7460.002,0.1458274
7462.002,0.13374224
7464.0,0.1264912
7466.002,0.1127947
7468.0,0.09909816
7470.0,0.0974868
7472.0,0.0910414
7474.002,0.08620734
7476.0,0.0773449
7478.0,0.07412224
7480.002,0.0708995
7482.002,0.0644541
7484.0,0.05962004
7486.0,0.05317464
7488.002,0.0507576
7490.0,0.0475349
7492.0,0.04511786
7494.002,0.04270084
7496.0,0.03867246
7498.002,0.03867246
7500.0,0.03383841
7502.002,0.0306157
7504.0,0.02981002
7506.002,0.03464409
7508.002,0.0
7510.0,0.3013732
7512.002,0.5334584
7514.002,0.776823
7516.0,0.9823208
7518.0,1.166871
7520.002,1.349004
7522.002,1.5085784
7524.0,1.654456
7526.002,1.788198
7528.002,1.9115172
7530.002,2.026729
7532.0,2.129906
7534.002,2.208056
7536.0,2.312038
7538.0,2.392606
7540.002,2.465117
7542.0,2.532039
7544.002,2.595687
7546.0,2.652891
7548.0,2.706115
7550.0,2.75365
7552.002,2.797157
7554.0,2.837441
7556.0,2.871279
7558.002,2.911613
7560.002,2.941423
7562.0,2.975261
7564.0,2.991375
7566.002,3.0260184
7568.002,3.048579
7570.0,3.057441
7572.002,3.086444
7574.002,3.102608
7576.002,3.117111
7578.0,3.136446
7580.002,3.151755
7582.0,3.161423
7584.002,3.172702
7586.002,3.183175
7588.0,3.192039
7590.002,3.200901
7592.002,3.194456
7594.0,3.219431
7596.0,3.225071
7598.002,3.231516
7600.0,3.237156
7602.0,3.246826
7604.002,3.245214
7606.002,3.252465
7608.0,3.257299
7610.0,3.262939
7612.002,3.266161
7614.0,3.268578
7616.0,3.272606
7618.002,3.275024
7620.0,3.275829
7622.002,3.279857
7624.0,3.280663
7626.002,3.28308
7628.0,3.285497
7630.002,3.287914
7632.002,3.130806
7634.0,2.874502
7636.002,2.636777
7638.002,2.426445
7640.0,2.224976
7642.0,2.040426
7644.002,1.8615652
7646.002,1.7245496
7648.0,1.5827004
7650.002,1.4578208
7652.002,1.336113
7654.002,1.2281024
7656.0,1.125781
7658.002,1.0387684
7660.0,0.9573448
7662.0,0.8783884
7664.002,0.8074384
7666.0,0.7429844
7668.002,0.6849756
7670.0,0.6285782
7672.0,0.5801876
7674.0,0.534264
7676.002,0.4907576
7678.0,0.4512796
7680.0,0.4182466
7682.002,0.3819409
7684.002,0.3505195
7686.0,0.3247378
7688.0,0.2989562
7690.002,0.272369
7692.002,0.2538384
7694.0,0.2353078
7696.002,0.2143602
7698.002,0.1981963
7700.002,0.1836942
7702.0,0.16999768
7704.002,0.15630116
7706.0,0.144216
7708.002,0.13374224
7710.002,0.1248798
7712.0,0.1127947
7714.002,0.1039322
7716.002,0.09345846
7718.0,0.0918471
7720.0,0.08298464
7722.002,0.08056764
7724.0,0.07251084
7726.0,0.06928818
7728.002,0.0604257
7730.002,0.05720302
7732.0,0.05236894
7734.0,0.04914626
7736.002,0.04350652
7738.0,0.04350652
7740.0,0.0410895
7742.002,0.03786679
7744.0,0.03625542
7746.002,0.03625542
7748.0,0.03222704
7750.002,0.02739299
7752.0,0.029004348
7754.002,0.06284276
7756.002,0.331989
7758.0,0.5769646
7760.002,0.8009934
7762.002,1.0056856
7764.0,1.191041
7766.0,1.351421
7768.002,1.5238864
7770.002,1.670569
7772.0,1.8043124
7774.002,1.9236024
7776.002,2.0355916
7778.002,2.141185
7780.0,2.233838
7782.002,2.3192908
7784.0,2.399052
7786.0,2.475642
7788.002,2.541706
7790.0,2.605356
7792.002,2.660141
7794.0,2.716588
7796.0,2.757678
7798.0,2.8044076
7800.002,2.843887
7802.0,2.882558
7804.0,2.917252
7806.002,2.947063
7808.002,2.976067
7810.0,3.001849
7812.0,3.029242
7814.004,3.046967
7816.002,3.069526
7817.998,3.081611
7820.0,3.1058316
7822.0,3.12275
7824.002,3.136446
7826.0,3.147726
7828.002,3.163034
7830.002,3.177536
7832.004,3.184787
7834.0,3.194456
7835.998,3.203318
7838.0,3.211375
7840.002,3.219431
7842.002,3.224265
7844.0,3.232322
7846.002,3.237962
7848.004,3.244408
7850.0,3.251659
7852.002,3.251659
7853.998,3.256493
7856.0,3.258105
7858.002,3.262939
7860.004,3.268578
7862.0,3.269384
7864.002,3.274218
7866.0,3.27744
7868.0,3.27744
7870.002,3.279052
7872.0,3.281469
7874.002,3.287109
7876.002,3.287109
7878.004,3.097775
7880.0,2.842275
7881.998,2.613412
7884.0,2.39744
7886.002,2.204833
7888.002,2.019478
7890.0,1.856731
7892.002,1.7052136
7894.004,1.5665868
7896.0,1.4408516
7898.002,1.3232224
7899.998,1.2152116
7902.0,1.114502
7904.002,1.0306612
7906.004,0.9420366
7908.0,0.8695258
7910.002,0.8001876
7911.998,0.738956
7914.0,0.6736964
7916.002,0.6229388
7918.0,0.5745476
7920.0,0.5302356
7922.002,0.484312
7924.004,0.4464453
7926.002,0.4134126
7927.998,0.3771068
7930.0,0.3505195
7932.002,0.3207094
7934.002,0.2925108
7936.0,0.2755915
7938.002,0.2514214
7940.002,0.23127948
7942.0,0.2135545
7944.002,0.19739064
7945.998,0.1812771
7948.0,0.1675806
7950.002,0.15388416
7952.004,0.144216
7954.0,0.13293656
7956.002,0.12326848
7957.998,0.11440604
7960.0,0.10554354
7962.002,0.0942641
7964.0,0.08943008
7966.0,0.07895626
7968.002,0.07976194
7970.004,0.06928818
7972.002,0.06606544
7973.998,0.06284276
7976.0,0.04592355
7978.0,0.05236894
7980.002,0.04914626
7982.0,0.0475349
7984.002,0.04350652
7986.002,0.0410895
7988.004,0.0410895
7990.0,0.03786679
7991.998,0.03464409
7994.0,0.023364616
7996.002,0.02739299
7998.002,0.02094758
8000.0,0.09345846
8002.002,0.3642159
8003.998,0.6019408
8006.0,0.8260194
8008.002,1.0363516
8010.0,1.2152116
8012.0,1.3860648
8014.002,1.5335544
8016.004,1.6818488
8018.002,1.814786
8019.998,1.9389096
8022.0,2.050093
8024.0,2.154881
8026.002,2.246729
8028.0,2.33218
8030.002,2.4079148
8032.002,2.482892
8034.004,2.552181
8036.0,2.606966
8037.998,2.664976
8040.0,2.7182
8042.002,2.764123
8044.002,2.809242
8046.0,2.849526
8048.002,2.882558
8050.004,2.918058
8052.0,2.949479
8054.002,2.978484
8056.0,3.00346
8058.0,3.029242
8060.002,3.050189
8062.004,3.070331
8064.002,3.089668
8065.998,3.107442
8068.0,3.12275
8070.0,3.138058
8072.002,3.152561
8074.0,3.163034
8076.002,3.179147
8078.002,3.184787
8080.004,3.194456
8082.0,3.202513
8083.998,3.212986
8086.0,3.219431
8088.002,3.225071
8090.002,3.231516
8092.0,3.24602
8094.002,3.244408
8096.004,3.2476308
8098.0,3.252465
8100.002,3.257299
8102.0,3.261327
8104.0,3.26455
8106.002,3.263744
8108.004,3.2709952
8110.0,3.275024
8112.002,3.274218
8114.0,3.279857
8116.0,3.279052
8118.002,3.281469
8120.0,3.285497
8122.002,3.286303
8124.002,3.06308
8126.004,2.810853
8128.002,2.581186
8129.998,2.368436
8132.0,2.176635
8134.002,2.00417
8136.002,1.836539
8138.0,1.6745976
8140.002,1.543222
8142.004,1.4247376
8144.0,1.306303
8146.002,1.201515
8147.998,1.1072512
8150.0,1.016965
8152.002,0.9323686
8154.004,0.859858
8156.0,0.7945476
8158.002,0.7284824
8159.998,0.68981
8162.0,0.6156374
8164.002,0.561657
8166.0,0.5221788
8168.0,0.4810894
8170.002,0.442417
8172.004,0.4077225
8174.002,0.3730785
8175.998,0.3456854
8178.0,0.3174868
8180.002,0.2908994
8182.002,0.2683405
8184.0,0.24900424
8186.002,0.2320851
8188.004,0.21113744
8190.004,0.19739064
8192.0,0.18047144
8194.0,0.16677496
8196.0,0.15307848
8198.0,0.141799
8200.006,0.13293656
8202.0,0.12165708
8204.0,0.11198896
8206.0,0.1047379
8208.0,0.09668114
8210.0,0.0886244
8212.0,0.07170516
8214.0,0.07815058
8216.0,0.06525976
8218.006,0.06606544
8220.0,0.0636484
8221.996,0.05800869
8224.0,0.05317464
8226.0,0.04995193
8228.0,0.0475349
8230.0,0.0410895
8232.0,0.03947813
8234.006,0.03706112
8236.006,0.011279464
8238.0,0.03464409
8239.996,0.03464409
8242.0,0.02739299
8244.0,0.02658732
8246.006,0.1313252
8248.0,0.3924147
8250.0,0.635024
8252.006,0.8509956
8254.0,1.0524648
8256.0,1.232936
8258.0,1.4045956
8260.0,1.557724
8262.0,1.7052136
8264.006,1.8333164
8266.0,1.9493832
8267.996,2.06384
8270.0,2.163744
8272.0,2.25398
8274.0,2.339432
8276.0,2.418389
8278.0,2.494977
8280.006,2.55782
8282.006,2.617441
8284.0,2.672226
8285.996,2.719005
8288.0,2.768152
8290.0,2.81327
8292.006,2.853554
8294.0,2.892277
8296.0,2.922086
8298.006,2.954314
8300.0,2.981706
8302.0,3.007489
8304.0,3.031659
8306.0,3.050995
8308.0,3.074359
8310.006,3.088862
8312.0,3.107442
8314.0,3.123556
8316.0,3.13967
8318.0,3.161423
8320.0,3.164646
8322.0,3.175925
8324.0,3.184787
8326.0,3.195261
8328.006,3.2121808
8330.0,3.213792
8331.996,3.220237
8334.0,3.227488
8336.0,3.233934
8338.006,3.240379
8340.0,3.244408
8342.0,3.2532708
8344.006,3.251659
8346.0,3.260521
8348.0,3.262939
8350.0,3.266161
8352.0,3.269384
8354.0,3.272606
8356.006,3.279052
8358.0,3.279052
8360.0,3.280663
8362.0,3.263744
8364.0,3.283885
8366.0,3.285497
8368.0,3.289525
8370.0,3.034075
8372.0,2.782655
8374.006,2.561043
8376.0,2.347489
8377.996,2.157298
8380.0,1.9799996
8382.0,1.795449
8384.0,1.6721804
8386.0,1.531943
8388.0,1.411847
8390.006,1.2982468
8392.0,1.1829844
8394.0,1.096777
8396.0,1.0064916
8398.0,0.9259234
8400.0,0.8526068
8402.006,0.7824624
8404.0,0.714786
8406.0,0.6608056
8408.0,0.6124146
8410.0,0.5632682
8412.0,0.5173448
8414.0,0.4762554
8416.0,0.4383886
8418.0,0.4012771
8420.006,0.371467
8422.0,0.3424627
8423.996,0.311847
8426.0,0.2908994
8428.0,0.2675348
8430.0,0.24900424
8432.0,0.2272511
8434.0,0.21113744
8436.006,0.19739064
8438.006,0.1780545
8440.0,0.164358
8442.0,0.15307848
8444.0,0.139382
8446.0,0.1176287
8448.006,0.1192401
8450.0,0.11198896
8452.0,0.1023209
8454.0,0.09668114
8456.0,0.0910414
8458.0,0.0813733
8460.0,0.07573358
8462.0,0.07170516
8464.0,0.06687112
8466.006,0.06687112
8468.0,0.05639736
8469.996,0.05559165
8472.0,0.0507576
8474.0,0.04672923
8476.0,0.04511786
8478.0,0.03947813
8480.0,0.03867246
8482.006,0.03464409
8484.006,0.03303272
8486.0,0.03544975
8487.996,0.03142138
8490.0,0.02739299
8492.0,0.1627466
8494.006,0.4222749
8496.0,0.6591944
8498.0,0.8783884
8500.006,1.0782464
8502.0,1.258768
8504.0,1.4263492
8506.0,1.576255
8508.0,1.7181044
8510.0,1.8421784
8512.006,1.967109
8514.0,2.063034
8515.996,2.175023
8518.0,2.256397
8520.0,2.3490992
8522.0,2.423223
8524.0,2.495783
8526.0,2.56346
8528.006,2.62308
8530.006,2.6770608
8532.0,2.727868
8533.996,2.773792
8536.0,2.816492
8538.0,2.850332
8540.006,2.88986
8542.0,2.92692
8544.0,2.950285
8546.006,2.987347
8548.0,3.012323
8550.0,3.036494
8552.0,3.056635
8554.0,3.078388
8556.0,3.094551
8558.006,3.110665
8560.0,3.12839
8562.0,3.143698
8564.0,3.156589
8566.0,3.1710908
8568.0,3.177536
8570.0,3.188815
8572.0,3.195261
8574.0,3.20493
8576.006,3.212986
8578.0,3.221043
8579.996,3.228294
8582.0,3.233934
8584.0,3.240379
8586.006,3.245214
8588.0,3.250048
8590.0,3.2532708
8592.006,3.265355
8594.0,3.262939
8596.0,3.267772
8598.0,3.269384
8600.0,3.273412
8602.0,3.287914
8604.006,3.27744
8606.0,3.279052
8608.0,3.278246
8610.0,3.284691
8612.0,3.280663
8614.0,3.2718
8616.0,3.001849
8618.0,2.754456
8620.0,2.5296216
8622.006,2.322513
8624.0,2.133934
8625.996,1.957441
8628.0,1.80109
8630.0,1.656067
8632.0,1.519052
8634.0,1.3949276
8636.0,1.2861616
8638.006,1.1797616
8640.0,1.082275
8642.0,0.996017
8644.0,0.917061
8646.0,0.8445498
8648.0,0.7752114
8650.006,0.7131746
8652.0,0.66
8654.0,0.604358
8656.0,0.5560176
8658.0,0.5076766
8660.0,0.4738381
8662.0,0.4496682
8664.0,0.3988602
8666.0,0.3835522
8668.006,0.3400456
8670.0,0.311847
8671.996,0.319098
8674.0,0.2643122
8676.0,0.24336452
8678.0,0.2240283
8680.0,0.20630344
8682.0,0.1909453
8684.006,0.1780545
8686.006,0.16355224
8688.0,0.15066144
8690.0,0.139382
8692.0,0.12971384
8694.0,0.12004576
8696.006,0.11037764
8698.0,0.09909816
8700.0,0.09265276
8702.0,0.0886244
8704.0,0.08056764
8706.0,0.07653924
8708.0,0.06928818
8710.0,0.0644541
8712.0,0.04995193
8714.006,0.0539803
8716.0,0.04834056
8717.996,0.04834056
8720.0,0.04672923
8722.0,0.04270084
8724.0,0.03947813
8726.0,0.03706112
8728.0,0.04028382
8730.006,0.03222704
8732.006,0.025781632
8734.0,0.02981002
8735.996,0.02819868
8738.0,0.19739064
8740.0,0.4512796
8742.006,0.7010894
8744.0,0.900142
8746.0,1.0959712
8748.006,1.2781044
8750.0,1.4441244
8752.0,1.609288
8754.0,1.733412
8756.0,1.8623708
8758.0,1.982417
8760.006,2.089622
8762.0,2.1863032
8763.996,2.277395
8766.0,2.358768
8768.0,2.436114
8770.0,2.506256
8772.0,2.570711
8774.0,2.631943
8776.006,2.681089
8778.006,2.750428
8780.0,2.79474
8781.996,2.822132
8784.0,2.861611
8786.0,2.896305
8788.006,2.930143
8790.0,2.961564
8792.0,3.0091
8794.006,3.015545
8796.0,3.0372992
8798.0,3.055024
8800.0,3.078388
8802.0,3.112276
8804.0,3.114693
8806.006,3.130001
8808.0,3.14531
8810.0,3.156589
8812.0,3.183175
8814.0,3.179147
8816.0,3.182371
8818.0,3.194456
8820.0,3.208152
8822.0,3.215403
8824.006,3.22346
8826.0,3.226683
8827.996,3.23635
8830.0,3.239573
8832.0,3.245214
8834.006,3.251659
8836.0,3.255687
8838.0,3.260521
8840.006,3.263744
8842.0,3.266967
8844.0,3.269384
8846.0,3.268578
8848.0,3.275024
8850.0,3.279052
8852.006,3.281469
8854.0,3.283885
8856.0,3.287914
8858.0,3.287109
8860.0,3.23635
8862.0,2.970427
8864.0,2.727868
8866.0,2.505451
8868.0,2.298342
8870.006,2.1274884
8872.0,1.9389096
8873.996,1.780947
8876.0,1.6342636
8878.0,1.506967
8880.0,1.3957336
8882.0,1.271659
8884.0,1.166871
8886.006,1.0709956
8888.0,0.9871548
8890.0,0.9041704
8892.0,0.8356876
8894.0,0.7679604
8896.0,0.7059234
8898.006,0.649526
8900.0,0.598718
8902.0,0.5503774
8904.0,0.5076766
8906.0,0.4657815
8908.0,0.4311374
8910.0,0.3859692
8912.0,0.3601876
8914.0,0.3336003
8916.006,0.3102357
8918.0,0.2852596
8919.996,0.2618951
8922.0,0.24255884
8924.0,0.2216113
8926.0,0.20630344
8928.0,0.1877226
8930.0,0.1756374
8932.006,0.1627466
8934.006,0.14985576
8936.0,0.14018764
8938.0,0.1289082
8940.0,0.11843436
8942.0,0.10715492
8944.006,0.1015152
8946.0,0.10554354
8948.0,0.08701304
8950.0,0.07976194
8952.0,0.07331654
8954.0,0.06525976
8956.0,0.0644541
8958.0,0.05962004
8960.0,0.05559165
8962.006,0.0507576
8964.0,0.05639736
8965.996,0.04189516
8968.0,0.0410895
8970.0,0.04028382
8972.0,0.03706112
8974.0,0.03786679
8976.0,0.03142138
8978.006,0.0306157
8980.006,0.02819868
8982.0,0.025781632
8983.996,0.2264454
8986.0,0.4835064
8988.0,0.714786
8990.006,0.9283404
8992.0,1.125781
8994.0,1.299052
8996.006,1.459432
8998.0,1.606871
9000.0,1.7519432
9002.0,1.87929
9004.0,1.997724
9006.0,2.108153
9008.006,2.200805
9010.0,2.290285
9011.996,2.37166
9014.0,2.448199
9016.0,2.515925
9018.0,2.578768
9020.0,2.638388
9022.0,2.692418
9024.006,2.742371
9026.006,2.786683
9028.0,2.8277724
9029.996,2.864833
9032.0,2.901139
9034.0,2.934978
9036.006,2.964788
9038.0,2.992181
9040.0,3.014739
9042.006,3.042133
9044.0,3.062274
9046.0,3.084028
9048.0,3.09858
9050.0,3.114693
9052.0,3.130806
9054.006,3.14531
9056.0,3.156589
9058.0,3.167062
9060.0,3.179147
9062.0,3.190427
9064.0,3.19929
9066.0,3.209764
9068.0,3.215403
9070.0,3.22346
9072.006,3.2299052
9074.0,3.23474
9075.996,3.241185
9078.0,3.249242
9080.0,3.252465
9082.006,3.256493
9084.0,3.258911
9086.0,3.262939
9088.006,3.266161
9090.0,3.268578
9092.0,3.272606
9094.0,3.275829
9096.0,3.276635
9098.0,3.280663
9100.006,3.281469
9102.0,3.292748
9104.0,3.285497
9106.0,3.202513
9108.0,2.934978
9110.0,2.697253
9112.0,2.480476
9114.0,2.274172
9116.0,2.090427
9118.006,1.9276308
9120.0,1.7632224
9121.996,1.61815
9124.0,1.4860192
9126.0,1.369146
9128.0,1.258768
9130.0,1.1475344
9132.0,1.06455
9134.006,0.9782926
9136.006,0.8969188
9138.0,0.8268252
9140.0,0.7623208
9142.0,0.6978668
9144.0,0.6430808
9146.006,0.5930784
9148.0,0.544738
9150.0,0.5020372
9152.0,0.4617532
9154.0,0.4254978
9156.0,0.3859692
9158.0,0.359382
9160.0,0.3303776
9162.0,0.3062074
9164.006,0.2820371
9166.0,0.259478
9167.996,0.2393362
9170.0,0.22
9172.0,0.2038361
9174.0,0.1893339
9176.0,0.1748318
9178.0,0.1554955
9180.006,0.14985576
9182.006,0.13293656
9184.0,0.12568552
9186.0,0.11682304
9188.0,0.10876628
9190.0,0.1023209
9192.006,0.0910414
9194.0,0.08620734
9196.0,0.07653924
9198.006,0.07492788
9200.0,0.06848246
9202.0,0.06284276
9204.0,0.05881435
9206.0,0.05478598
9208.0,0.05236894
9210.006,0.04914626
9212.0,0.03867246
9213.996,0.04189516
9216.0,0.03222704
9218.0,0.03625542
9220.0,0.03383841
9222.0,0.0306157
9224.0,0.03383841
9226.006,0.029004348
9228.006,0.02658732
9230.0,0.2602838
9232.0,0.5133164
9234.0,0.7429844
9236.0,0.9533166
9238.006,1.1443116
9240.0,1.324028
9242.0,1.4827964
9244.006,1.631041
9246.0,1.7825584
9248.0,1.891375
9250.0,2.009005
9252.0,2.110569
9254.0,2.210473
9256.006,2.295925
9258.0,2.382133
9260.006,2.454644
9262.0,2.524788
9264.0,2.586019
9266.0,2.63436
9268.0,2.696447
9270.0,2.744788
9272.006,2.791518
9274.006,2.832607
9276.0,2.872085
9277.996,2.907585
9280.0,2.939006
9282.0,2.967204
9284.006,2.985735
9286.0,3.019574
9288.0,3.040522
9290.006,3.065498
9292.0,3.0848332
9294.0,3.095357
9296.0,3.120333
9298.0,3.132418
9300.0,3.146116
9302.006,3.1590052
9304.0,3.167868
9306.0,3.183175
9308.0,3.194456
9310.0,3.203318
9312.0,3.21057
9314.0,3.21057
9316.0,3.219431
9318.006,3.230711
9320.006,3.23635
9322.0,3.243602
9323.996,3.243602
9326.0,3.254882
9328.0,3.258911
9330.006,3.262939
9332.0,3.26455
9334.0,3.267772
9336.006,3.27019
9338.0,3.275024
9340.0,3.275829
9342.0,3.278246
9344.0,3.283885
9346.0,3.280663
9348.006,3.283885
9350.0,3.283885
9352.0,3.16948
9354.0,2.906779
9356.0,2.670615
9358.0,2.448199
9360.0,2.249952
9362.0,2.054121
9364.0,1.8986256
9366.006,1.744691
9368.0,1.581089
9369.996,1.472323
9372.0,1.3538376
9374.0,1.2482944
9376.0,1.143506
9378.0,1.0524648
9380.0,0.9670128
9382.006,0.8880566
9384.006,0.8227464
9386.0,0.7518468
9388.0,0.6954496
9390.0,0.6366352
9392.0,0.5866328
9394.006,0.556823
9396.0,0.4955916
9398.0,0.4577248
9400.0,0.4214692
9402.0,0.3851636
9404.0,0.359382
9406.0,0.3311832
9408.0,0.3054016
9410.0,0.2788144
9412.006,0.2562554
9414.0,0.23691908
9415.996,0.21838864
9418.0,0.2022247
9420.0,0.1836942
9422.0,0.1724147
9424.0,0.1659693
9426.0,0.14824448
9428.006,0.13535364
9430.006,0.12165708
9432.0,0.1208514
9434.0,0.1079606
9436.0,0.09990386
9438.0,0.0918471
9440.006,0.084596
9442.0,0.07815058
9444.0,0.07573358
9446.006,0.06767682
9448.0,0.06284276
9450.0,0.05962004
9452.0,0.05800869
9454.0,0.06284276
9456.0,0.04672923
9458.006,0.04350652
9460.0,0.04189516
9461.996,0.03867246
9464.0,0.03544975
9466.0,0.04511786
9468.0,0.03303272
9470.0,0.029004348
9472.0,0.02981002
9474.006,0.024975968
9476.006,0.2925108
9478.0,0.5439324
9480.0,0.7679604
9482.0,0.9782926
9484.0,1.166871
9486.006,1.34417
9488.0,1.5037444
9490.0,1.6512332
9492.006,1.7873924
9494.0,1.905878
9496.0,2.018672
9498.0,2.133934
9500.0,2.2217532
9502.0,2.308815
9504.006,2.393412
9506.0,2.464312
9508.006,2.532039
9510.0,2.592465
9512.0,2.644028
9514.0,2.70692
9516.0,2.754456
9518.0,2.799574
9520.006,2.839858
9522.006,2.876918
9524.0,2.912419
9525.996,2.943035
9528.0,2.974455
9530.0,2.994598
9532.006,3.022796
9534.0,3.046967
9536.0,3.06872
9538.006,3.088862
9540.0,3.105026
9542.0,3.117916
9544.0,3.136446
9546.0,3.146921
9548.0,3.160617
9550.006,3.171896
9552.0,3.1767308
9554.0,3.193651
9556.0,3.202513
9558.0,3.211375
9560.0,3.217015
9562.0,3.226683
9564.0,3.230711
9566.006,3.237156
9568.006,3.243602
9570.0,3.246826
9571.996,3.2532708
9574.0,3.255687
9576.0,3.261327
9578.006,3.258911
9580.0,3.266967
9582.0,3.2709952
9584.006,3.274218
9586.0,3.276635
9588.0,3.279857
9590.0,3.279857
9592.0,3.28308
9594.0,3.282275
9596.006,3.287109
9598.0,3.136446
9600.0,2.87853
9602.0,2.641611
9604.0,2.4256392
9606.0,2.231421
9608.0,2.044454
9610.0,1.8776784
9612.0,1.7245496
9614.006,1.585923
9616.0,1.4578208
9617.996,1.3401416
9620.0,1.2305196
9622.0,1.1306152
9624.006,1.041991
9626.0,0.9557334
9628.0,0.8791944
9630.006,0.8098556
9632.006,0.74379
9634.0,0.6914212
9636.0,0.629384
9638.0,0.5632682
9640.0,0.526207
9642.006,0.4907576
9644.0,0.4633645
9646.0,0.4166352
9648.0,0.3827466
9650.0,0.3529366
9652.0,0.3215152
9654.0,0.3005676
9656.0,0.2788144
9658.0,0.2578668
9660.006,0.2353078
9662.0,0.2151659
9663.996,0.2006134
9666.0,0.18047144
9668.0,0.1683863
9670.0,0.15710684
9672.0,0.14663308
9674.0,0.13696492
9676.006,0.1264912
9678.006,0.1152117
9680.0,0.0942641
9682.0,0.09909816
9684.0,0.08943008
9686.0,0.08701304
9688.006,0.07815058
9690.0,0.07331654
9692.0,0.06687112
9694.006,0.06203707
9696.0,0.0604257
9698.0,0.05478598
9700.0,0.04995193
9702.0,0.04834056
9704.0,0.04672923
9706.006,0.04189516
9708.0,0.03867246
9709.996,0.0410895
9712.0,0.025781632
9714.0,0.0306157
9716.0,0.02255893
9718.0,0.02819868
9720.0,0.05317464
9722.006,0.3223209
9724.006,0.5713252
9726.0,0.788908
9728.0,0.9968226
9730.0,1.1821788
9732.0,1.3618944
9734.006,1.520664
9736.0,1.6649296
9738.0,1.797866
9740.006,1.919574
9742.0,2.032369
9744.0,2.137963
9746.0,2.225782
9748.0,2.3192908
9750.0,2.39583
9752.006,2.467534
9754.0,2.538484
9756.006,2.6061608
9758.0,2.657725
9760.0,2.710143
9762.0,2.756873
9764.0,2.801185
9766.0,2.851943
9768.006,2.874502
9770.006,2.9140292
9772.0,2.946257
9773.996,2.975261
9776.0,3.001849
9778.0,3.0260184
9780.006,3.050189
9782.0,3.06872
9784.0,3.08725
9786.006,3.108248
9788.0,3.121139
9790.0,3.138058
9792.0,3.149338
9794.0,3.154977
9796.0,3.171896
9798.006,3.182371
9800.0,3.193651
9802.0,3.203318
9804.0,3.211375
9806.0,3.218626
9808.0,3.226683
9810.0,3.232322
9812.0,3.237156
9814.006,3.243602
9816.006,3.248436
9818.0,3.2532708
9819.996,3.258105
9822.0,3.262133
9824.0,3.267772
9826.006,3.272606
9828.0,3.272606
9830.0,3.274218
9832.006,3.276635
9834.0,3.279857
9836.0,3.280663
9838.0,3.283885
9840.0,3.280663
9842.0,3.285497
9844.006,3.100997
9846.0,2.847915
9848.0,2.615023
9850.0,2.413554
9852.0,2.205639
9854.0,2.026729
9856.0,1.8599536
9858.0,1.710048
9860.0,1.5673924
9862.006,1.44493
9864.0,1.324834
9865.996,1.2184344
9868.0,1.1201416
9870.0,1.0306612
9872.006,0.9694298
9874.0,0.8679146
9876.0,0.8001876
9878.006,0.7373448
9880.006,0.6769188
9882.0,0.6229388
9884.0,0.5753534
9886.0,0.5310412
9888.0,0.4891463
9890.006,0.4480566
9892.0,0.4142182
9894.0,0.3803295
9896.0,0.3497138
9898.0,0.3207094
9900.0,0.2965392
9902.0,0.2763974
9904.0,0.2546441
9906.0,0.2320851
9908.006,0.2127489
9910.0,0.199002
9911.996,0.17886016
9914.0,0.171609
9916.0,0.15630116
9918.0,0.144216
9920.0,0.13293656
9922.0,0.12407414
9924.006,0.11360036
9926.006,0.1047379
9928.0,0.0974868
9930.0,0.1007095
9932.0,0.0878187
9934.0,0.07976194
9936.006,0.07170516
9938.0,0.06687112
9940.0,0.0773449
9942.006,0.05800869
9944.0,0.05156327
9946.0,0.0443122
9948.0,0.0475349
9950.0,0.04511786
9952.0,0.04672923
9954.006,0.03625542
9956.0,0.03786679
9957.996,0.03464409
9960.0,0.0306157
9962.0,0.0306157
9964.0,0.025781632
9966.0,0.1039322
9968.0,0.3561592
9970.006,0.601135
9972.006,0.8163012
9974.0,1.0226048
9976.0,1.2111832
9978.0,1.37962
9980.0,1.5383884
9982.006,1.6842652
9984.0,1.817203
9986.0,1.9356872
9988.006,2.044454
9990.0,2.150853
9992.0,2.243506
9994.0,2.332986
9996.0,2.4079148
9998.0,2.478864
10000.004,2.546541
10002.0,2.607772
10004.004,2.664976
10006.0,2.714977
10008.0,2.760901
10010.0,2.801991
10012.0,2.850332
10014.0,2.88417
10016.004,2.918864
10018.004,2.947869
10020.0,2.976873
10021.996,3.004266
10024.0,3.025214
10026.0,3.050189
10028.004,3.069526
10030.0,3.089668
10032.0,3.105026
10034.004,3.121945
10036.0,3.132418
10038.0,3.155783
10040.0,3.167062
10042.0,3.175119
10044.0,3.182371
10046.004,3.192845
10048.0,3.203318
10050.0,3.211375
10052.0,3.219431
10054.0,3.225877
10056.0,3.233128
10058.0,3.240379
10060.0,3.241185
10062.004,3.252465
10064.004,3.252465
10066.0,3.257299
10067.996,3.260521
10070.0,3.262133
10072.0,3.267772
10074.004,3.2709952
10076.0,3.274218
10078.0,3.276635
10080.004,3.278246
10082.004,3.278246
10084.0,3.282275
10086.0,3.284691
10088.0,3.289525
10090.0,3.071137
10092.004,2.816492
10094.0,2.590047
10096.0,2.375688
10098.0,2.18308
10100.0,2.003364
10102.0,1.856731
10104.0,1.6915168
10106.0,1.553696
10108.0,1.4271548
10110.004,1.312749
10112.0,1.2071544
10113.996,1.1088624
10116.0,1.0201876
10118.0,0.9380084
10120.004,0.8630806
10122.0,0.791325
10124.0,0.7333164
10126.004,0.6712794
10128.004,0.6172486
10130.0,0.5697136
10132.0,0.5237902
10134.0,0.4464453
10136.0,0.4448339
10138.004,0.4044998
10140.0,0.3682443
10142.0,0.3472969
10144.004,0.3352117
10146.0,0.2925108
10148.0,0.269952
10150.0,0.24980992
10152.0,0.23289076
10154.0,0.21194324
10156.004,0.19416792
10158.0,0.1885282
10159.996,0.1675806
10162.0,0.1554955
10164.0,0.1377706
10166.0,0.1289082
10168.0,0.12326848
10170.0,0.11440604
10172.004,0.1047379
10174.004,0.09909816
10176.0,0.08943008
10178.0,0.0813733
10180.0,0.07331654
10182.0,0.07170516
10184.004,0.06606544
10186.0,0.0636484
10188.0,0.05720302
10190.004,0.05478598
10192.0,0.0507576
10194.0,0.04672923
10196.0,0.0443122
10198.0,0.04028382
10200.0,0.03867246
10202.004,0.03625542
10204.0,0.03625542
10206.004,0.0306157
10208.0,0.02981002
10210.0,0.02658732
10212.0,0.1208514
10214.0,0.3827466
10216.0,0.626967
10218.004,0.8445498
10220.004,1.0476304
10222.0,1.231325
10224.0,1.400567
10226.0,1.5553076
10228.0,1.693128
10230.004,1.8405672
10232.0,1.9469664
10234.0,2.058956
10236.004,2.166967
10238.0,2.25398
10240.0,2.33782
10242.0,2.417583
10244.0,2.486921
10246.0,2.551375
10248.004,2.617441
10250.0,2.672226
10252.004,2.723033
10254.0,2.770569
10256.0,2.817298
10258.0,2.851943
10260.0,2.889054
10262.0,2.920475
10264.004,2.953508
10266.004,2.973649
10268.0,3.009905
10269.996,3.031659
10272.0,3.052607
10274.0,3.072749
10276.004,3.094551
10278.0,3.112276
10280.0,3.123556
10282.004,3.13967
10284.0,3.154172
10286.0,3.164646
10288.0,3.175119
10290.0,3.183175
10292.0,3.194456
10294.004,3.214598
10296.0,3.213792
10298.004,3.221043
10300.0,3.225071
10302.0,3.232322
10304.0,3.23474
10306.0,3.24199
10308.0,3.248436
10310.004,3.2532708
10312.004,3.258911
10314.0,3.261327
10315.996,3.265355
10318.0,3.262133
10320.0,3.273412
10322.004,3.274218
10324.0,3.279052
10326.0,3.285497
10328.004,3.28308
10330.004,3.284691
10332.0,3.286303
10334.0,3.28872
10336.0,3.040522
10338.0,2.793128
10340.004,2.560237
10342.0,2.3313752
10344.0,2.160522
10346.0,1.982417
10348.0,1.822843
10350.0,1.6754032
10352.0,1.5351656
10354.0,1.414264
10356.004,1.299858
10358.004,1.194264
10360.0,1.0975824
10361.996,1.0081024
10364.0,0.926729
10366.0,0.8469668
10368.004,0.7848798
10370.0,0.7228426
10372.0,0.6648338
10374.004,0.6124146
10376.004,0.561657
10378.0,0.519762
10380.0,0.4770611
10382.0,0.4367773
10384.0,0.4036941
10386.004,0.3730785
10388.0,0.3400456
10390.0,0.3150697
10392.004,0.2892881
10394.0,0.2683405
10396.0,0.2465873
10398.0,0.2272511
10400.0,0.2127489
10402.0,0.1925566
10404.004,0.1949736
10406.0,0.16516368
10407.996,0.1611353
10410.0,0.1426047
10412.0,0.1313252
10414.0,0.12326848
10416.0,0.1127947
10418.0,0.10312654
10420.004,0.09668114
10422.004,0.09265276
10424.0,0.082179
10426.0,0.06848246
10428.0,0.06848246
10430.0,0.0636484
10432.004,0.0612314
10434.0,0.05800869
10436.0,0.05317464
10438.004,0.04995193
10440.0,0.04511786
10442.0,0.04511786
10444.0,0.03947813
10446.0,0.03786679
10448.0,0.03464409
10450.004,0.03544975
10452.0,0.03142138
10454.004,0.029004348
10456.0,0.024975968
10458.0,0.1579125
10460.0,0.4198579
10462.0,0.6591944
10464.0,0.8759716
10466.004,1.075829
10468.004,1.258768
10470.0,1.4239324
10472.0,1.5923684
10474.0,1.7172988
10476.0,1.8470128
10478.004,1.9518004
10480.0,2.075119
10482.0,2.175829
10484.004,2.265259
10486.0,2.3490992
10488.0,2.426445
10490.0,2.496589
10492.0,2.56346
10494.0,2.62308
10496.004,2.678672
10498.0,2.731897
10500.004,2.773792
10502.0,2.816492
10504.0,2.864833
10506.0,2.893082
10508.0,2.926114
10510.0,2.953508
10512.004,2.98493
10514.004,3.013129
10516.0,3.03327
10518.0,3.055024
10520.0,3.075971
10522.0,3.094551
10524.004,3.111471
10526.0,3.125973
10528.0,3.142892
10530.004,3.152561
10532.0,3.16948
10534.0,3.1767308
10536.0,3.187204
10538.0,3.195261
10540.0,3.207346
10542.004,3.213792
10544.0,3.219431
10546.004,3.227488
10548.0,3.231516
10550.0,3.240379
10552.0,3.246826
10554.0,3.250048
10556.0,3.258105
10558.004,3.260521
10560.004,3.265355
10562.0,3.266967
10563.996,3.268578
10566.0,3.273412
10568.0,3.276635
10570.004,3.27744
10572.0,3.279052
10574.0,3.282275
10576.004,3.284691
10578.004,3.284691
10580.0,3.27744
10582.0,3.005877
10584.0,2.759289
10586.0,2.532845
10588.004,2.328152
10590.0,2.137157
10592.0,1.957441
10594.0,1.8018952
10596.0,1.658484
10598.0,1.522275
10600.0,1.3981508
10602.0,1.2853552
10604.004,1.181373
10606.004,1.0879148
10608.0,0.9984342
10609.996,0.9186724
10612.0,0.859858
10614.0,0.7776286
10616.004,0.7155916
10618.0,0.6551658
10620.0,0.6051636
10622.004,0.5576288
10624.004,0.514122
10626.0,0.4754497
10628.0,0.4343601
10630.0,0.4004715
10632.0,0.3690501
10634.004,0.3545479
10636.0,0.3126526
10638.0,0.2892881
10640.004,0.2610894
10642.0,0.2441703
10644.0,0.2256398
10646.0,0.2054474
10648.0,0.1909453
10650.0,0.1772488
10652.004,0.16516368
10654.0,0.15066144
10655.996,0.14341032
10658.0,0.1248798
10660.0,0.12004576
10662.004,0.12568552
10664.0,0.10312654
10666.0,0.0950698
10668.004,0.07895626
10670.004,0.08056764
10672.0,0.07653924
10674.0,0.07251084
10676.0,0.06525976
10678.0,0.05881435
10680.004,0.0539803
10682.0,0.0507576
10684.0,0.04914626
10686.004,0.04672923
10688.0,0.04350652
10690.0,0.03947813
10692.0,0.03706112
10694.0,0.03544975
10696.0,0.02981002
10698.004,0.03142138
10700.0,0.02819868
10702.004,0.025781632
10704.0,0.1885282
10706.0,0.4456396
10708.0,0.6801416
10710.0,0.8945018
10712.0,1.0854976
10714.004,1.2764932
10716.004,1.436017
10718.0,1.5923684
10720.0,1.730995
10722.0,1.855875
10724.0,1.9751656
10726.004,2.083176
10728.0,2.185498
10730.0,2.262843
10732.004,2.359574
10734.0,2.436114
10736.0,2.504646
10738.0,2.570711
10740.0,2.6295268
10742.0,2.679477
10744.004,2.734314
10746.0,2.781043
10748.004,2.825355
10750.0,2.865639
10752.0,2.901139
10754.0,2.930143
10756.0,2.961564
10758.0,2.988153
10760.004,3.014739
10762.004,3.0372992
10764.0,3.058246
10766.0,3.077583
10768.0,3.096969
10770.0,3.113082
10772.004,3.127584
10774.0,3.1412816
10776.0,3.154977
10778.004,3.166257
10780.0,3.179147
10782.0,3.189621
10784.0,3.200096
10786.0,3.209764
10788.0,3.218626
10790.004,3.220237
10792.0,3.225877
10794.004,3.2299052
10796.0,3.241185
10798.0,3.24602
10800.0,3.250854
10802.0,3.255687
10804.0,3.258911
10806.004,3.262133
10808.004,3.262939
10810.0,3.269384
10811.996,3.272606
10814.0,3.275829
10816.0,3.279857
10818.004,3.280663
10820.0,3.280663
10822.0,3.281469
10824.004,3.285497
10826.004,3.244408
10828.0,2.974455
10830.0,2.730286
10832.0,2.511091
10834.0,2.30237
10836.004,2.114598
10838.0,1.943744
10840.0,1.785781
10842.0,1.6358752
10844.0,1.502133
10846.0,1.3868708
10848.0,1.2732704
10850.0,1.168482
10852.004,1.074218
10854.004,0.9847378
10856.0,0.9114214
10857.996,0.8324648
10860.0,0.7695718
10862.0,0.6922268
10864.004,0.6511374
10866.0,0.598718
10868.0,0.55924
10870.004,0.5060654
10872.004,0.4681985
10874.0,0.4311374
10876.0,0.3948317
10878.0,0.3642159
10880.0,0.3311832
10882.004,0.3110413
10884.0,0.2836484
10886.0,0.2618951
10888.004,0.2393362
10890.0,0.2240283
10892.0,0.1909453
10894.0,0.19175096
10896.0,0.17644308
10898.0,0.1611353
10900.004,0.14985576
10902.0,0.13857636
10903.996,0.12407414
10906.0,0.11601738
10908.0,0.0910414
10910.004,0.1039322
10912.0,0.0950698
10914.0,0.08943008
10916.004,0.08056764
10918.004,0.07492788
10920.0,0.07170516
10922.0,0.0644541
10924.0,0.05962004
10926.0,0.05559165
10928.004,0.05317464
10930.0,0.06606544
10932.0,0.04511786
10934.004,0.04270084
10936.0,0.03544975
10938.0,0.03786679
10940.0,0.03383841
10942.0,0.029004348
10944.0,0.03142138
10946.004,0.025781632
10948.0,0.029004348
10950.004,0.22322264
10952.0,0.4770611
10954.0,0.7083406
10956.0,0.9218948
10958.0,1.112891
10960.0,1.2958296
10962.004,1.4602376
10964.004,1.606871
10966.0,1.7519432
10968.0,1.8744556
10970.0,1.9888616
10972.0,2.096067
10974.004,2.19436
10976.0,2.287063
10978.0,2.367631
10980.004,2.442559
10982.0,2.516731
10984.0,2.58038
10986.0,2.636777
10988.0,2.691613
10990.0,2.739148
10992.004,2.781043
10994.0,2.826967
10996.004,2.867251
10998.0,2.905167
11000.0,2.934978
11002.0,2.963982
11004.0,2.988959
11006.0,3.013934
11008.004,3.040522
11010.004,3.062274
11012.0,3.083222
11014.0,3.100997
11016.0,3.117916
11018.0,3.1356408
11020.004,3.146116
11022.0,3.157395
11024.0,3.170286
11026.004,3.179953
11028.0,3.190427
11030.0,3.202513
11032.0,3.208958
11034.0,3.22346
11036.0,3.22346
11038.004,3.227488
11040.0,3.23474
11042.004,3.24199
11044.0,3.239573
11046.0,3.252465
11048.0,3.254076
11050.0,3.259715
11052.0,3.257299
11054.004,3.265355
11056.004,3.269384
11058.0,3.266967
11059.996,3.274218
11062.0,3.276635
11064.0,3.279857
11066.004,3.281469
11068.0,3.279857
11070.0,3.284691
11072.004,3.211375
11074.004,2.939006
11076.0,2.702892
11078.0,2.488532
11080.0,2.279006
11082.0,2.09365
11084.004,1.9227964
11086.0,1.7672508
11088.0,1.6221788
11090.004,1.4884364
11092.0,1.371563
11094.0,1.258768
11096.0,1.157203
11098.0,1.06455
11100.004,0.966207
11102.004,0.9009476
11104.0,0.8284364
11105.996,0.7623208
11108.0,0.7002836
11110.0,0.6471092
11112.004,0.5866328
11114.0,0.5471548
11116.0,0.5012316
11118.004,0.4625589
11120.004,0.4279148
11122.0,0.3948317
11124.0,0.3601876
11126.0,0.3303776
11128.0,0.3054016
11130.004,0.2876767
11132.0,0.2562554
11134.0,0.24497592
11136.004,0.22080568
11138.0,0.2022247
11140.0,0.1909453
11142.0,0.1756374
11144.0,0.16032952
11146.0,0.1490501
11148.004,0.13696492
11150.0,0.1281025
11152.004,0.1176287
11154.0,0.10876628
11156.0,0.10312654
11158.004,0.0878187
11160.0,0.08620734
11162.0,0.07815058
11164.004,0.0708995
11166.004,0.06848246
11168.0,0.06525976
11170.0,0.05881435
11172.0,0.0539803
11174.0,0.04028382
11176.004,0.04834056
11178.0,0.04350652
11180.0,0.04995193
11182.004,0.04028382
11184.0,0.03625542
11186.0,0.03464409
11188.0,0.03142138
11190.0,0.03142138
11192.0,0.025781632
11194.004,0.02658732
11196.0,0.2538384
11198.004,0.5028428
11200.0,0.7381504
11202.0,0.9452594
11204.0,1.1378668
11206.0,1.3159716
11208.0,1.4779628
11210.004,1.627819
11212.004,1.7632224
11214.0,1.8865408
11216.0,1.9993356
11218.0,2.10654
11220.0,2.204028
11222.004,2.29512
11224.0,2.376493
11226.0,2.450615
11228.004,2.521565
11230.0,2.583602
11232.0,2.640806
11234.0,2.693224
11236.0,2.740759
11238.0,2.789906
11240.004,2.831802
11242.0,2.867251
11244.004,2.903556
11246.0,2.930143
11248.0,2.964788
11250.0,2.992987
11252.0,3.020379
11254.0,3.043744
11256.004,3.058246
11258.004,3.083222
11260.0,3.100997
11262.0,3.117916
11264.0,3.132418
11266.0,3.146116
11268.004,3.157395
11270.0,3.170286
11272.0,3.181565
11274.004,3.191233
11276.004,3.200901
11278.0,3.208152
11280.0,3.217015
11282.0,3.22346
11284.0,3.230711
11286.004,3.237156
11288.0,3.242797
11290.004,3.248436
11292.0,3.251659
11294.0,3.249242
11296.0,3.259715
11298.0,3.262939
11300.0,3.266967
11302.004,3.2709952
11304.004,3.273412
11306.0,3.274218
11307.996,3.280663
11310.0,3.279052
11312.0,3.282275
11314.004,3.283885
11316.0,3.28872
11318.0,3.175925
11320.004,2.9140292
11322.004,2.681089
11324.0,2.450615
11326.0,2.255591
11328.0,2.0743132
11330.0,1.9034608
11332.004,1.747915
11334.0,1.606065
11336.004,1.4763516
11338.004,1.358672
11340.0,1.246683
11342.0,1.1451176
11344.0,1.05327
11346.0,0.968624
11348.004,0.887251
11350.004,0.8195236
11352.0,0.7582924
11353.996,0.694644
11356.0,0.6390522
11358.0,0.5874386
11360.004,0.5374866
11362.0,0.4955916
11364.0,0.4585305
11366.004,0.4198579
11368.004,0.386775
11370.0,0.3481025
11372.0,0.329572
11374.0,0.3037904
11376.0,0.2788144
11378.004,0.257061
11380.0,0.23691908
11382.0,0.22
11384.004,0.2038361
11386.0,0.19416792
11388.0,0.1748318
11390.0,0.15952384
11392.0,0.1490501
11394.0,0.13615924
11396.004,0.1248798
11398.0,0.1152117
11400.004,0.10876628
11402.0,0.1015152
11404.0,0.0918471
11406.004,0.0837903
11408.0,0.09345846
11410.0,0.0708995
11412.004,0.07170516
11414.004,0.0644541
11416.0,0.05881435
11418.0,0.05800869
11420.0,0.0475349
11422.0,0.04834056
11424.004,0.04995193
11426.0,0.0410895
11428.0,0.03867246
11430.004,0.04189516
11432.0,0.03464409
11434.0,0.03222704
11436.0,0.02981002
11438.0,0.02739299
11440.0,0.02658732
11442.004,0.284454
11444.0,0.534264
11446.004,0.7599038
11448.0,0.9694298
11450.0,1.1563968
11452.0,1.3377244
11454.0,1.4981048
11456.0,1.6447376
11458.004,1.7801416
11460.004,1.8970144
11462.0,2.016256
11464.0,2.12346
11466.0,2.204833
11468.0,2.299953
11470.004,2.386967
11472.0,2.461894
11474.0,2.528011
11476.004,2.592465
11478.0,2.649668
11480.0,2.703698
11482.0,2.7512324
11484.0,2.796351
11486.0,2.836635
11488.004,2.874502
11490.0,2.909195
11492.004,2.952703
11494.0,2.9728448
11496.0,2.9962092
11498.0,3.0260184
11500.0,3.046967
11502.0,3.067914
11504.004,3.0848332
11506.004,3.103414
11508.0,3.117111
11510.0,3.13403
11512.0,3.148532
11514.0,3.1710908
11516.004,3.1710908
11518.0,3.183175
11520.0,3.191233
11522.004,3.201707
11524.004,3.208958
11526.0,3.218626
11528.0,3.226683
11530.0,3.230711
11532.0,3.237156
11534.004,3.242797
11536.0,3.242797
11538.004,3.250854
11540.0,3.255687
11542.0,3.258911
11544.0,3.263744
11546.0,3.268578
11548.0,3.276635
11550.004,3.2718
11552.004,3.269384
11554.0,3.285497
11556.0,3.281469
11558.0,3.281469
11560.0,3.285497
11562.004,3.286303
11564.0,3.150144
11566.0,2.88417
11568.004,2.653696
11570.004,2.428862
11572.0,2.231421
11574.0,2.047676
11576.0,1.8841236
11578.0,1.728578
11580.004,1.589146
11582.0,1.4602376
11584.004,1.3385304
11586.004,1.2321308
11588.0,1.1314212
11590.0,1.041185
11592.0,0.958956
11594.0,0.8824168
11596.004,0.8066328
11598.004,0.74379
11600.0,0.6849756
11601.996,0.629384
11604.0,0.5963012
11606.0,0.5358754
11608.004,0.4931746
11610.0,0.4448339
11612.0,0.4190522
11614.004,0.3843578
11616.004,0.3537423
11618.0,0.346491
11620.0,0.2997619
11622.0,0.2755915
11624.0,0.2643122
11626.004,0.2304737
11628.0,0.21838864
11630.0,0.1998077
11632.004,0.18047144
11634.0,0.16999768
11636.0,0.15710684
11638.0,0.1474387
11640.0,0.13696492
11642.004,0.1208514
11644.004,0.11601738
11646.0,0.1079606
11648.004,0.09909816
11650.0,0.0918471
11652.0,0.08620734
11654.004,0.07815058
11656.0,0.0708995
11658.0,0.0604257
11660.004,0.06284276
11662.004,0.05800869
11664.0,0.05478598
11666.0,0.04995193
11668.0,0.04672923
11670.0,0.04270084
11672.004,0.0410895
11674.0,0.04511786
11676.0,0.03303272
11678.004,0.03464409
11680.0,0.03142138
11682.0,0.02981002
11684.0,0.029004348
11686.0,0.04834056
11688.0,0.3166811
11690.004,0.5632682
11692.0,0.7856854
11694.004,0.9944058
11696.0,1.1837904
11698.0,1.358672
11700.0,1.512607
11702.0,1.661707
11704.0,1.795449
11706.004,1.916351
11708.004,2.030757
11710.0,2.135545
11712.0,2.235449
11714.0,2.315262
11716.0,2.390995
11718.004,2.469951
11720.0,2.544124
11722.0,2.598104
11724.004,2.65853
11726.0,2.707726
11728.0,2.756067
11730.0,2.801185
11732.0,2.840663
11734.0,2.868862
11736.004,2.912419
11738.0,2.946257
11740.004,2.971233
11742.0,3.001044
11744.0,3.025214
11746.0,3.046967
11748.0,3.064692
11750.0,3.086444
11752.004,3.105026
11754.004,3.121945
11756.0,3.136446
11758.0,3.148532
11760.0,3.162229
11762.0,3.1710908
11764.004,3.183175
11766.0,3.194456
11768.0,3.202513
11770.004,3.21057
11772.004,3.219431
11774.0,3.225877
11776.0,3.230711
11778.0,3.239573
11780.0,3.243602
11782.004,3.2476308
11784.0,3.256493
11786.004,3.257299
11788.0,3.259715
11790.0,3.265355
11792.0,3.266161
11794.0,3.2709952
11796.0,3.273412
11798.004,3.278246
11800.004,3.278246
11802.0,3.279857
11804.0,3.283885
11806.0,3.283885
11808.0,3.286303
11810.004,3.113888
11812.0,2.853554
11814.0,2.620663
11816.004,2.4022748
11818.004,2.211279
11820.0,2.026729
11822.0,1.86801
11824.0,1.7108532
11826.0,1.574644
11828.004,1.4441244
11830.0,1.3288624
11832.004,1.220851
11834.004,1.121753
11836.0,1.032323
11838.0,0.9468706
11840.0,0.8711372
11842.0,0.801799
11844.004,0.7397616
11846.004,0.679336
11848.0,0.6261614
11849.996,0.5753534
11852.0,0.5302356
11854.0,0.4867291
11856.004,0.4520852
11858.0,0.4126069
11860.0,0.3787182
11862.004,0.3376286
11864.004,0.3231265
11866.0,0.2973448
11868.0,0.2715632
11870.0,0.2522271
11872.0,0.2191943
11874.004,0.2135545
11876.0,0.2006134
11878.0,0.1812771
11880.004,0.169192
11882.0,0.15630116
11884.0,0.144216
11886.0,0.13535364
11888.0,0.1248798
11890.004,0.11360036
11892.004,0.10715492
11894.0,0.0974868
11896.004,0.08943008
11898.0,0.0837903
11900.0,0.07573358
11902.004,0.07251084
11904.0,0.06767682
11906.0,0.05962004
11908.004,0.05559165
11910.004,0.0539803
11912.0,0.04834056
11914.0,0.05156327
11916.0,0.0443122
11918.0,0.04350652
11920.004,0.03464409
11922.0,0.03706112
11924.0,0.03625542
11926.004,0.03303272
11928.0,0.0306157
11930.0,0.02819868
11932.0,0.082179
11934.0,0.3529366
11936.0,0.5946896
11938.004,0.8171068
11940.0,1.016965
11942.004,1.205543
11944.0,1.381231
11946.0,1.5351656
11948.004,1.6794316
11950.0,1.809952
11952.0,1.931659
11954.004,2.047676
11956.004,2.148436
11958.0,2.241089
11960.0,2.321707
11962.0,2.405497
11964.0,2.477252
11966.004,2.541706
11968.0,2.602132
11970.0,2.664976
11972.004,2.71256
11974.0,2.760095
11976.0,2.805213
11978.0,2.844692
11980.0,2.882558
11982.0,2.917252
11984.004,2.948675
11986.0,2.975261
11988.004,3.005877
11990.0,3.0260184
11992.0,3.046161
11994.0,3.069526
11996.0,3.089668
11998.0,3.110665
12000.004,3.125167
12002.004,3.13967
12004.0,3.153366
12006.0,3.163034
12008.0,3.175119
12010.0,3.188815
12012.004,3.195261
12014.0,3.208152
12016.0,3.212986
12018.004,3.220237
12020.004,3.226683
12022.0,3.232322
12024.0,3.23474
12026.0,3.243602
12028.0,3.246826
12030.004,3.252465
12032.0,3.258105
12034.004,3.262133
12036.0,3.265355
12038.0,3.26455
12040.0,3.2709952
12042.0,3.275024
12044.0,3.266161
12046.004,3.279052
12048.004,3.282275
12050.0,3.281469
12052.0,3.283885
12054.0,3.286303
12056.0,3.0671084
12058.004,2.823744
12060.0,2.590853
12062.0,2.380521
12064.004,2.187914
12066.004,2.009005
12068.0,1.8445956
12070.0,1.695546
12072.0,1.557724
12074.0,1.4303776
12076.004,1.3159716
12078.0,1.206349
12080.004,1.1112796
12082.004,1.021799
12084.0,0.938814
12086.0,0.8638862
12088.0,0.7921308
12090.0,0.7300936
12092.004,0.6970612
12094.004,0.62455
12096.0,0.5697136
12098.004,0.5254014
12100.0,0.4827008
12102.0,0.4440283
12104.004,0.3996658
12106.0,0.3771068
12108.0,0.346491
12110.004,0.3182924
12112.004,0.2957336
12114.0,0.2707576
12116.0,0.24900424
12118.0,0.23289076
12120.0,0.2127489
12122.004,0.1957793
12124.0,0.1820828
12126.0,0.16677496
12128.004,0.1546898
12130.0,0.14341032
12132.0,0.11682304
12134.0,0.12407414
12136.0,0.1127947
12138.004,0.10554354
12140.004,0.0918471
12142.0,0.09023572
12144.004,0.08298464
12146.0,0.07815058
12148.0,0.0708995
12150.004,0.06606544
12152.0,0.06525976
12154.0,0.05800869
12156.004,0.04995193
12158.004,0.04028382
12160.0,0.0443122
12162.0,0.04270084
12164.0,0.04270084
12166.0,0.03383841
12168.004,0.03867246
12170.0,0.03222704
12172.0,0.03222704
12174.004,0.03383841
12176.0,0.02819868
12178.0,0.1152117
12180.0,0.3626047
12182.0,0.6213272
12184.0,0.8405214
12186.004,1.042797
12188.0,1.2272964
12190.004,1.400567
12192.0,1.5528904
12194.0,1.695546
12196.004,1.81962
12198.0,1.947772
12200.0,2.058151
12202.004,2.160522
12204.004,2.251562
12206.0,2.336209
12208.0,2.415165
12210.0,2.486921
12212.0,2.553791
12214.004,2.612606
12216.0,2.666586
12218.0,2.719811
12220.004,2.767346
12222.004,2.810853
12224.0,2.84872
12226.0,2.886587
12228.0,2.922892
12230.0,2.952703
12232.004,2.977678
12234.0,3.007489
12236.004,3.030853
12238.0,3.056635
12240.0,3.071137
12242.0,3.092084
12244.0,3.108248
12246.0,3.125973
12248.004,3.13967
12250.004,3.153366
12252.0,3.164646
12254.0,3.175119
12256.0,3.18801
12258.0,3.192845
12260.004,3.204124
12262.0,3.212986
12264.0,3.221849
12266.004,3.219431
12268.004,3.230711
12270.0,3.239573
12272.0,3.24602
12274.0,3.251659
12276.0,3.255687
12278.004,3.258911
12280.0,3.258911
12282.004,3.267772
12284.004,3.27019
12286.0,3.273412
12288.0,3.27744
12290.0,3.27744
12292.0,3.280663
12294.004,3.28308
12296.004,3.281469
12298.0,3.284691
12300.0,3.286303
12302.0,3.045356
12304.0,2.795546
12306.004,2.566682
12308.0,2.35474
12310.0,2.16455
12312.004,1.9872504
12314.004,1.8204256
12316.0,1.685877
12318.0,1.544028
12320.0,1.416681
12322.0,1.301469
12324.004,1.1950696
12326.0,1.0983884
12328.004,1.011325
12330.004,0.9283404
12332.0,0.8534124
12334.0,0.786491
12336.0,0.7236482
12338.0,0.6632226
12340.004,0.6124146
12342.004,0.5624626
12344.0,0.5149276
12346.004,0.4770611
12348.0,0.4416113
12350.0,0.4044998
12352.004,0.371467
12354.0,0.3424627
12356.0,0.314264
12358.004,0.2925108
12360.004,0.2739803
12362.0,0.247393
12364.0,0.2248341
12366.0,0.21033176
12368.0,0.1949736
12370.004,0.18047144
12372.0,0.1587182
12374.0,0.1546898
12376.004,0.144216
12378.0,0.1321309
12380.0,0.1192401
12382.0,0.11037764
12384.0,0.1047379
12386.004,0.0950698
12388.004,0.084596
12390.0,0.08620734
12392.004,0.0773449
12394.0,0.07170516
12396.0,0.06687112
12398.004,0.0612314
12400.0,0.05639736
12402.0,0.05236894
12404.004,0.04914626
12406.004,0.0475349
12408.0,0.03867246
12410.0,0.04189516
12412.0,0.03947813
12414.0,0.03544975
12416.004,0.02417028
12418.0,0.03142138
12420.0,0.029004348
12422.004,0.023364616
12424.0,0.15066144
12426.0,0.4093339
12428.0,0.642275
12430.0,0.8622748
12432.0,1.0637444
12434.004,1.2482944
12436.0,1.4182928
12438.004,1.5722268
12440.0,1.7148816
12442.0,1.8445956
12444.004,1.9630808
12446.0,2.0743132
12448.0,2.17019
12450.004,2.262843
12452.004,2.3490992
12454.0,2.424029
12456.0,2.504646
12458.0,2.562654
12460.0,2.622274
12462.004,2.677866
12464.0,2.726257
12466.0,2.769763
12468.004,2.814882
12470.004,2.858388
12472.0,2.8955
12474.0,2.92692
12476.0,2.963176
12478.0,2.983318
12480.004,3.007489
12482.0,3.03327
12484.004,3.055829
12486.0,3.072749
12488.0,3.094551
12490.0,3.10986
12492.0,3.125973
12494.0,3.136446
12496.004,3.150949
12498.004,3.166257
12500.0,3.177536
12502.0,3.18801
12504.0,3.196873
12506.0,3.204124
12508.004,3.212986
12510.0,3.221043
12512.0,3.225071
12514.004,3.235545
12516.004,3.246826
12518.0,3.2476308
12520.0,3.252465
12522.0,3.255687
12524.0,3.259715
12526.004,3.262939
12528.0,3.265355
12530.004,3.268578
12532.004,3.272606
12534.0,3.280663
12536.0,3.278246
12538.0,3.27744
12540.0,3.281469
12542.004,3.286303
12544.004,3.286303
12546.0,3.3
12548.0,3.013934
12550.0,2.764929
12552.0,2.53929
12554.004,2.329764
12556.0,2.143602
12558.0,1.967109
12560.004,1.807535
12562.004,1.6600952
12564.0,1.5287204
12566.0,1.402179
12568.0,1.289384
12570.0,1.184596
12572.004,1.0887204
12574.0,1.02341
12576.004,0.9202836
12578.004,0.8469668
12580.0,0.7792398
12582.0,0.717203
12584.0,0.6591944
12586.0,0.606775
12588.004,0.5560176
12590.004,0.5157336
12592.0,0.4786724
12594.004,0.4335544
12596.0,0.4004715
12598.0,0.3682443
12600.004,0.33924
12602.0,0.314264
12604.0,0.2836484
12606.004,0.2659236
12608.004,0.2457816
12610.0,0.2256398
12612.0,0.20872048
12614.0,0.1885282
12616.0,0.1780545
12618.004,0.16516368
12620.0,0.15146716
12622.004,0.139382
12624.004,0.12971384
12626.0,0.1192401
12628.0,0.1111833
12630.0,0.10312654
12632.0,0.0910414
12634.004,0.0878187
12636.004,0.08540166
12638.0,0.07492788
12640.004,0.0708995
12642.0,0.05639736
12644.0,0.0604257
12646.004,0.05478598
12648.0,0.05317464
12650.0,0.0443122
12652.004,0.04834056
12654.004,0.04028382
12656.0,0.04189516
12658.0,0.04834056
12660.0,0.03544975
12662.0,0.03383841
12664.004,0.03142138
12666.0,0.02819868
12668.0,0.02819868
12670.004,0.1844998
12672.0,0.4416113
12674.0,0.6769188
12676.0,0.8904734
12678.0,1.0863032
12680.004,1.270048
12682.004,1.436017
12684.0,1.58834
12686.004,1.7301896
12688.0,1.8583424
12690.0,1.97436
12692.004,2.084788
12694.0,2.183886
12696.0,2.274172
12698.004,2.357962
12700.004,2.43289
12702.0,2.503034
12704.0,2.568294
12706.0,2.628721
12708.0,2.68275
12710.004,2.732703
12712.0,2.780238
12714.0,2.821327
12716.004,2.858388
12718.004,2.8955
12720.0,2.927726
12722.0,2.959148
12724.0,2.987347
12726.0,3.013129
12728.004,3.035687
12730.0,3.057441
12732.004,3.078388
12734.0,3.099386
12736.0,3.113082
12738.0,3.12839
12740.0,3.142892
12742.0,3.158201
12744.004,3.168674
12746.004,3.179953
12748.0,3.171896
12750.0,3.197679
12752.0,3.208152
12754.0,3.214598
12756.004,3.222655
12758.0,3.228294
12760.0,3.233128
12762.004,3.238768
12764.004,3.246826
12766.0,3.250854
12768.0,3.254882
12770.0,3.258911
12772.0,3.262939
12774.004,3.265355
12776.0,3.2718
12778.004,3.2718
12780.004,3.278246
12782.0,3.278246
12784.0,3.279052
12786.0,3.282275
12788.0,3.282275
12790.004,3.283885
12792.004,3.250048
12794.0,2.976067
12796.0,2.734314
12798.0,2.5118968
12800.0,2.307205
12802.004,2.119432
12804.0,1.945355
12806.0,1.788198
12808.004,1.643126
12810.004,1.5085784
12812.0,1.3868708
12814.0,1.2781044
12816.0,1.174122
12818.0,1.0782464
12820.004,0.9911832
12822.0,0.9106158
12824.004,0.8356876
12826.004,0.7727946
12828.0,0.7083406
12830.0,0.6527486
12832.0,0.601135
12834.0,0.5527948
12836.004,0.5100938
12838.004,0.4649759
12840.0,0.4319431
12842.004,0.3972487
12844.0,0.3642159
12846.0,0.3360173
12848.004,0.3102357
12850.0,0.286871
12852.0,0.2780088
12854.004,0.24336452
12856.004,0.22322264
12858.0,0.2030304
12860.0,0.1909453
12862.0,0.1772488
12864.0,0.1740261
12866.004,0.1474387
12868.0,0.13857636
12870.004,0.13051952
12872.004,0.11843436
12874.0,0.10957196
12876.0,0.1007095
12878.0,0.0942641
12880.0,0.08701304
12882.004,0.08056764
12884.004,0.07009382
12886.0,0.07009382
12888.004,0.0636484
12890.0,0.05881435
12892.0,0.05559165
12894.004,0.05236894
12896.0,0.04834056
12898.0,0.04672923
12900.004,0.0410895
12902.004,0.03947813
12904.0,0.03625542
12906.0,0.03706112
12908.0,0.03303272
12910.0,0.02819868
12912.004,0.02819868
12914.0,0.02819868
12916.0,0.2143602
12918.004,0.4714212
12920.0,0.7027006
12922.0,0.9138382
12924.0,1.1088624
12926.0,1.29019
12928.004,1.4554036
12930.004,1.6197616
12932.0,1.745497
12934.004,1.8736504
12936.0,1.9904736
12938.0,2.094455
12940.004,2.193554
12942.0,2.279006
12944.0,2.366825
12946.004,2.442559
12948.004,2.511091
12950.0,2.57474
12952.0,2.63436
12954.0,2.691613
12956.0,2.742371
12958.004,2.781849
12960.0,2.826161
12962.0,2.865639
12964.004,2.897916
12966.004,2.93256
12968.0,2.963176
12970.0,2.989764
12972.0,3.014739
12974.0,3.03891
12976.004,3.060664
12978.0,3.071137
12980.004,3.097775
12982.0,3.113888
12984.0,3.125973
12986.004,3.142087
12988.0,3.157395
12990.0,3.16948
12992.004,3.179147
12994.004,3.189621
12996.0,3.196873
12998.0,3.209764
13000.0,3.217015
13002.0,3.22346
13004.004,3.2299052
13006.0,3.237156
13008.0,3.24199
13010.004,3.248436
13012.004,3.250048
13014.0,3.252465
13016.0,3.260521
13018.0,3.26455
13020.0,3.266161
13022.004,3.27019
13024.0,3.272606
13026.004,3.274218
13028.004,3.272606
13030.0,3.27744
13032.0,3.282275
13034.0,3.291137
13036.0,3.286303
13038.004,3.217821
13040.004,2.951091
13042.0,2.708532
13044.004,2.487727
13046.0,2.28384
13048.0,2.097679
13050.004,1.9268248
13052.0,1.771279
13054.0,1.6254016
13056.004,1.497299
13058.004,1.3747856
13060.0,1.2627968
13062.0,1.158814
13064.0,1.0661612
13066.0,0.977487
13068.004,0.9138382
13070.0,0.829242
13072.004,0.7631264
13074.004,0.704312
13076.0,0.6463036
13078.0,0.5971068
13080.0,0.5487662
13082.0,0.5028428
13084.004,0.4641702
13086.004,0.4263034
13088.0,0.3891919
13090.004,0.3626047
13092.0,0.334406
13094.0,0.3086243
13096.004,0.2812313
13098.0,0.2578668
13100.0,0.24014184
13102.004,0.2216113
13104.004,0.1949736
13106.0,0.1885282
13108.0,0.17886016
13110.0,0.1627466
13112.0,0.14663308
13114.004,0.1377706
13116.0,0.1272968
13118.004,0.1007095
13120.004,0.10957196
13122.0,0.1007095
13124.0,0.0837903
13126.0,0.09023572
13128.0,0.082179
13130.004,0.07492788
13132.004,0.06928818
13134.0,0.0644541
13136.004,0.0604257
13138.0,0.0539803
13140.0,0.05317464
13142.004,0.04834056
13144.0,0.0443122
13146.0,0.04189516
13148.004,0.03786679
13150.004,0.03706112
13152.0,0.03544975
13154.0,0.02981002
13156.0,0.02981002
13158.0,0.02739299
13160.004,0.03544975
13162.0,0.24497592
13164.0,0.5004256
13166.004,0.7325106
13168.004,0.941231
13170.0,1.1330324
13172.0,1.324834
13174.0,1.4755456
13176.004,1.6254016
13178.004,1.7632224
13180.0,1.8865408
13182.004,2.000947
13184.0,2.108153
13186.0,2.208862
13188.004,2.293508
13190.0,2.377299
13192.0,2.451421
13194.004,2.523177
13196.004,2.584408
13198.0,2.641611
13200.0,2.692418
13202.0,2.743176
13204.0,2.790712
13206.004,2.831802
13208.0,2.870473
13210.0,2.904362
13212.004,2.93659
13214.004,2.964788
13216.0,2.992181
13218.0,3.018768
13220.0,3.042133
13222.0,3.06308
13224.004,3.083222
13226.0,3.096969
13228.004,3.115499
13230.004,3.124361
13232.0,3.144504
13234.004,3.156589
13236.0,3.16948
13238.0,3.181565
13240.004,3.191233
13242.004,3.200901
13244.0,3.208152
13246.0,3.211375
13248.0,3.221849
13250.0,3.2299052
13252.004,3.23635
13254.0,3.257299
13256.0,3.246826
13258.004,3.250048
13260.004,3.255687
13262.0,3.260521
13264.0,3.256493
13266.0,3.266967
13268.0,3.27019
13270.004,3.273412
13272.0,3.279052
13274.004,3.27744
13276.004,3.280663
13278.0,3.285497
13280.0,3.284691
13282.0,3.289525
13284.0,3.183981
13286.004,2.92128
13288.004,2.680283
13290.0,2.461894
13292.004,2.260425
13294.0,2.077537
13296.0,1.906683
13298.004,1.7608052
13300.0,1.609288
13302.0,1.4739344
13304.004,1.360283
13306.004,1.249906
13308.0,1.1475344
13310.0,1.05327
13312.0,0.9702354
13314.0,0.8945018
13316.004,0.8227464
13318.0,0.7558752
13320.004,0.6930324
13322.004,0.626967
13324.0,0.5882444
13326.0,0.5439324
13328.0,0.4972029
13330.0,0.4609474
13332.004,0.4230805
13334.004,0.3875806
13336.0,0.3585762
13338.004,0.3263492
13340.0,0.3037904
13342.0,0.2804257
13344.004,0.2546441
13346.0,0.2361134
13348.0,0.21838864
13350.004,0.19336224
13352.004,0.1885282
13354.004,0.171609
13356.0,0.1587182
13358.0,0.14663308
13360.0,0.13374224
13362.004,0.1248798
13364.0,0.11601738
13366.004,0.10554354
13368.004,0.09909816
13370.0,0.0950698
13372.0,0.0878187
13374.0,0.07895626
13376.0,0.07492788
13378.004,0.06848246
13380.004,0.0636484
13382.0,0.0612314
13384.004,0.05478598
13386.0,0.0507576
13388.0,0.04995193
13390.004,0.0443122
13392.0,0.04270084
13394.0,0.03544975
13396.004,0.03706112
13398.004,0.03464409
13400.0,0.03222704
13402.0,0.02981002
13404.0,0.02819868
13406.0,0.025781632
13408.004,0.2804257
13410.0,0.527013
13412.0,0.7558752
13414.004,0.9645956
13416.004,1.1523684
13418.0,1.332085
13420.0,1.489242
13422.0,1.643126
13424.004,1.7769184
13426.004,1.9018496
13428.0,2.011422
13430.004,2.120238
13432.0,2.216919
13434.0,2.303176
13436.004,2.3845492
13438.0,2.460284
13440.0,2.527205
13442.004,2.590853
13444.004,2.646445
13446.0,2.6980584
13448.0,2.749622
13450.0,2.797157
13452.0,2.83583
13454.004,2.873696
13456.0,2.90839
13458.0,2.939812
13460.004,2.968816
13462.004,2.9962092
13464.0,3.026824
13466.0,3.045356
13468.0,3.0671084
13470.0,3.077583
13472.004,3.096969
13474.0,3.117916
13476.004,3.136446
13478.004,3.146116
13480.0,3.159811
13482.004,3.168674
13484.0,3.182371
13486.0,3.194456
13488.004,3.200096
13490.004,3.209764
13492.0,3.217821
13494.0,3.224265
13496.0,3.23474
13498.0,3.237156
13500.004,3.24199
13502.0,3.24602
13504.0,3.242797
13506.004,3.258105
13508.004,3.262133
13510.0,3.266967
13512.0,3.2709952
13514.0,3.27744
13516.0,3.274218
13518.004,3.276635
13520.0,3.27744
13522.004,3.281469
13524.004,3.284691
13526.0,3.285497
13528.0,3.287914
13530.0,3.150144
13532.0,2.894694
13534.004,2.656113
13536.004,2.43853
13538.0,2.238673
13540.004,2.054121
13542.0,1.8889576
13544.0,1.7398576
13546.004,1.591563
13548.0,1.464266
13550.0,1.3473928
13552.004,1.239432
13554.004,1.1314212
13556.0,1.044408
13558.0,0.9613732
13560.0,0.8840284
13562.0,0.8130786
13564.004,0.7478186
13566.0,0.6873928
13568.004,0.6366352
13570.004,0.581799
13572.0,0.5358754
13574.0,0.4923689
13576.0,0.4545022
13578.0,0.4190522
13580.004,0.386775
13582.004,0.3545479
13584.0,0.3263492
13586.004,0.3005676
13588.0,0.2747859
13590.0,0.2562554
13592.004,0.2336964
13594.0,0.22080568
13596.0,0.2030304
13598.004,0.1877226
13600.004,0.16999768
13602.004,0.1579125
13604.0,0.14341032
13606.0,0.13535364
13608.0,0.1248798
13610.004,0.1152117
13612.0,0.1079606
13614.004,0.1007095
13616.004,0.0910414
13618.0,0.08298464
13620.0,0.07815058
13622.0,0.07412224
13624.0,0.06928818
13626.004,0.06284276
13628.004,0.05236894
13630.0,0.05800869
13632.004,0.04995193
13634.0,0.04511786
13636.0,0.04189516
13638.004,0.04189516
13640.0,0.03706112
13642.0,0.03544975
13644.004,0.03303272
13646.004,0.03222704
13648.0,0.0306157
13650.0,0.02739299
13652.0,0.03303272
13654.0,0.314264
13656.004,0.5608514
13658.0,0.7905194
13660.004,0.9927944
13662.004,1.1821788
13664.004,1.350615
13666.0,1.5150232
13668.0,1.6625124
13670.0,1.7906152
13672.004,1.917157
13674.004,2.029147
13676.0,2.136351
13678.004,2.230616
13680.0,2.316873
13682.0,2.39583
13684.004,2.470757
13686.0,2.532845
13688.0,2.598104
13690.004,2.656113
13692.004,2.70692
13694.0,2.756067
13696.0,2.801185
13698.0,2.839858
13700.0,2.876918
13702.004,2.912419
13704.0,2.944646
13706.0,2.9728448
13708.004,3.001044
13710.004,3.025214
13712.0,3.046161
13714.0,3.06872
13716.0,3.088056
13718.0,3.103414
13720.004,3.121945
13722.0,3.138058
13724.004,3.165451
13726.004,3.1590052
13728.0,3.174314
13730.004,3.180759
13732.0,3.192845
13734.0,3.201707
13736.004,3.208152
13738.004,3.219431
13740.0,3.226683
13742.0,3.232322
13744.0,3.239573
13746.0,3.254882
13748.004,3.239573
13750.0,3.254076
13752.0,3.2532708
13754.004,3.260521
13756.004,3.266161
13758.0,3.27019
13760.0,3.2718
13762.0,3.2709952
13764.0,3.27744
13766.004,3.279052
13768.0,3.283885
13770.004,3.283885
13772.004,3.286303
13774.0,3.28872
13776.0,3.121945
13778.0,2.864028
13780.0,2.625498
13782.004,2.413554
13784.004,2.216919
13786.0,2.036397
13788.004,1.869622
13790.0,1.716493
13792.0,1.577061
13794.004,1.448958
13796.0,1.3280564
13798.0,1.221657
13800.004,1.1233648
13802.004,1.0339344
13804.0,0.9557334
13806.0,0.8759716
13808.0,0.8034102
13810.0,0.7397616
13812.004,0.6817532
13814.0,0.626967
13816.004,0.573742
13818.004,0.531847
13820.0,0.4891463
13822.0,0.4528908
13824.0,0.4150238
13826.0,0.3827466
13828.004,0.3489082
13830.004,0.3207094
13832.0,0.2981506
13834.004,0.2747859
13836.0,0.2522271
13838.0,0.2304737
13840.004,0.21597156
13842.0,0.2022247
13844.0,0.17322036
13846.004,0.1683863
13848.004,0.15710684
13850.004,0.15146716
13852.0,0.1313252
13854.0,0.12407414
13856.0,0.11440604
13858.004,0.10634928
13860.0,0.09909816
13862.004,0.09587548
13864.004,0.0837903
13866.0,0.07895626
13868.0,0.07170516
13870.0,0.06767682
13872.0,0.0604257
13874.004,0.05800869
13876.004,0.0539803
13878.0,0.04592355
13880.004,0.0475349
13882.0,0.04350652
13884.0,0.04028382
13886.004,0.03786679
13888.0,0.03222704
13890.0,0.03222704
13892.004,0.029004348
13894.004,0.02175326
13896.0,0.02819868
13898.0,0.07412224
13900.0,0.3424627
13902.0,0.5874386
13904.004,0.8203296
13906.0,1.012937
13908.004,1.199098
13910.004,1.3739796
13912.004,1.531943
13914.0,1.6778204
13916.0,1.812369
13918.0,1.929242
13920.004,2.0412316
13922.004,2.144408
13924.0,2.225782
13926.004,2.324124
13928.0,2.406303
13930.0,2.489337
13932.004,2.542512
13934.0,2.60455
13936.0,2.661753
13938.004,2.705309
13940.004,2.760095
13942.0,2.805213
13944.0,2.855972
13946.0,2.881752
13948.0,2.915641
13950.004,2.947869
13952.0,2.978484
13954.0,3.001849
13956.004,3.026824
13958.004,3.049384
13960.0,3.069526
13962.0,3.088862
13964.0,3.106636
13966.004,3.118721
13968.004,3.138863
13970.0,3.150144
13972.004,3.162229
13974.004,3.175925
13976.0,3.187204
13978.004,3.189621
13980.0,3.20493
13982.0,3.211375
13984.004,3.219431
13986.004,3.226683
13988.0,3.231516
13990.0,3.239573
13992.0,3.257299
13994.0,3.250048
13996.004,3.2532708
13998.0,3.257299
14000.0,3.268578
14002.004,3.263744
14004.004,3.268578
14006.0,3.295165
14008.0,3.276635
14010.0,3.287914
14012.0,3.27744
14014.004,3.282275
14016.0,3.284691
14018.004,3.284691
14020.004,3.285497
14022.0,3.084028
14024.0,2.83019
14026.0,2.601327
14028.0,2.382939
14030.004,2.191137
14032.004,2.018672
14034.0,1.851847
14036.004,1.699574
14038.0,1.5617524
14040.0,1.434406
14042.004,1.319194
14044.0,1.210378
14046.0,1.112085
14048.004,1.021799
14050.004,0.9444536
14052.004,0.8654974
14054.0,0.793742
14056.0,0.7333164
14058.0,0.674502
14060.004,0.6180542
14062.0,0.5705194
14064.004,0.526207
14066.004,0.481895
14068.0,0.4464453
14070.0,0.4093339
14072.0,0.3763011
14074.0,0.346491
14076.004,0.3207094
14078.004,0.2941222
14080.0,0.2683405
14082.004,0.24980992
14084.0,0.2304737
14086.0,0.2143602
14088.004,0.1949736
14090.0,0.1828885
14092.0,0.16677496
14094.004,0.1554955
14096.004,0.1450217
14098.004,0.1321309
14100.0,0.11843436
14102.0,0.11198896
14104.0,0.10554354
14106.004,0.0974868
14108.0,0.08943008
14110.004,0.08298464
14112.004,0.07815058
14114.004,0.06848246
14116.0,0.06687112
14118.0,0.0644541
14120.0,0.05800869
14122.004,0.05317464
14124.004,0.04995193
14126.0,0.04672923
14128.004,0.0443122
14130.0,0.0410895
14132.0,0.03867246
14134.004,0.03544975
14136.0,0.03222704
14138.0,0.01611352
14140.004,0.02819868
14142.004,0.02819868
14144.0,0.0910414
14146.0,0.371467
14148.0,0.609192
14150.0,0.834076
14152.004,1.0363516
14154.0,1.208766
14156.004,1.3933164
14158.004,1.547251
14160.004,1.696351
14162.0,1.829288
14164.0,1.941327
14166.0,2.053316
14168.004,2.154881
14170.004,2.247534
14172.0,2.333792
14174.004,2.403886
14176.004,2.483698
14178.0,2.551375
14180.004,2.609384
14182.0,2.668198
14184.0,2.719811
14186.004,2.767346
14188.004,2.810853
14190.0,2.8511376
14192.0,2.888249
14194.0,2.922086
14196.0,2.951091
14198.004,2.977678
14200.0,3.006683
14202.0,3.034075
14204.004,3.053413
14206.004,3.072749
14208.0,3.091278
14210.0,3.107442
14212.0,3.12275
14214.004,3.137252
14216.004,3.152561
14218.0,3.16384
14220.004,3.175925
14222.004,3.186399
14224.0,3.195261
14226.004,3.198485
14228.0,3.211375
14230.0,3.219431
14232.004,3.227488
14234.004,3.233128
14236.0,3.238768
14238.004,3.243602
14240.0,3.248436
14242.0,3.252465
14244.004,3.256493
14246.0,3.261327
14248.0,3.268578
14250.004,3.26455
14252.004,3.27019
14254.0,3.268578
14256.0,3.275024
14258.0,3.280663
14260.0,3.280663
14262.004,3.284691
14264.0,3.28308
14266.004,3.28872
14268.004,3.050995
14270.0,2.801185
14272.004,2.577157
14274.0,2.36199
14276.0,2.173413
14278.004,1.991279
14280.004,1.8300936
14282.0,1.682654
14284.004,1.547251
14286.0,1.419098
14288.0,1.3087204
14290.004,1.199098
14292.0,1.1008056
14294.0,1.014548
14296.004,0.9331744
14298.004,0.8485786
14300.004,0.7905194
14302.0,0.7252596
14304.0,0.667251
14306.0,0.6148316
14308.004,0.5648798
14310.0,0.5205676
14312.004,0.4786724
14314.004,0.4343601
14316.0,0.4028885
14318.0,0.3771068
14320.0,0.3456854
14322.0,0.3166811
14324.004,0.2997619
14326.004,0.269952
14328.0,0.2481986
14330.004,0.2240283
14332.0,0.21033176
14334.0,0.1949736
14336.004,0.17966576
14338.0,0.164358
14340.0,0.15388416
14342.004,0.1409933
14344.004,0.13051952
14346.004,0.1208514
14348.0,0.1127947
14350.0,0.10715492
14352.0,0.0950698
14354.004,0.08943008
14356.0,0.0942641
14358.004,0.07412224
14360.004,0.0644541
14362.004,0.06525976
14364.0,0.0612314
14366.0,0.05800869
14368.0,0.0539803
14370.004,0.04834056
14372.004,0.04995193
14374.0,0.04511786
14376.004,0.04189516
14378.0,0.03947813
14380.0,0.03706112
14382.004,0.03544975
14384.0,0.03142138
14386.0,0.03142138
14388.004,0.025781632
14390.004,0.1426047
14392.0,0.4077225
14394.0,0.6406634
14396.0,0.859858
14398.0,1.059716
14400.004,1.244266
14402.0,1.412652
14404.004,1.563364
14406.004,1.707631
14408.004,1.8437896
14410.0,1.9606636
14412.0,2.066257
14414.0,2.1685784
14416.004,2.258814
14418.004,2.345071
14420.0,2.420805
14422.004,2.491755
14424.004,2.55782
14426.0,2.613412
14428.004,2.673032
14430.0,2.726257
14432.0,2.774598
14434.004,2.815688
14436.004,2.855972
14438.0,2.892277
14440.0,2.926114
14442.0,2.954314
14444.0,2.983318
14446.004,3.010711
14448.0,3.03327
14450.0,3.055829
14452.004,3.075165
14454.004,3.095357
14456.0,3.109054
14458.0,3.121945
14460.0,3.138863
14462.004,3.152561
14464.004,3.168674
14466.0,3.175925
14468.004,3.189621
14470.004,3.19929
14472.0,3.207346
14474.004,3.217821
14476.0,3.226683
14478.0,3.226683
14480.004,3.237156
14482.004,3.238768
14484.0,3.248436
14486.004,3.250048
14488.0,3.254076
14490.0,3.256493
14492.004,3.261327
14494.0,3.266161
14496.0,3.27019
14498.004,3.2709952
14500.004,3.274218
14502.0,3.276635
14504.0,3.281469
14506.0,3.281469
14508.0,3.281469
14510.004,3.285497
14512.0,3.290331
14514.004,3.020379
14516.004,2.771374
14518.0,2.544124
14520.004,2.337015
14522.0,2.146019
14524.0,1.971137
14526.004,1.8139804
14528.004,1.6657352
14530.0,1.5263036
14532.004,1.4045956
14534.0,1.3071084
14536.0,1.1789556
14538.004,1.089526
14540.0,1.002463
14542.0,0.9218948
14544.004,0.8493842
14546.004,0.7816568
14548.004,0.7163972
14550.0,0.66
14552.0,0.609192
14554.0,0.5608514
14556.004,0.5133164
14558.0,0.4754497
14560.004,0.437583
14562.004,0.4012771
14564.0,0.3658272
14566.0,0.3408514
14568.0,0.314264
14570.0,0.2860654
14572.004,0.2643122
14574.004,0.2457816
14576.0,0.2240283
14578.004,0.20630344
14580.0,0.1909453
14582.0,0.1780545
14584.004,0.164358
14586.0,0.15227284
14588.0,0.139382
14590.004,0.12971384
14592.004,0.1281025
14594.004,0.10957196
14596.0,0.1039322
14598.0,0.0950698
14600.0,0.0886244
14602.004,0.0773449
14604.0,0.07573358
14606.004,0.06928818
14608.004,0.0644541
14610.004,0.06203707
14612.0,0.05720302
14614.0,0.05317464
14616.0,0.04350652
14618.004,0.04592355
14620.004,0.04350652
14622.0,0.03222704
14624.004,0.0410895
14626.0,0.03464409
14628.0,0.03303272
14630.004,0.03303272
14632.0,0.029004348
14634.0,0.02094758
14636.004,0.17644308
14638.004,0.4319431
14640.004,0.6704736
14642.0,0.884834
14644.0,1.069384
14646.0,1.266825
14648.004,1.434406
14650.0,1.5851176
14652.004,1.7229384
14654.004,1.8550692
14656.004,1.9638864
14658.0,2.078342
14660.0,2.183886
14662.0,2.269338
14664.004,2.353934
14666.004,2.430474
14668.0,2.500617
14670.004,2.578768
14672.004,2.623886
14674.0,2.681089
14676.004,2.731897
14678.0,2.778627
14680.0,2.818104
14682.004,2.859194
14684.004,2.893082
14686.0,2.92692
14688.0,2.957536
14690.0,2.986541
14692.0,3.010711
14694.004,3.0372992
14696.0,3.058246
14698.004,3.076777
14700.004,3.093696
14702.004,3.113082
14704.0,3.126778
14706.0,3.1412816
14708.0,3.154172
14710.004,3.167062
14712.004,3.177536
14714.0,3.18801
14716.004,3.195261
14718.004,3.206541
14720.0,3.217821
14722.004,3.224265
14724.0,3.24199
14726.0,3.2299052
14728.004,3.238768
14730.004,3.240379
14732.0,3.248436
14734.004,3.254882
14736.0,3.262939
14738.0,3.262939
14740.004,3.266161
14742.0,3.268578
14744.0,3.275024
14746.004,3.275024
14748.004,3.275024
14750.0,3.278246
14752.0,3.28308
14754.0,3.285497
14756.0,3.287109
14758.004,3.2532708
14760.0,2.986541
14762.004,2.739953
14764.004,2.518341
14766.0,2.311233
14768.004,2.125072
14770.0,1.9485776
14772.0,1.7890036
14774.004,1.6455432
14776.004,1.511801
14778.0,1.389288
14780.004,1.2756876
14782.0,1.173316
14784.0,1.0637444
14786.004,0.9927944
14788.0,0.9106158
14790.0,0.8397158
14792.004,0.7727946
14794.004,0.7059234
14796.004,0.6567772
14798.0,0.604358
14800.0,0.5495718
14802.0,0.5092882
14804.004,0.4706156
14806.0,0.4319431
14808.004,0.4004715
14810.004,0.3650216
14812.0,0.3368229
14814.0,0.3078187
14816.0,0.2852596
14818.0,0.2643122
14820.004,0.247393
14822.004,0.22322264
14824.0,0.2127489
14826.004,0.1893339
14828.0,0.18047144
14830.0,0.1627466
14832.004,0.15146716
14834.0,0.13857636
14836.0,0.1281025
14838.004,0.1192401
14840.004,0.11037764
14842.004,0.09587548
14844.0,0.0942641
14846.0,0.0886244
14848.0,0.07976194
14850.004,0.07492788
14852.0,0.06687112
14854.004,0.0644541
14856.004,0.0604257
14858.004,0.0539803
14860.0,0.05236894
14862.0,0.04914626
14864.0,0.04592355
14866.004,0.04270084
14868.004,0.03867246
14870.0,0.03706112
14872.004,0.03706112
14874.0,0.03303272
14876.0,0.02094758
14878.004,0.02819868
14880.0,0.02658732
14882.0,0.201419
14884.004,0.4665872
14886.004,0.6954496
14888.004,0.9162554
14890.0,1.1064456
14892.0,1.283744
14894.0,1.452181
14896.004,1.6012312
14898.0,1.7406628
14900.004,1.86801
14902.004,1.9872504
14904.004,2.077537
14906.0,2.193554
14908.0,2.282229
14910.0,2.36602
14912.004,2.439336
14914.004,2.509479
14916.0,2.573129
14918.004,2.63436
14920.004,2.684362
14922.0,2.737537
14924.004,2.783461
14926.0,2.824549
14928.0,2.858388
14930.004,2.8809468
14932.004,2.931754
14934.0,2.961564
14936.0,2.989764
14938.0,3.015545
14940.0,3.0372992
14942.004,3.060664
14944.0,3.079193
14946.004,3.096969
14948.004,3.117111
14950.004,3.130001
14952.0,3.14531
14954.0,3.157395
14956.0,3.167868
14958.004,3.174314
14960.004,3.188815
14962.0,3.19929
14964.004,3.202513
14966.004,3.214598
14968.0,3.22346
14970.004,3.2291
14972.0,3.23635
14974.0,3.24199
14976.004,3.24602
14978.004,3.250048
14980.0,3.261327
14982.004,3.259715
14984.0,3.266161
14986.0,3.26455
14988.004,3.269384
14990.0,3.273412
14992.0,3.275024
14994.004,3.278246
14996.004,3.284691
14998.0,3.281469
15000.0,3.28308
15002.0,3.275829
15004.004,3.222655
15006.004,2.949479
15008.0,2.714172
15010.004,2.492561
15012.004,2.276589
15014.0,2.104123
15016.004,1.9179628
15018.0,1.774502
15020.0,1.62943
15022.004,1.4964936
15024.004,1.3772028
15026.0,1.2660196
15028.004,1.161231
15030.0,1.06455
15032.0,0.9823208
15034.004,0.9017532
15036.0,0.8316592
15038.0,0.7655436
15040.004,0.7051178
15042.004,0.644692
15044.004,0.58905
15046.0,0.5487662
15048.0,0.5036484
15050.0,0.4593362
15052.004,0.4263034
15054.0,0.3932204
15056.004,0.3617989
15058.004,0.3311832
15060.004,0.3078187
15062.0,0.2852596
15064.0,0.2627007
15066.0,0.24255884
15068.004,0.22080568
15070.004,0.2046418
15072.0,0.1877226
15074.004,0.1740261
15076.0,0.1579125
15078.0,0.14985576
15080.004,0.13535364
15082.0,0.1272968
15084.0,0.1176287
15086.004,0.10876628
15088.004,0.1015152
15090.004,0.0942641
15092.0,0.06767682
15094.0,0.07653924
15096.0,0.07492788
15098.004,0.06928818
15100.0,0.06606544
15102.004,0.05881435
15104.004,0.03786679
15106.004,0.0507576
15108.0,0.04511786
15110.0,0.04350652
15112.0,0.04270084
15114.004,0.03544975
15116.004,0.03706112
15118.0,0.03544975
15120.004,0.03222704
15122.004,0.02981002
15124.0,0.024975968
15126.004,0.025781632
15128.0,0.2417532
15130.0,0.4931746
15132.004,0.7236482
15134.004,0.9372028
15136.004,1.1281984
15138.0,1.311137
15140.0,1.464266
15142.0,1.6237904
15144.004,1.759194
15146.0,1.883318
15148.004,1.9993356
15150.004,2.105735
15152.004,2.205639
15154.0,2.291091
15156.0,2.374076
15158.0,2.446587
15160.004,2.519147
15162.004,2.571516
15164.0,2.641611
15166.004,2.703698
15168.004,2.737537
15170.0,2.787489
15172.004,2.826161
15174.0,2.868862
15176.0,2.903556
15178.004,2.934978
15180.004,2.965593
15182.0,2.993792
15184.004,3.019574
15186.0,3.04455
15188.0,3.061469
15190.004,3.082416
15192.0,3.100191
15194.004,3.113888
15196.004,3.131612
15198.004,3.14531
15200.0,3.158201
15202.0,3.168674
15204.0,3.179147
15206.004,3.190427
15208.004,3.200901
15210.0,3.208958
15212.004,3.215403
15214.004,3.222655
15216.0,3.227488
15218.004,3.23635
15220.0,3.24199
15222.0,3.2476308
15224.004,3.251659
15226.004,3.255687
15228.0,3.259715
15230.004,3.263744
15232.0,3.266161
15234.0,3.2718
15236.004,3.2718
15238.0,3.275829
15240.0,3.279857
15242.004,3.279857
15244.004,3.281469
15246.004,3.283885
15248.0,3.286303
15250.0,3.190427
15252.004,2.927726
15254.004,2.686778
15256.0,2.466729
15258.004,2.264453
15260.004,2.083982
15262.0,1.9115172
15264.004,1.7559716
15266.0,1.6141216
15268.0,1.4803796
15270.004,1.3618944
15272.004,1.249906
15274.0,1.150757
15276.004,1.0564936
15278.0,0.975875
15280.0,0.8953076
15282.004,0.8219408
15284.0,0.7534584
15286.0,0.6954496
15288.004,0.6438864
15290.004,0.5906612
15292.004,0.5431264
15294.0,0.4988143
15296.0,0.4601418
15298.0,0.4303318
15300.004,0.3908033
15302.0,0.3601876
15304.004,0.3303776
15306.004,0.3037904
15308.004,0.2804257
15310.004,0.259478
15312.0,0.2393362
15314.0,0.22080568
15316.004,0.2079148
15318.004,0.1901396
15320.0,0.1756374
15322.004,0.15952384
15324.0,0.14663308
15326.0,0.13615924
15328.004,0.1272968
15330.0,0.11682304
15332.0,0.10715492
15334.004,0.09990386
15336.004,0.09345846
15338.004,0.08701304
15340.0,0.07895626
15342.0,0.05478598
15344.0,0.06767682
15346.004,0.0636484
15348.0,0.05800869
15350.004,0.05478598
15352.004,0.0507576
15354.004,0.04834056
15356.0,0.04592355
15358.0,0.0410895
15360.0,0.03867246
15362.004,0.03625542
15364.004,0.03464409
15366.0,0.03142138
15368.004,0.02981002
15370.004,0.02819868
15372.0,0.025781632
15374.004,0.272369
15376.0,0.5237902
15378.0,0.7526528
15380.004,0.9645956
15382.004,1.15398
15384.004,1.3304736
15386.0,1.4884364
15388.0,1.6374868
15390.0,1.773696
15392.004,1.900237
15394.0,2.014644
15396.004,2.121044
15398.004,2.216919
15400.004,2.304787
15402.0,2.3845492
15404.0,2.464312
15406.0,2.523177
15408.004,2.589242
15410.004,2.650473
15412.0,2.701281
15414.004,2.748816
15416.004,2.795546
15418.0,2.83583
15420.004,2.869667
15422.0,2.907585
15424.0,2.934978
15426.004,2.969621
15428.004,3.001044
15430.0,3.020379
15432.004,3.04455
15434.0,3.063886
15436.0,3.084028
15438.004,3.093696
15440.0,3.117916
15442.004,3.133224
15444.004,3.13967
15446.004,3.162229
15448.0,3.172702
15450.0,3.180759
15452.0,3.192039
15454.004,3.203318
15456.004,3.21057
15458.0,3.217821
15460.004,3.224265
15462.004,3.230711
15464.0,3.237962
15466.004,3.239573
15468.0,3.246826
15470.0,3.252465
15472.004,3.257299
15474.004,3.260521
15476.0,3.262939
15478.004,3.266161
15480.0,3.27019
15482.0,3.275024
15484.004,3.276635
15486.0,3.279052
15488.0,3.280663
15490.004,3.281469
15492.004,3.28308
15494.004,3.286303
15496.0,3.156589
15498.0,2.896305
15500.004,2.657725
15502.004,2.440142
15504.0,2.253174
15506.004,2.058151
15508.004,1.892986
15510.0,1.7519432
15512.004,1.5980084
15514.0,1.469906
15516.0,1.3473928
15518.004,1.239432
15520.004,1.138672
15522.0,1.0460192
15524.004,0.9621788
15526.0,0.884834
15528.0,0.813884
15530.004,0.7486244
15532.0,0.6881984
15534.0,0.6342184
15536.004,0.5801876
15538.004,0.536681
15540.004,0.494786
15542.0,0.4681985
15544.0,0.4182466
15546.0,0.3891919
15548.004,0.3529366
15550.0,0.3263492
15552.004,0.3013732
15554.004,0.2788144
15556.004,0.2538384
15558.004,0.2361134
15560.0,0.2191943
15562.0,0.2022247
15564.004,0.19336224
15566.004,0.17080332
15568.0,0.1546898
15570.004,0.14663308
15572.0,0.13535364
15574.0,0.1248798
15576.004,0.1152117
15578.0,0.10554354
15580.0,0.1015152
15582.004,0.08943008
15584.004,0.08540166
15586.004,0.07815058
15588.0,0.07492788
15590.0,0.06767682
15592.0,0.06525976
15594.004,0.05478598
15596.0,0.05317464
15598.004,0.05236894
15600.004,0.0475349
15602.004,0.0443122
15604.0,0.0410895
15606.0,0.04028382
15608.0,0.03706112
15610.004,0.03303272
15612.004,0.0306157
15614.0,0.0306157
15616.004,0.03625542
15618.004,0.04028382
15620.0,0.304596
15622.004,0.5527948
15624.0,0.7784342
15626.0,0.9855436
15628.01,1.170899
15630.004,1.349004
15632.004,1.5061616
15634.0,1.6399036
15635.996,1.7914208
15638.0,1.9115172
15640.0,2.028341
15642.004,2.129906
15644.0,2.224976
15646.01,2.309621
15648.004,2.392606
15650.004,2.465923
15652.0,2.532845
15653.996,2.596493
15656.004,2.651279
15658.0,2.703698
15660.004,2.750428
15662.0,2.805213
15664.01,2.839858
15666.004,2.876918
15668.0,2.911613
15670.0,2.943035
15671.996,2.971233
15674.004,2.997015
15676.0,3.025214
15678.004,3.050189
15680.004,3.06872
15682.01,3.089668
15684.004,3.105026
15686.004,3.121945
15688.0,3.137252
15689.996,3.148532
15692.004,3.160617
15694.0,3.171896
15696.01,3.183175
15698.004,3.192845
15700.0,3.203318
15702.01,3.211375
15704.004,3.218626
15706.0,3.224265
15707.996,3.232322
15710.004,3.237156
15712.0,3.242797
15713.996,3.246826
15716.004,3.2532708
15718.0,3.257299
15720.01,3.257299
15722.004,3.266967
15724.0,3.266967
15726.0,3.266967
15728.004,3.273412
15730.0,3.275829
15732.0,3.278246
15734.004,3.280663
15736.0,3.278246
15738.01,3.284691
15740.004,3.287109
15742.004,3.123556
15744.0,2.855166
15745.996,2.630331
15748.004,2.4022748
15750.0,2.218531
15752.004,2.037203
15754.0,1.883318
15756.01,1.720521
15758.004,1.591563
15760.0,1.452181
15762.0,1.3353072
15763.996,1.2450716
15766.004,1.1281984
15768.0,1.0363516
15770.004,0.946065
15772.004,0.8767772
15774.01,0.8066328
15776.004,0.738956
15778.0,0.6825588
15780.0,0.63019
15781.996,0.5777704
15784.004,0.5326526
15786.0,0.4891463
15788.01,0.4504738
15790.004,0.4150238
15792.0,0.3843578
15794.004,0.3513252
15796.004,0.3239322
15798.0,0.2989562
15799.996,0.272369
15802.004,0.2522271
15804.0,0.2336964
15806.01,0.22
15808.004,0.2151659
15810.0,0.1844998
15812.01,0.16999768
15814.004,0.12326848
15816.0,0.144216
15818.0,0.11601738
15820.004,0.1224628
15822.0,0.11360036
15823.996,0.1015152
15826.004,0.09909816
15828.0,0.0918471
15830.01,0.0910414
15832.004,0.07895626
15834.004,0.07331654
15836.0,0.06767682
15837.996,0.06525976
15840.0,0.06284276
15842.0,0.05962004
15844.004,0.05478598
15846.0,0.05800869
15848.01,0.0443122
15850.004,0.0410895
15852.004,0.03947813
15854.0,0.03625542
15855.996,0.02255893
15858.004,0.0306157
15860.0,0.02981002
15862.004,0.03464409
15864.004,0.07170516
15866.01,0.344074
15868.004,0.5801876
15870.0,0.801799
15872.0,1.0040744
15873.996,1.18943
15876.004,1.3747856
15878.0,1.5279148
15880.004,1.678626
15882.004,1.8059236
15884.0,1.9276308
15886.004,2.03962
15888.004,2.142796
15890.0,2.235449
15891.996,2.323319
15894.004,2.4022748
15896.0,2.475642
15898.01,2.543318
15900.004,2.60455
15902.0,2.6593352
15904.01,2.710948
15906.004,2.760901
15908.0,2.810853
15910.0,2.843887
15912.004,2.883364
15914.0,2.92128
15915.996,2.947869
15918.004,2.976067
15920.0,3.000238
15922.01,3.024408
15924.004,3.049384
15926.004,3.069526
15928.0,3.090474
15930.004,3.106636
15932.0,3.121945
15934.0,3.1356408
15936.004,3.148532
15938.0,3.16948
15940.01,3.174314
15942.004,3.181565
15944.004,3.194456
15946.0,3.200096
15947.996,3.213792
15950.004,3.217015
15952.0,3.225877
15954.004,3.230711
15956.0,3.237962
15958.01,3.243602
15960.004,3.249242
15962.0,3.252465
15964.0,3.255687
15965.996,3.262939
15968.004,3.26455
15970.0,3.266967
15972.004,3.272606
15974.004,3.273412
15976.01,3.278246
15978.004,3.275829
15980.0,3.282275
15982.0,3.283885
15983.996,3.284691
15986.004,3.287109
15988.0,3.091278
15990.01,2.839053
15992.004,2.603744
15994.0,2.390995
15996.004,2.206445
15998.004,2.014644
16000.0,1.853458
16001.996,1.7027968
16004.004,1.565781
16006.0,1.4400456
16007.996,1.322417
16010.004,1.220851
16012.0,1.114502
16014.01,1.025827
16016.004,0.9404252
16018.0,0.8679146
16020.0,0.7977706
16022.004,0.7325106
16024.0,0.6753076
16026.0,0.6189104
16028.004,0.5753534
16030.0,0.527013
16032.01,0.5004256
16034.004,0.4545022
16036.004,0.4158296
16038.0,0.3771068
16039.996,0.3472969
16042.0,0.3215152
16044.0,0.2949278
16046.004,0.2876767
16048.0,0.24980992
16050.01,0.2320851
16052.004,0.2143602
16054.004,0.196585
16056.0,0.1853055
16057.996,0.1675806
16060.004,0.1546898
16062.0,0.14341032
16064.004,0.13293656
16066.004,0.1192401
16068.01,0.1152117
16070.004,0.1047379
16072.0,0.09909816
16074.0,0.09023572
16075.996,0.06928818
16078.004,0.0813733
16080.0,0.07251084
16082.01,0.06525976
16084.004,0.0612314
16086.0,0.05720302
16088.004,0.05639736
16090.004,0.0507576
16092.0,0.05478598
16093.996,0.04350652
16096.004,0.04189516
16098.0,0.03706112
16100.01,0.03625542
16102.004,0.03464409
16104.0,0.03383841
16106.01,0.02819868
16108.004,0.017724876
16110.0,0.10312654
16112.0,0.3682443
16114.004,0.6059692
16116.0,0.8324648
16117.996,1.0274384
16120.004,1.2160176
16122.0,1.389288
16124.01,1.545639
16126.004,1.6907108
16128.004,1.8204256
16130.0,1.9381044
16131.996,2.049288
16134.0,2.149242
16136.0,2.245118
16138.004,2.333792
16140.0,2.408719
16142.01,2.486115
16144.004,2.550569
16146.004,2.612606
16148.0,2.667392
16149.996,2.719005
16152.004,2.764123
16154.0,2.807631
16156.004,2.8511376
16158.0,2.88417
16160.01,2.920475
16162.004,2.951091
16164.0,2.988153
16166.0,3.009905
16167.996,3.0260184
16170.004,3.058246
16172.0,3.073554
16174.004,3.091278
16176.004,3.109054
16178.01,3.125973
16180.004,3.13967
16182.004,3.151755
16184.0,3.164646
16185.996,3.171896
16188.004,3.186399
16190.0,3.196067
16192.01,3.207346
16194.004,3.212986
16196.0,3.221849
16198.01,3.228294
16200.004,3.235545
16202.0,3.238768
16204.0,3.244408
16206.004,3.249242
16208.0,3.254076
16209.996,3.258911
16212.004,3.262939
16214.0,3.265355
16216.01,3.265355
16218.004,3.2718
16220.0,3.275829
16222.0,3.278246
16224.004,3.280663
16226.0,3.28308
16228.0,3.28308
16230.004,3.284691
16232.0,3.286303
16234.01,3.059052
16236.004,2.805213
16238.004,2.573934
16240.0,2.362796
16241.996,2.171801
16244.004,1.995307
16246.0,1.8333164
16248.004,1.6770144
16250.0,1.546445
16252.01,1.4207092
16254.004,1.29019
16256.004,1.199098
16258.0,1.1024168
16259.996,1.012131
16262.004,0.9347856
16264.0,0.855024
16266.004,0.788908
16268.004,0.7268708
16270.01,0.6688622
16272.004,0.616443
16274.0,0.566491
16276.0,0.5173448
16277.996,0.4802837
16280.004,0.4416113
16282.0,0.4222749
16284.01,0.3730785
16286.004,0.3448797
16288.0,0.3215152
16290.004,0.2876767
16292.004,0.2691461
16294.0,0.2465873
16295.996,0.2296681
16298.004,0.2079148
16300.0,0.1885282
16302.01,0.17966576
16304.004,0.16355224
16306.0,0.1546898
16308.01,0.1426047
16310.004,0.1313252
16312.0,0.12165708
16314.0,0.1127947
16316.004,0.11037764
16318.0,0.09587548
16319.996,0.08056764
16322.004,0.082179
16324.0,0.07573358
16326.01,0.06928818
16328.004,0.06606544
16330.004,0.04914626
16332.0,0.05559165
16333.996,0.05317464
16336.0,0.04995193
16338.0,0.04914626
16340.004,0.04189516
16342.0,0.04834056
16344.01,0.03867246
16346.004,0.03464409
16348.004,0.03303272
16350.0,0.03222704
16351.996,0.029004348
16354.004,0.024975968
16356.0,0.13696492
16358.004,0.3988602
16360.004,0.649526
16362.01,0.8590522
16364.004,1.0589104
16366.0,1.2410432
16368.0,1.4102356
16369.996,1.5617524
16372.004,1.7060196
16374.0,1.836539
16376.01,1.956635
16378.004,2.065452
16380.01,2.166162
16382.004,2.233033
16384.0,2.341849
16386.0,2.43289
16388.0,2.490143
16390.0,2.560237
16392.0,2.643222
16394.01,2.675449
16396.0,2.726257
16398.0,2.772986
16400.01,2.811659
16402.0,2.85436
16404.0,2.889054
16406.0,2.92692
16408.0,2.954314
16410.0,2.983318
16412.0,3.008294
16414.0,3.032464
16416.0,3.054218
16418.01,3.074359
16420.0,3.09289
16422.0,3.110665
16424.0,3.126778
16426.0,3.138863
16428.0,3.150144
16430.0,3.164646
16432.0,3.175925
16434.0,3.189621
16436.01,3.196067
16438.0,3.20493
16440.0,3.212986
16442.0,3.227488
16443.992,3.226683
16446.0,3.233128
16448.0,3.237962
16450.0,3.24602
16452.0,3.254076
16454.01,3.2532708
16456.0,3.258105
16458.0,3.262133
16460.0,3.265355
16461.992,3.267772
16464.0,3.275024
16466.0,3.274218
16468.01,3.276635
16470.0,3.279857
16472.01,3.280663
16474.0,3.282275
16476.0,3.287109
16478.0,3.287914
16479.992,3.029242
16482.0,2.777014
16484.0,2.545735
16486.01,2.341849
16488.0,2.152464
16490.0,1.9775824
16492.01,1.8155916
16494.0,1.668152
16496.0,1.532749
16498.0,1.4094296
16500.0,1.2942184
16502.0,1.188624
16504.01,1.099194
16506.0,1.0056856
16508.0,0.9017532
16510.01,0.8485786
16512.0,0.7824624
16514.0,0.7196198
16516.0,0.662417
16518.0,0.5769646
16520.0,0.5576288
16522.0,0.5157336
16524.0,0.4762554
16526.0,0.4367773
16528.01,0.3996658
16530.0,0.3690501
16532.0,0.3408514
16534.0,0.3134584
16535.992,0.2892881
16538.0,0.2667292
16540.0,0.24336452
16542.0,0.2272511
16544.0,0.2095261
16546.01,0.19416792
16548.0,0.17886016
16550.0,0.164358
16552.0,0.15307848
16553.992,0.1409933
16556.0,0.12971384
16558.0,0.12004576
16560.01,0.1152117
16562.0,0.10312654
16564.01,0.0950698
16566.0,0.0910414
16568.0,0.084596
16570.0,0.07492788
16571.992,0.06928818
16574.0,0.06525976
16576.0,0.06203707
16578.01,0.05559165
16580.0,0.0539803
16582.0,0.0507576
16584.01,0.0507576
16586.0,0.04350652
16588.0,0.04270084
16590.0,0.03786679
16592.0,0.04511786
16594.0,0.03383841
16596.01,0.02094758
16598.0,0.02739299
16600.0,0.02658732
16602.01,0.169192
16604.0,0.4311374
16606.0,0.6728906
16608.0,0.8840284
16610.0,1.079052
16612.0,1.27891
16614.0,1.4255436
16616.0,1.5698096
16618.0,1.722133
16620.01,1.8502356
16622.0,1.969526
16624.0,2.080759
16626.0,2.171801
16628.0,2.269338
16630.0,2.351517
16632.0,2.428862
16634.0,2.501422
16636.0,2.567488
16638.01,2.627109
16640.0,2.683556
16642.0,2.732703
16644.0,2.776208
16645.992,2.819716
16648.0,2.857582
16650.0,2.8955
16652.0,2.928532
16654.0,2.947063
16656.01,2.988959
16658.0,3.015545
16660.0,3.03891
16662.0,3.056635
16663.992,3.075971
16666.0,3.095357
16668.0,3.112276
16670.01,3.125973
16672.0,3.142087
16674.01,3.152561
16676.01,3.165451
16678.0,3.177536
16680.0,3.188815
16681.992,3.197679
16684.0,3.208152
16686.0,3.213792
16688.01,3.221043
16690.0,3.224265
16692.0,3.233128
16694.01,3.240379
16696.0,3.246826
16698.0,3.250048
16700.0,3.254076
16702.0,3.258105
16704.0,3.259715
16706.0,3.26455
16708.0,3.267772
16710.0,3.2718
16712.01,3.275024
16714.0,3.278246
16716.0,3.279052
16718.0,3.279857
16720.0,3.285497
16722.0,3.286303
16724.0,3.265355
16726.0,2.995404
16728.0,2.743982
16730.01,2.526399
16732.0,2.318485
16734.0,2.1291
16736.0,1.955024
16737.992,1.796255
16740.0,1.656067
16742.0,1.516635
16744.0,1.3933164
16746.0,1.2805216
16748.01,1.1781504
16750.0,1.083081
16752.0,0.9944058
16754.0,0.914644
16755.992,0.8405214
16758.0,0.7727946
16760.0,0.7123688
16762.01,0.6551658
16764.0,0.6027464
16766.01,0.5552116
16768.0,0.5108994
16770.0,0.4706156
16772.0,0.4327487
16773.992,0.3972487
16776.0,0.3658272
16778.0,0.3513252
16780.01,0.3231265
16782.0,0.2860654
16784.0,0.2643122
16786.01,0.24497592
16788.0,0.2248341
16790.0,0.2054474
16792.0,0.1901396
16794.0,0.1772488
16796.0,0.164358
16798.01,0.1474387
16800.0,0.1377706
16802.0,0.1281025
16804.01,0.11843436
16806.0,0.11198896
16808.0,0.1015152
16810.0,0.0942641
16812.0,0.0878187
16814.0,0.08620734
16816.0,0.07492788
16818.0,0.0644541
16820.0,0.0644541
16822.01,0.05881435
16824.0,0.05720302
16826.0,0.05317464
16828.0,0.04672923
16829.992,0.04592355
16832.0,0.04511786
16834.0,0.03947813
16836.0,0.03625542
16838.0,0.03706112
16840.01,0.02819868
16842.0,0.0306157
16844.0,0.02739299
16846.0,0.029004348
16847.992,0.199002
16850.0,0.4617532
16852.0,0.694644
16854.0,0.904976
16856.0,1.1056396
16858.01,1.287773
16860.0,1.4537924
16862.0,1.598814
16864.0,1.7390516
16865.992,1.86801
16868.0,1.984028
16870.0,2.079148
16872.01,2.191137
16874.0,2.282229
16876.01,2.3611848
16878.01,2.434502
16880.0,2.505451
16882.0,2.572323
16884.0,2.631943
16886.0,2.685974
16888.0,2.732703
16890.01,2.777014
16892.0,2.822938
16894.0,2.859194
16896.01,2.899528
16898.0,2.933366
16900.0,2.963176
16902.0,2.990569
16904.0,3.016351
16906.0,3.035687
16908.0,3.059052
16910.0,3.076777
16912.0,3.100997
16914.01,3.113082
16916.0,3.116305
16918.0,3.14531
16920.0,3.156589
16922.0,3.16948
16924.0,3.179953
16926.0,3.196873
16928.0,3.198485
16930.0,3.207346
16932.01,3.215403
16934.0,3.22346
16936.0,3.2291
16938.0,3.235545
16939.992,3.240379
16942.0,3.245214
16944.0,3.250854
16946.0,3.254076
16948.0,3.261327
16950.01,3.266161
16952.0,3.279052
16954.0,3.2709952
16956.0,3.269384
16957.992,3.275829
16960.0,3.278246
16962.0,3.282275
16964.01,3.286303
16966.0,3.284691
16968.01,3.287914
16970.0,3.230711
16972.0,2.964788
16974.0,2.723033
16975.992,2.4982
16978.0,2.293508
16980.0,2.107346
16982.01,1.9348816
16984.0,1.7785304
16986.0,1.6197616
16988.01,1.502133
16990.0,1.380425
16992.0,1.2676308
16994.0,1.1652596
16996.0,1.0677724
16998.0,0.9847378
17000.01,0.907393
17002.0,0.8348818
17004.0,0.7671548
17006.01,0.6922268
17008.0,0.6487204
17010.0,0.598718
17012.0,0.5503774
17014.0,0.5076766
17016.0,0.4690042
17018.0,0.4279148
17020.0,0.3956373
17022.0,0.3626047
17024.01,0.334406
17026.0,0.307013
17028.0,0.2836484
17030.0,0.259478
17031.992,0.2409475
17034.0,0.21758284
17036.0,0.2046418
17038.0,0.1885282
17040.0,0.1740261
17042.01,0.16355224
17044.0,0.1675806
17046.0,0.13857636
17048.0,0.13374224
17049.992,0.11682304
17052.0,0.10957196
17054.0,0.1015152
17056.01,0.08620734
17058.0,0.08701304
17060.01,0.07815058
17062.0,0.07492788
17064.0,0.0708995
17066.0,0.06284276
17067.992,0.0604257
17070.0,0.05720302
17072.0,0.05156327
17074.01,0.0475349
17076.0,0.06928818
17078.0,0.0443122
17080.01,0.03867246
17082.0,0.04350652
17084.0,0.03464409
17086.0,0.03303272
17088.0,0.03303272
17090.0,0.02819868
17092.01,0.023364616
17094.0,0.23691908
17096.0,0.4907576
17098.01,0.722037
17100.0,0.931563
17102.0,1.125781
17104.0,1.304692
17106.0,1.464266
17108.0,1.6125104
17110.0,1.7535544
17112.0,1.87929
17114.0,1.995307
17116.01,2.103318
17118.0,2.217725
17120.0,2.288674
17122.0,2.370854
17124.0,2.452227
17126.0,2.518341
17128.0,2.581991
17130.0,2.644028
17132.0,2.69403
17134.01,2.745593
17136.0,2.787489
17138.0,2.830996
17140.0,2.867251
17141.992,2.894694
17144.0,2.93659
17146.0,2.965593
17148.0,2.992987
17150.0,3.017962
17152.01,3.041328
17154.0,3.060664
17156.0,3.081611
17158.0,3.091278
17159.992,3.115499
17162.0,3.131612
17164.0,3.146116
17166.01,3.157395
17168.0,3.165451
17170.01,3.179147
17172.01,3.191233
17174.0,3.191233
17176.0,3.208958
17177.992,3.218626
17180.0,3.214598
17182.0,3.230711
17184.01,3.23635
17186.0,3.242797
17188.0,3.2476308
17190.01,3.252465
17192.0,3.257299
17194.0,3.261327
17196.0,3.26455
17198.0,3.266161
17200.0,3.269384
17202.01,3.273412
17204.0,3.276635
17206.0,3.279052
17208.01,3.279857
17210.0,3.282275
17212.0,3.284691
17214.0,3.28872
17216.0,3.195261
17218.0,2.930949
17220.0,2.689196
17222.0,2.470757
17224.0,2.268482
17226.01,2.08801
17228.0,1.9131284
17230.0,1.759194
17232.0,1.6149276
17233.992,1.483602
17236.0,1.3449756
17238.0,1.251517
17240.0,1.153174
17242.0,1.057299
17244.01,0.9734582
17246.0,0.8961132
17248.0,0.8219408
17250.0,0.7574866
17251.992,0.7035064
17254.0,0.641469
17256.0,0.5898556
17258.01,0.5439324
17260.0,0.5012316
17262.01,0.4601418
17264.0,0.4246921
17266.0,0.3948317
17268.0,0.3585762
17269.992,0.3303776
17272.0,0.304596
17274.0,0.2812313
17276.01,0.2586724
17278.0,0.23691908
17280.0,0.22
17282.01,0.1998077
17284.0,0.1844998
17286.0,0.1740261
17288.0,0.16032952
17290.0,0.14663308
17292.0,0.139382
17294.01,0.1248798
17296.0,0.1176287
17298.0,0.1047379
17300.01,0.0982925
17302.0,0.0918471
17304.0,0.08540166
17306.0,0.0813733
17308.0,0.07170516
17310.0,0.06848246
17312.0,0.0636484
17314.0,0.0604257
17316.0,0.05317464
17318.01,0.05317464
17320.0,0.04914626
17322.0,0.04511786
17324.0,0.03867246
17326.0,0.03947813
17328.0,0.03867246
17330.0,0.03222704
17332.0,0.03222704
17334.0,0.0306157
17336.01,0.02819868
17338.0,0.02819868
17340.0,0.2675348
17342.0,0.5165392
17343.992,0.7486244
17346.0,0.9557334
17348.0,1.14834
17350.01,1.3256392
17352.0,1.481185
17354.01,1.631847
17356.0,1.776113
17358.0,1.8970144
17360.0,2.012227
17361.992,2.118626
17364.0,2.214503
17366.0,2.304787
17368.01,2.3845492
17370.0,2.45706
17372.01,2.522371
17374.01,2.591659
17376.0,2.647251
17378.0,2.699669
17380.0,2.748816
17382.0,2.791518
17384.0,2.834218
17386.01,2.868057
17388.0,2.905973
17390.0,2.9373948
17392.01,2.964788
17394.0,2.99782
17396.0,3.02199
17398.0,3.042939
17400.0,3.059858
17402.0,3.084028
17404.0,3.107442
17406.0,3.119527
17408.0,3.131612
17410.01,3.148532
17412.0,3.161423
17414.0,3.170286
17416.0,3.180759
17418.0,3.191233
17420.0,3.198485
17422.0,3.21057
17424.0,3.216209
17426.0,3.22346
17428.01,3.233128
17430.0,3.238768
17432.0,3.24199
17434.0,3.2476308
17435.992,3.254076
17438.0,3.258911
17440.0,3.262939
17442.0,3.266967
17444.0,3.266967
17446.01,3.28308
17448.0,3.269384
17450.0,3.27744
17452.0,3.278246
17453.992,3.280663
17456.0,3.297582
17458.0,3.284691
17460.01,3.285497
17462.0,3.163034
17464.01,2.9019448
17466.0,2.663364
17468.0,2.447393
17470.0,2.241895
17471.992,2.06384
17474.0,1.893792
17476.0,1.7414684
17478.01,1.598814
17480.0,1.465877
17482.0,1.350615
17484.01,1.2426544
17486.0,1.138672
17488.0,1.046825
17490.0,0.9654016
17492.0,0.8856396
17494.0,0.8179124
17496.01,0.7502356
17498.0,0.6906156
17500.0,0.6309956
17502.01,0.5850216
17504.0,0.5382922
17506.0,0.4939802
17508.0,0.4593362
17510.0,0.4142182
17512.0,0.3875806
17514.0,0.3456854
17516.0,0.3263492
17518.0,0.3037904
17520.01,0.2707576
17522.0,0.2554497
17524.0,0.2353078
17526.0,0.2143602
17527.992,0.2038361
17530.0,0.1844998
17532.0,0.171609
17534.0,0.15146716
17536.0,0.1474387
17538.01,0.13293656
17540.0,0.12568552
17542.0,0.1176287
17544.0,0.1039322
17545.992,0.0974868
17548.0,0.0950698
17550.0,0.084596
17552.01,0.07895626
17554.0,0.07331654
17556.01,0.0636484
17558.0,0.0636484
17560.0,0.05881435
17562.0,0.0539803
17563.992,0.05156327
17566.0,0.0475349
17568.0,0.04592355
17570.01,0.0410895
17572.0,0.04350652
17574.01,0.03786679
17576.01,0.029004348
17578.0,0.03625542
17580.0,0.029004348
17582.0,0.029004348
17584.0,0.0
17586.0,0.2997619
17588.01,0.5503774
17590.0,0.7760172
17592.0,1.011325
17594.01,1.1765388
17596.0,1.348198
17598.0,1.5053556
17600.0,1.654456
17602.0,1.783364
17604.0,1.9107116
17606.0,2.02109
17608.0,2.129906
17610.0,2.225782
17612.01,2.311233
17614.0,2.393412
17616.0,2.461089
17618.0,2.531233
17620.0,2.594881
17622.0,2.655307
17624.0,2.704503
17626.0,2.752038
17628.0,2.797963
17630.01,2.839053
17632.0,2.876113
17634.0,2.92128
17636.0,2.94384
17637.992,2.968816
17640.0,2.997015
17642.0,3.026824
17644.0,3.056635
17646.0,3.067914
17648.01,3.086444
17650.0,3.10422
17652.0,3.121139
17654.0,3.119527
17655.992,3.150144
17658.0,3.161423
17660.0,3.1710908
17662.01,3.183175
17664.0,3.192039
17666.01,3.200901
17668.01,3.211375
17670.0,3.217015
17672.0,3.225071
17674.0,3.2299052
17676.0,3.23635
17678.0,3.24199
17680.01,3.2476308
17682.0,3.252465
17684.0,3.256493
17686.01,3.260521
17688.0,3.26455
17690.0,3.26455
17692.0,3.2709952
17694.0,3.274218
17696.0,3.276635
17698.01,3.278246
17700.0,3.282275
17702.0,3.284691
17704.01,3.290331
17706.0,3.287109
17708.0,3.132418
17710.0,2.874502
17712.0,2.641611
17714.0,2.424029
17716.0,2.22417
17718.0,2.042842
17720.0,1.87929
17722.01,1.7245496
17724.0,1.5802832
17726.0,1.459432
17728.0,1.3409472
17729.992,1.2305196
17732.0,1.1298096
17734.0,1.039574
17736.0,0.9541222
17738.0,0.8791944
17740.01,0.8082444
17742.0,0.7397616
17744.0,0.6906156
17746.0,0.63019
17747.992,0.5801876
17750.0,0.5310412
17752.0,0.494786
17754.01,0.4504738
17756.0,0.4166352
17758.01,0.3819409
17760.0,0.3553536
17762.0,0.3239322
17764.0,0.2981506
17765.992,0.2755915
17768.0,0.2546441
17770.0,0.2336964
17772.01,0.2151659
17774.0,0.19739064
17776.0,0.1812771
17778.01,0.1675806
17780.0,0.15630116
17782.0,0.1458274
17784.0,0.13535364
17786.0,0.12326848
17788.0,0.11601738
17790.01,0.10715492
17792.0,0.09909816
17794.0,0.0910414
17796.01,0.0837903
17798.0,0.07492788
17800.0,0.07251084
17802.0,0.06767682
17804.0,0.06284276
17806.0,0.0539803
17808.0,0.05478598
17810.0,0.05156327
17812.0,0.04672923
17814.01,0.03947813
17816.0,0.023364616
17818.0,0.03625542
17820.0,0.03625542
17822.0,0.03544975
17824.0,0.03303272
17826.0,0.029004348
17828.0,0.000805676
17830.0,0.06606544
17832.01,0.329572
17834.0,0.5753534
17836.0,0.8001876
17838.0,1.0056856
17839.992,1.1926524
17842.0,1.365923
17844.0,1.5077724
17846.01,1.6633184
17848.0,1.802701
17850.01,1.921991
17852.0,2.037203
17854.0,2.140379
17856.0,2.235449
17857.992,2.320095
17860.0,2.399052
17862.0,2.46834
17864.01,2.541706
17866.0,2.602938
17868.01,2.65853
17870.01,2.710143
17872.0,2.759289
17874.0,2.802797
17876.0,2.843887
17878.0,2.8809468
17880.0,2.915641
17882.01,2.947063
17884.0,2.976873
17886.0,3.001044
17888.01,3.021185
17890.0,3.047773
17892.0,3.081611
17894.0,3.088862
17896.0,3.106636
17898.0,3.121945
17900.0,3.1356408
17902.0,3.146116
17904.0,3.1767308
17906.01,3.173508
17908.0,3.183981
17910.0,3.193651
17912.0,3.204124
17914.0,3.211375
17916.0,3.218626
17918.0,3.226683
17920.0,3.233128
17922.0,3.238768
17924.01,3.243602
17926.0,3.2476308
17928.0,3.2532708
17930.0,3.252465
17931.992,3.260521
17934.0,3.26455
17936.0,3.268578
17938.0,3.274218
17940.0,3.275024
17942.01,3.279052
17944.0,3.280663
17946.0,3.286303
17948.0,3.285497
17949.992,3.284691
17952.0,3.286303
17954.0,3.097775
17956.01,2.843081
17958.0,2.610189
17960.01,2.396634
17962.01,2.203222
17964.0,2.020284
17966.0,1.84943
17967.992,1.707631
17970.0,1.5706156
17972.0,1.4408516
17974.01,1.321611
17976.0,1.2160176
17978.0,1.1185304
17980.01,1.02905
17982.0,0.9468706
17984.0,0.8695258
17986.0,0.8009934
17988.0,0.7317048
17990.0,0.6777246
17992.01,0.6229388
17994.0,0.5745476
17996.0,0.5278188
17998.01,0.484312
18000.0,0.4480566
18002.0,0.4126069
18004.0,0.3795239
18006.0,0.3497138
18008.0,0.3215152
18010.0,0.2973448
18012.0,0.2739803
18014.0,0.24255884
18016.01,0.23289076
18018.0,0.2143602
18020.0,0.19739064
18022.0,0.1828885
18023.992,0.1675806
18026.0,0.15388416
18028.0,0.14341032
18030.0,0.13374224
18032.0,0.12165708
18034.01,0.10957196
18036.0,0.10634928
18038.0,0.09909816
18040.0,0.08701304
18041.992,0.084596
18044.0,0.07653924
18046.0,0.07251084
18048.01,0.05962004
18050.0,0.05962004
18052.01,0.04270084
18054.0,0.05478598
18056.0,0.0507576
18058.0,0.03786679
18059.992,0.0410895
18062.0,0.0410895
18064.0,0.03867246
18066.01,0.03464409
18068.0,0.02175326
18070.01,0.03303272
18072.01,0.02014191
18074.0,0.02658732
18076.0,0.0950698
18078.0,0.3489082
18080.0,0.6059692
18082.0,0.8260194
18084.01,1.0274384
18086.0,1.2152116
18088.0,1.3844536
18090.01,1.5408056
18092.0,1.685877
18094.0,1.81962
18096.0,1.9364924
18098.0,2.046871
18100.0,2.154076
18102.0,2.241089
18104.0,2.329764
18106.0,2.409525
18108.01,2.484504
18110.0,2.548152
18112.0,2.612606
18114.0,2.666586
18116.0,2.726257
18118.0,2.764123
18120.0,2.807631
18122.0,2.843887
18124.0,2.88417
18126.01,2.922086
18128.0,2.951091
18130.0,2.978484
18132.0,3.008294
18133.992,3.029242
18136.0,3.055829
18138.0,3.071943
18140.0,3.092084
18142.0,3.114693
18144.01,3.125167
18146.0,3.138863
18148.0,3.152561
18150.0,3.16384
18151.992,3.173508
18154.0,3.189621
18156.0,3.197679
18158.01,3.20493
18160.0,3.213792
18162.01,3.222655
18164.01,3.23635
18166.0,3.23474
18168.0,3.240379
18170.0,3.245214
18172.0,3.249242
18174.0,3.256493
18176.01,3.258911
18178.0,3.262133
18180.0,3.265355
18182.01,3.269384
18184.0,3.2718
18186.0,3.273412
18188.0,3.275829
18190.0,3.278246
18192.0,3.281469
18194.01,3.283885
18196.0,3.285497
18198.0,3.285497
18200.01,3.064692
18202.0,2.811659
18204.0,2.582796
18206.0,2.370048
18208.0,2.177441
18210.0,1.9993356
18212.0,1.83815
18214.0,1.6907108
18216.0,1.5512792
18218.01,1.4239324
18220.0,1.3071084
18222.0,1.206349
18224.0,1.104028
18225.992,1.011325
18228.0,0.9372028
18230.0,0.8590522
18232.0,0.7921308
18234.0,0.729288
18236.01,0.667251
18238.0,0.6156374
18240.0,0.5697136
18242.0,0.5221788
18243.992,0.481895
18246.0,0.4391942
18248.0,0.4077225
18250.01,0.3626047
18252.0,0.3448797
18254.01,0.319098
18256.0,0.2860654
18258.0,0.269952
18260.0,0.2506158
18261.992,0.2288624
18264.0,0.21194324
18266.0,0.2038361
18268.01,0.17966576
18270.0,0.16677496
18272.01,0.1546898
18274.01,0.141799
18276.0,0.1321309
18278.0,0.12165708
18280.0,0.11198896
18282.0,0.1047379
18284.0,0.0974868
18286.01,0.0886244
18288.0,0.0813733
18290.0,0.07653924
18292.01,0.07251084
18294.0,0.04914626
18296.0,0.05881435
18298.0,0.05720302
18300.0,0.05478598
18302.0,0.04995193
18304.0,0.0475349
18306.0,0.03947813
18308.0,0.04189516
18310.01,0.04270084
18312.0,0.03625542
18314.0,0.03303272
18316.0,0.02094758
18318.0,0.02981002
18320.0,0.02739299
18322.0,0.1264912
18324.0,0.3891919
18326.0,0.6277726
18328.01,0.8501898
18330.0,1.0524648
18332.0,1.233742
18334.0,1.4054016
18335.992,1.559336
18338.0,1.7003796
18340.0,1.8308992
18342.01,1.959858
18344.0,2.065452
18346.01,2.163744
18348.0,2.255591
18350.0,2.340237
18352.0,2.415165
18353.992,2.487727
18356.0,2.555403
18358.0,2.616635
18360.01,2.672226
18362.0,2.721423
18364.01,2.7689576
18366.01,2.812464
18368.0,2.851943
18370.0,2.888249
18372.0,2.929337
18374.0,2.953508
18376.0,2.981706
18378.01,3.007489
18380.0,3.031659
18382.0,3.046161
18384.01,3.075165
18386.0,3.093696
18388.0,3.110665
18390.0,3.127584
18392.0,3.138058
18394.0,3.154977
18396.01,3.166257
18398.0,3.1767308
18400.0,3.185593
18402.01,3.197679
18404.0,3.205736
18406.0,3.215403
18408.0,3.23635
18410.0,3.227488
18412.0,3.233934
18414.0,3.241185
18416.0,3.243602
18418.0,3.249242
18420.01,3.2532708
18422.0,3.258911
18424.0,3.262133
18426.0,3.265355
18427.992,3.269384
18430.0,3.269384
18432.0,3.272606
18434.0,3.276635
18436.0,3.282275
18438.01,3.282275
18440.0,3.283885
18442.0,3.284691
18444.0,3.289525
18445.992,3.031659
18448.0,2.782655
18450.0,2.556209
18452.01,2.34346
18454.0,2.154881
18456.01,1.982417
18458.01,1.8180084
18460.0,1.6697636
18462.0,1.53436
18464.0,1.411847
18466.0,1.2861616
18468.0,1.191041
18470.01,1.09436
18472.0,1.00488
18474.0,0.9259234
18476.01,0.8437442
18478.0,0.7792398
18480.0,0.7228426
18482.0,0.6608056
18484.0,0.6108032
18486.0,0.5576288
18488.01,0.5165392
18490.0,0.4778667
18492.0,0.44
18494.01,0.4028885
18496.0,0.3666331
18498.0,0.3408514
18500.0,0.3158754
18502.0,0.2925108
18504.0,0.2667292
18506.0,0.24497592
18508.0,0.23289076
18510.0,0.20872048
18512.01,0.1925566
18514.0,0.1756374
18516.0,0.14824448
18518.0,0.15710684
18520.01,0.1409933
18522.0,0.12971384
18524.0,0.1208514
18526.0,0.11360036
18528.0,0.1007095
18530.01,0.0942641
18532.0,0.0878187
18534.0,0.0942641
18536.0,0.07573358
18537.992,0.07331654
18540.0,0.06848246
18542.0,0.0612314
18544.01,0.0604257
18546.0,0.05236894
18548.01,0.04995193
18550.0,0.04189516
18552.0,0.0410895
18554.0,0.03222704
18555.992,0.02981002
18558.0,0.03706112
18560.0,0.03222704
18562.01,0.03222704
18564.0,0.03464409
18566.01,0.02739299
18568.01,0.1619409
18570.0,0.4311374
18572.0,0.66
18574.0,0.8759716
18576.0,1.0959712
18578.0,1.2555452
18580.01,1.4231264
18582.0,1.5827004
18584.0,1.7181044
18586.01,1.8470128
18588.0,1.9630808
18590.0,2.0743132
18592.0,2.160522
18594.0,2.266871
18596.0,2.349905
18598.0,2.428862
18600.0,2.499006
18602.0,2.564266
18604.01,2.617441
18606.0,2.685168
18608.0,2.723033
18610.0,2.773792
18612.0,2.817298
18614.0,2.856777
18616.0,2.88986
18618.0,2.924504
18620.0,2.953508
18622.01,2.98493
18624.0,3.012323
18626.0,3.036494
18628.0,3.056635
18629.992,3.077583
18632.0,3.093696
18634.0,3.113082
18636.01,3.127584
18638.0,3.138058
18640.01,3.154172
18642.0,3.170286
18644.0,3.178342
18646.0,3.188815
18647.992,3.197679
18650.0,3.205736
18652.0,3.214598
18654.01,3.221849
18656.0,3.227488
18658.01,3.235545
18660.01,3.24602
18662.0,3.24602
18664.0,3.250854
18666.0,3.254076
18668.0,3.257299
18670.0,3.262939
18672.01,3.266161
18674.0,3.2709952
18676.0,3.273412
18678.01,3.276635
18680.0,3.278246
18682.0,3.283885
18684.0,3.285497
18686.0,3.285497
18688.0,3.285497
18690.01,3.274218
18692.0,3.00346
18694.0,2.756873
18696.01,2.531233
18698.0,2.321707
18700.0,2.135545
18702.0,1.9590524
18704.0,1.8018952
18706.0,1.654456
18708.0,1.519052
18710.0,1.3981508
18712.0,1.282938
18714.01,1.1773444
18716.0,1.0879148
18718.0,0.9976286
18720.0,0.9186724
18721.992,0.8445498
18724.0,0.7727946
18726.0,0.7139804
18728.0,0.6535544
18730.0,0.6237444
18732.01,0.551989
18734.0,0.5020372
18736.0,0.4698098
18738.0,0.4335544
18739.992,0.3996658
18742.0,0.3658272
18744.0,0.33924
18746.01,0.3110413
18748.0,0.2884824
18750.01,0.2618951
18752.0,0.24255884
18754.0,0.2256398
18756.0,0.1949736
18757.992,0.19175096
18760.0,0.19175096
18762.0,0.15710684
18764.01,0.15146716
18766.0,0.1458274
18768.01,0.1289082
18770.01,0.1208514
18772.0,0.11037764
18774.0,0.1023209
18776.0,0.0974868
18778.0,0.082179
18780.0,0.08620734
18782.01,0.08701304
18784.0,0.07251084
18786.0,0.06284276
18788.01,0.05881435
18790.0,0.05639736
18792.0,0.03706112
18794.0,0.04592355
18796.0,0.04834056
18798.0,0.04511786
18800.0,0.04028382
18802.0,0.03625542
18804.0,0.03625542
18806.01,0.02981002
18808.0,0.02417028
18810.0,0.02981002
18812.0,0.02658732
18814.0,0.2022247
18816.0,0.4577248
18818.0,0.6865872
18820.0,0.9033648
18822.0,1.099194
18824.01,1.2797156
18826.0,1.443268
18828.0,1.5939796
18830.0,1.735023
18831.992,1.8631764
18834.0,1.980805
18836.0,2.088816
18838.01,2.185498
18840.0,2.275783
18842.01,2.35474
18844.0,2.428057
18846.0,2.511091
18848.0,2.573934
18849.992,2.631137
18852.0,2.686778
18854.0,2.735925
18856.01,2.781043
18858.0,2.822938
18860.01,2.861611
18862.01,2.899528
18864.0,2.930949
18866.0,2.96237
18868.0,2.988959
18870.0,3.015545
18872.0,3.035687
18874.01,3.055829
18876.0,3.078388
18878.0,3.096163
18880.01,3.113082
18882.0,3.120333
18884.0,3.144504
18886.0,3.155783
18888.0,3.167868
18890.0,3.178342
18892.01,3.189621
18894.0,3.197679
18896.0,3.207346
18898.01,3.215403
18900.0,3.221849
18902.0,3.228294
18904.0,3.233128
18906.0,3.237962
18908.0,3.24602
18910.0,3.249242
18912.0,3.255687
18914.0,3.258105
18916.01,3.261327
18918.0,3.262133
18920.0,3.2718
18922.0,3.272606
18923.992,3.266967
18926.0,3.27744
18928.0,3.279052
18930.0,3.28872
18932.0,3.280663
18934.01,3.284691
18936.0,3.237156
18938.0,2.971233
18940.0,2.725451
18941.992,2.503034
18944.0,2.299953
18946.0,2.110569
18948.01,1.9364924
18950.0,1.781753
18952.01,1.636681
18954.01,1.5053556
18956.0,1.383648
18958.0,1.270853
18960.0,1.1676768
18962.0,1.0726068
18964.0,0.9879604
18966.01,0.9017532
18968.0,0.8348818
18970.0,0.7695718
18972.01,0.704312
18974.0,0.649526
18976.0,0.5946896
18978.0,0.5455436
18980.0,0.5060654
18982.0,0.479478
18984.01,0.4287204
18986.0,0.3948317
18988.0,0.3642159
18990.01,0.3336003
18992.0,0.3134584
18994.0,0.286871
18996.0,0.259478
18998.0,0.2393362
19000.0,0.2248341
19002.0,0.20630344
19004.0,0.1893339
19006.0,0.1812771
19008.01,0.1579125
19010.0,0.1474387
19012.0,0.1377706
19014.0,0.1345479
19016.01,0.11843436
19018.0,0.10957196
19020.0,0.1007095
19022.0,0.0878187
19024.0,0.08620734
19026.01,0.082179
19028.0,0.0813733
19030.0,0.07331654
19032.0,0.06284276
19033.992,0.06203707
19036.0,0.05478598
19038.0,0.05559165
19040.01,0.05236894
19042.0,0.04672923
19044.01,0.0507576
19046.0,0.04028382
19048.0,0.03706112
19050.0,0.03383841
19051.992,0.03222704
19054.0,0.02739299
19056.0,0.023364616
19058.01,0.02658732
19060.0,0.2264454
19062.01,0.4835064
19064.01,0.717203
19066.0,0.9259234
19068.0,1.1161132
19070.0,1.2885788
19072.0,1.4650716
19074.0,1.6125104
19076.01,1.750332
19078.0,1.8776784
19080.0,2.000947
19082.01,2.100901
19084.0,2.193554
19086.0,2.286257
19088.0,2.367631
19090.0,2.445781
19092.0,2.512702
19094.0,2.581186
19096.0,2.636777
19098.0,2.690002
19100.01,2.739148
19102.0,2.7891
19104.0,2.828577
19106.0,2.865639
19108.0,2.9019448
19110.0,2.9373948
19112.0,2.963176
19114.0,2.989764
19116.0,3.017962
19118.01,3.040522
19120.0,3.063886
19122.0,3.079999
19124.0,3.096969
19125.992,3.114693
19128.0,3.12839
19130.0,3.143698
19132.01,3.162229
19134.0,3.16948
19136.01,3.179953
19138.0,3.189621
19140.0,3.195261
19142.0,3.207346
19143.992,3.217015
19146.0,3.222655
19148.0,3.2299052
19150.01,3.23635
19152.0,3.24199
19154.01,3.24199
19156.01,3.249242
19158.0,3.257299
19160.0,3.259715
19162.0,3.263744
19164.0,3.266161
19166.0,3.269384
19168.01,3.272606
19170.0,3.273412
19172.0,3.27744
19174.01,3.280663
19176.0,3.285497
19178.0,3.287109
19180.0,3.286303
19182.0,3.20493
19184.0,2.942229
19186.01,2.697253
19188.0,2.47967
19190.0,2.274978
19192.01,2.0920384
19194.0,1.917157
19196.0,1.7640284
19198.0,1.618956
19200.0,1.4884364
19202.0,1.369146
19204.0,1.2571564
19206.0,1.155591
19208.0,1.059716
19210.01,0.9782926
19212.0,0.89853
19214.0,0.8268252
19216.0,0.7599038
19218.01,0.699478
19220.0,0.6406634
19222.0,0.5946896
19224.0,0.5455436
19226.0,0.5020372
19228.01,0.4633645
19230.0,0.427109
19232.0,0.3908033
19234.0,0.3601876
19235.992,0.3327946
19238.0,0.307013
19240.0,0.2780088
19242.01,0.259478
19244.0,0.2441703
19246.01,0.22
19248.01,0.2022247
19250.0,0.1877226
19252.0,0.1724147
19253.992,0.1579125
19256.0,0.15066144
19258.0,0.1377706
19260.01,0.1248798
19262.0,0.11843436
19264.01,0.10876628
19266.01,0.09023572
19268.0,0.09265276
19270.0,0.08620734
19272.0,0.08056764
19274.0,0.07492788
19276.0,0.07170516
19278.01,0.06525976
19280.0,0.05962004
19282.0,0.05478598
19284.01,0.04834056
19286.0,0.04672923
19288.0,0.04672923
19290.0,0.04189516
19292.0,0.04189516
19294.0,0.03625542
19296.0,0.03222704
19298.0,0.03303272
19300.0,0.0306157
19302.01,0.029004348
19304.0,0.03383841
19306.0,0.2643122
19308.0,0.5125108
19310.01,0.7421788
19312.0,0.9508994
19314.0,1.1459232
19316.0,1.319194
19318.0,1.4803796
19320.01,1.6141216
19322.0,1.7640284
19324.0,1.891375
19326.0,2.007393
19327.992,2.110569
19330.0,2.212085
19332.0,2.295925
19334.01,2.37891
19336.0,2.454644
19338.01,2.52076
19340.0,2.586825
19342.0,2.66417
19344.0,2.700475
19345.992,2.745593
19348.0,2.790712
19350.0,2.833413
19352.01,2.87289
19354.0,2.905973
19356.01,2.939006
19358.01,2.964788
19360.0,2.993792
19362.0,3.021185
19364.0,3.043744
19366.0,3.065498
19368.0,3.085639
19370.01,3.103414
19372.0,3.118721
19374.0,3.133224
19376.01,3.146116
19378.0,3.164646
19380.0,3.1710908
19382.0,3.192845
19384.0,3.191233
19386.0,3.201707
19388.01,3.221043
19390.0,3.217015
19392.0,3.231516
19394.01,3.228294
19396.0,3.23635
19398.0,3.242797
19400.0,3.2476308
19402.0,3.251659
19404.0,3.267772
19406.0,3.259715
19408.0,3.261327
19410.0,3.27019
19412.01,3.27019
19414.0,3.273412
19416.0,3.275829
19418.0,3.275829
19419.992,3.282275
19422.0,3.278246
19424.0,3.279052
19426.0,3.287109
19428.0,3.170286
19430.01,2.9140292
19432.0,2.672226
19434.0,2.456255
19436.0,2.252368
19437.992,2.073509
19440.0,1.900237
19442.0,1.747109
19444.01,1.6076768
19446.0,1.4715172
19448.01,1.3546436
19450.01,1.2458776
19452.0,1.1451176
19454.0,1.0508532
19456.0,0.968624
19458.0,0.8896678
19460.0,0.8179124
19462.01,0.7526528
19464.0,0.6938382
19466.01,0.6358296
19468.01,0.5898556
19470.0,0.5431264
19472.0,0.4972029
19474.0,0.4561135
19476.0,0.4238865
19478.0,0.3875806
19480.01,0.3545479
19482.0,0.3279606
19484.0,0.2989562
19486.01,0.27962
19488.0,0.2562554
19490.0,0.23853052
19492.0,0.21838864
19494.0,0.2030304
19496.0,0.1877226
19498.0,0.17966576
19500.0,0.16516368
19502.0,0.1458274
19504.01,0.13696492
19506.0,0.1248798
19508.0,0.1152117
19510.0,0.11037764
19512.01,0.10312654
19514.0,0.0918471
19516.0,0.08620734
19518.0,0.07895626
19520.0,0.07170516
19522.01,0.06767682
19524.0,0.0636484
19526.0,0.0636484
19528.0,0.05317464
19529.992,0.05156327
19532.0,0.04834056
19534.0,0.04511786
19536.01,0.04189516
19538.0,0.04270084
19540.01,0.03544975
19542.0,0.03383841
19544.0,0.02014191
19546.0,0.0306157
19547.992,0.02739299
19550.0,0.0
19552.0,0.2925108
19554.01,0.5407096
19556.0,0.7695718
19558.01,0.9742638
19560.01,1.1644536
19562.0,1.339336
19564.0,1.49891
19566.0,1.6504276
19568.0,1.7825584
19570.0,1.906683
19572.01,2.020284
19574.0,2.125072
19576.0,2.217725
19578.01,2.307205
19580.0,2.388578
19582.0,2.4627
19584.0,2.530427
19586.0,2.594076
19588.0,2.647251
19590.01,2.702087
19592.0,2.737537
19594.0,2.796351
19596.01,2.836635
19598.0,2.875307
19600.0,2.910807
19602.0,2.940618
19604.0,2.969621
19606.0,2.9962092
19608.0,3.023602
19610.0,3.04455
19612.0,3.064692
19614.01,3.085639
19616.0,3.105026
19618.0,3.117916
19620.0,3.133224
19621.992,3.146116
19624.0,3.163034
19626.0,3.171896
19628.01,3.181565
19630.0,3.192039
19632.01,3.198485
19634.0,3.205736
19636.0,3.217015
19638.0,3.225877
19639.992,3.230711
19642.0,3.238768
19644.0,3.24199
19646.01,3.246826
19648.0,3.251659
19650.01,3.256493
19652.01,3.262133
19654.0,3.280663
19656.0,3.269384
19658.0,3.274218
19660.0,3.274218
19662.0,3.278246
19664.01,3.279857
19666.0,3.281469
19668.0,3.284691
19670.01,3.28872
19672.0,3.287914
19674.0,3.137252
19676.0,2.87853
19678.0,2.644028
19680.0,2.421611
19682.01,2.226588
19684.0,2.04526
19686.0,1.880095
19688.01,1.7293836
19690.0,1.5867288
19692.0,1.459432
19694.0,1.3385304
19696.0,1.232936
19698.0,1.1314212
19700.0,1.0379624
19702.0,0.9581504
19704.0,0.8808056
19706.01,0.8098556
19708.0,0.7454014
19710.0,0.6865872
19712.0,0.6309956
19714.01,0.581799
19716.0,0.534264
19718.0,0.4915632
19720.0,0.4520852
19722.0,0.4174409
19724.01,0.3843578
19726.0,0.3481025
19728.0,0.3263492
19730.0,0.30943
19731.992,0.2747859
19734.0,0.2546441
19736.0,0.23853052
19738.01,0.21597156
19740.0,0.2006134
19742.01,0.1844998
19744.01,0.16999768
19746.0,0.15710684
19748.0,0.14985576
19750.0,0.13374224
19752.0,0.13696492
19754.0,0.11601738
19756.01,0.10554354
19758.0,0.10312654
19760.01,0.0910414
19762.01,0.0837903
19764.0,0.06525976
19766.0,0.07331654
19768.0,0.06606544
19770.0,0.06203707
19772.0,0.05962004
19774.01,0.0539803
19776.0,0.05478598
19778.0,0.04834056
19780.01,0.04592355
19782.0,0.04189516
19784.0,0.03786679
19786.0,0.03544975
19788.0,0.03464409
19790.0,0.03142138
19792.0,0.029004348
19794.0,0.02094758
19796.0,0.05317464
19798.01,0.3231265
19800.0,0.5721308
19802.0,0.796159
19804.0,1.0008512
19806.01,1.188624
19808.0,1.3635064
19810.0,1.519052
19812.0,1.666541
19814.0,1.800284
19816.01,1.9252136
19818.0,2.031563
19820.0,2.137157
19822.0,2.231421
19823.992,2.318485
19826.0,2.393412
19828.0,2.470757
19830.01,2.53929
19832.0,2.603744
19834.01,2.65853
19836.0,2.710948
19838.0,2.756067
19840.0,2.801991
19841.992,2.865639
19844.0,2.877724
19846.0,2.915641
19848.01,2.946257
19850.0,2.976873
19852.01,3.00346
19854.01,3.02763
19856.0,3.047773
19858.0,3.069526
19860.0,3.088056
19862.0,3.096969
19864.0,3.121139
19866.01,3.137252
19868.0,3.148532
19870.0,3.162229
19872.01,3.173508
19874.0,3.183175
19876.0,3.192039
19878.0,3.197679
19880.0,3.214598
19882.0,3.220237
19884.01,3.225877
19886.0,3.233934
19888.0,3.239573
19890.01,3.244408
19892.0,3.258105
19894.0,3.2532708
19896.0,3.256493
19898.0,3.262133
19900.0,3.265355
19902.0,3.27019
19904.0,3.287914
19906.0,3.275024
19908.01,3.279052
19910.0,3.279857
19912.0,3.278246
19914.0,3.282275
19915.992,3.284691
19918.0,3.287109
19920.0,3.106636
19922.01,2.850332
19924.0,2.620663
19926.01,2.407109
19928.0,2.20725
19930.0,2.025118
19932.0,1.8615652
19933.992,1.7124644
19936.0,1.5714212
19938.0,1.443268
19940.01,1.3264452
19942.0,1.21924
19944.01,1.1233648
19946.01,1.0298552
19948.0,0.9468706
19950.0,0.8759716
19952.0,0.8009934
19954.0,0.7365392
19956.0,0.6704736
19958.01,0.6253556
19960.0,0.5753534
19962.01,0.5278188
19964.01,0.4883406
19966.0,0.4512796
19968.0,0.4134126
19970.0,0.3859692
19972.0,0.3481025
19974.0,0.3223209
19976.01,0.2965392
19978.0,0.272369
19980.0,0.257061
19982.01,0.2320851
19984.0,0.21597156
19986.0,0.1998077
19988.0,0.1828885
19990.0,0.169192
19992.0,0.15710684
19994.0,0.1458274
19996.0,0.1272968
19998.0,0.1192401
20000.01,0.11440604
20002.0,0.1015152
20004.0,0.09668114
20006.0,0.1015152
20008.01,0.084596
20010.0,0.0773449
20012.0,0.06928818
20014.0,0.06928818
20016.0,0.06284276
20018.01,0.06525976
20020.0,0.0539803
20022.0,0.04995193
20024.0,0.04672923
20025.992,0.04672923
20028.0,0.03867246
20030.0,0.03786679
20032.01,0.03383841
20034.0,0.03303272
20036.01,0.0306157
20038.0,0.03303272
20040.0,0.02981002
20042.0,0.08701304
20043.992,0.3537423
20046.0,0.5963012
20048.0,0.818718
20050.01,1.021799
20052.0,1.2111832
20054.01,1.37962
20056.01,1.536777
20058.0,1.680237
20060.0,1.812369
20062.0,1.9324644
20064.0,2.043648
20066.0,2.149242
20068.01,2.242701
20070.0,2.329764
20072.0,2.406303
20074.01,2.478058
20076.0,2.546541
20078.0,2.605356
20080.0,2.661753
20082.0,2.714977
20084.0,2.762513
20086.01,2.806825
20088.0,2.844692
20090.0,2.883364
20092.01,2.906779
20094.0,2.948675
20096.0,2.976067
20098.0,3.00346
20100.0,3.028436
20102.0,3.052607
20104.0,3.067914
20106.0,3.089668
20108.0,3.109054
20110.01,3.124361
20112.0,3.140476
20114.0,3.152561
20116.0,3.165451
20117.992,3.165451
20120.0,3.191233
20122.0,3.195261
20124.01,3.20493
20126.0,3.213792
20128.01,3.219431
20130.0,3.227488
20132.0,3.232322
20134.0,3.23474
20135.992,3.243602
20138.0,3.256493
20140.0,3.254076
20142.01,3.258911
20144.0,3.269384
20146.01,3.26455
20148.01,3.266967
20150.0,3.266161
20152.0,3.273412
20154.0,3.269384
20156.0,3.279052
20158.0,3.282275
20160.01,3.287109
20162.0,3.28308
20164.01,3.286303
20166.01,3.070331
20168.0,2.819716
20170.0,2.585214
20172.0,2.374076
20174.0,2.191137
20176.0,2.001752
20178.01,1.8405672
20180.0,1.693128
20182.0,1.553696
20184.01,1.4271548
20186.0,1.3143604
20188.0,1.205543
20190.0,1.1072512
20192.0,1.0193816
20194.0,0.9380084
20196.0,0.8646918
20198.0,0.7905194
20200.0,0.7284824
20202.01,0.669668
20204.0,0.6180542
20206.0,0.5697136
20208.0,0.5254014
20210.01,0.479478
20212.0,0.4416113
20214.0,0.4069169
20216.0,0.3771068
20218.0,0.3448797
20220.01,0.3174868
20222.0,0.2957336
20224.0,0.269952
20226.0,0.2554497
20227.992,0.2304737
20230.0,0.2143602
20232.0,0.196585
20234.01,0.1836942
20236.0,0.1675806
20238.01,0.15388416
20240.01,0.14018764
20242.0,0.1313252
20244.0,0.11843436
20246.0,0.11360036
20248.0,0.10312654
20250.0,0.09668114
20252.01,0.0886244
20254.0,0.08701304
20256.01,0.0773449
20258.01,0.07251084
20260.0,0.0644541
20262.0,0.0612314
20264.0,0.05720302
20266.0,0.05236894
20268.0,0.0507576
20270.01,0.04592355
20272.0,0.04350652
20274.0,0.04028382
20276.01,0.03947813
20278.0,0.03625542
20280.0,0.03383841
20282.0,0.04511786
20284.0,0.0306157
20286.0,0.02658732
20288.01,0.1224628
20290.0,0.386775
20292.0,0.629384
20294.01,0.8485786
20296.0,1.0484364
20298.0,1.221657
20300.0,1.401373
20302.01,1.5553076
20304.0,1.681043
20306.0,1.829288
20308.0,1.9493832
20310.0,2.060567
20312.01,2.162938
20314.0,2.246729
20316.0,2.335404
20318.0,2.411943
20319.992,2.487727
20322.0,2.554597
20324.0,2.615023
20326.01,2.672226
20328.0,2.722228
20330.01,2.766541
20332.0,2.811659
20334.0,2.8511376
20336.0,2.888249
20337.992,2.922086
20340.0,2.954314
20342.0,2.971233
20344.01,3.009905
20346.0,3.032464
20348.01,3.054218
20350.01,3.073554
20352.0,3.09289
20354.0,3.10986
20356.0,3.123556
20358.0,3.138058
20360.0,3.153366
20362.01,3.163034
20364.0,3.173508
20366.0,3.185593
20368.01,3.188815
20370.0,3.20493
20372.0,3.2121808
20374.0,3.220237
20376.0,3.227488
20378.0,3.232322
20380.01,3.237962
20382.0,3.244408
20384.0,3.250854
20386.01,3.254076
20388.0,3.262133
20390.0,3.261327
20392.0,3.263744
20394.0,3.278246
20396.0,3.2718
20398.0,3.275024
20400.0,3.275829
20402.0,3.279052
20404.01,3.279052
20406.0,3.284691
20408.0,3.284691
20410.0,3.285497
20412.01,3.03891
20414.0,2.789906
20416.0,2.561043
20418.01,2.350711
20420.0,2.159716
20422.01,1.979194
20424.0,1.809952
20426.0,1.6745976
20428.0,1.5383884
20429.992,1.4158756
20432.0,1.299858
20434.0,1.194264
20436.01,1.1008056
20438.0,1.009714
20440.01,0.9275346
20442.01,0.855024
20444.0,0.784074
20446.0,0.7212314
20448.0,0.6656396
20450.0,0.614026
20452.0,0.568908
20454.01,0.518956
20456.0,0.4722268
20458.01,0.44
20460.01,0.4044998
20462.0,0.3706614
20464.0,0.3408514
20466.0,0.3174868
20468.0,0.2965392
20470.0,0.2683405
20472.01,0.247393
20474.0,0.2272511
20476.0,0.2127489
20478.01,0.19416792
20480.0,0.17966576
20482.0,0.164358
20484.0,0.15307848
20486.0,0.139382
20488.0,0.1313252
20490.0,0.12004576
20492.0,0.10715492
20494.0,0.1047379
20496.01,0.0950698
20498.0,0.09587548
20500.0,0.08056764
20502.0,0.07815058
20504.01,0.07170516
20506.0,0.0644541
20508.0,0.0644541
20510.0,0.05800869
20512.0,0.05156327
20514.01,0.04914626
20516.0,0.04592355
20518.0,0.04270084
20520.0,0.04028382
20521.992,0.03786679
20524.0,0.03544975
20526.0,0.03464409
20528.01,0.03464409
20530.0,0.029004348
20532.01,0.02819868
20534.01,0.1579125
20536.0,0.4166352
20538.0,0.651943
20539.992,0.8719428
20542.0,1.084692
20544.0,1.246683
20546.01,1.417487
20548.0,1.573838
20550.01,1.719716
20552.01,1.8397616
20554.0,1.9606636
20556.0,2.071897
20558.0,2.177441
20560.0,2.262843
20562.0,2.347489
20564.01,2.424029
20566.0,2.497394
20568.0,2.559431
20570.01,2.622274
20572.0,2.676255
20574.0,2.725451
20576.0,2.772986
20578.0,2.817298
20580.0,2.855166
20582.01,2.893082
20584.0,2.92692
20586.0,2.952703
20588.01,2.982512
20590.0,3.0091
20592.0,3.030853
20594.0,3.056635
20596.01,3.081611
20598.0,3.094551
20600.0,3.105026
20602.0,3.12275
20604.0,3.140476
20606.01,3.153366
20608.0,3.165451
20610.0,3.1767308
20612.0,3.197679
20613.992,3.196873
20616.0,3.205736
20618.0,3.213792
20620.01,3.221043
20622.0,3.226683
20624.01,3.23635
20626.0,3.239573
20628.0,3.237156
20630.0,3.248436
20631.992,3.254882
20634.0,3.258911
20636.0,3.262939
20638.01,3.266161
20640.0,3.269384
20642.01,3.2709952
20644.01,3.272606
20646.0,3.275829
20648.0,3.279052
20650.0,3.282275
20652.0,3.283885
20654.0,3.28308
20656.01,3.276635
20658.0,3.016351
20660.01,2.759289
20662.01,2.534456
20664.0,2.326541
20666.0,2.137157
20668.0,1.9630808
20670.0,1.8059236
20672.0,1.657679
20674.01,1.527109
20676.0,1.398956
20678.0,1.286967
20680.01,1.200709
20682.0,1.084692
20684.0,0.9984342
20686.0,0.9186724
20688.0,0.8453554
20690.0,0.7760172
20692.0,0.7139804
20694.0,0.6559716
20696.0,0.6075808
20698.01,0.556823
20700.0,0.514122
20702.0,0.4706156
20704.0,0.44
20706.01,0.4004715
20708.0,0.3674387
20710.0,0.33924
20712.01,0.3102357
20714.0,0.2852596
20716.01,0.2651178
20718.0,0.24497592
20720.0,0.2304737
20722.0,0.2079148
20723.992,0.19416792
20726.0,0.17966576
20728.0,0.164358
20730.01,0.15388416
20732.0,0.1458274
20734.01,0.1289082
20736.01,0.1377706
20738.0,0.10957196
20740.0,0.09990386
20742.0,0.0982925
20744.0,0.082179
20746.0,0.08056764
20748.01,0.07573358
20750.0,0.06767682
20752.01,0.06525976
20754.01,0.05962004
20756.0,0.05800869
20758.0,0.0507576
20760.0,0.04995193
20762.0,0.04914626
20764.0,0.04189516
20766.01,0.03786679
20768.0,0.03706112
20770.0,0.03544975
20772.01,0.03222704
20774.0,0.03142138
20776.0,0.02739299
20778.0,0.02417028
20780.0,0.1877226
20782.0,0.4496682
20784.01,0.6849756
20786.0,0.900142
20788.0,1.0983884
20790.01,1.2756876
20792.0,1.441657
20794.0,1.589146
20796.0,1.730995
20798.01,1.8623708
20800.0,1.9783884
20802.0,2.089622
20804.0,2.189526
20806.0,2.277395
20808.01,2.359574
20810.0,2.436114
20812.0,2.507062
20814.0,2.568294
20815.992,2.633555
20818.0,2.684362
20820.0,2.735119
20822.01,2.783461
20824.0,2.824549
20826.01,2.859194
20828.0,2.896305
20830.0,2.929337
20832.0,2.959954
20833.992,2.988153
20836.0,3.013129
20838.0,3.036494
20840.01,3.058246
20842.0,3.077583
20844.01,3.096163
20846.01,3.111471
20848.0,3.129196
20850.0,3.144504
20852.0,3.154172
20854.0,3.166257
20856.0,3.178342
20858.01,3.173508
20860.0,3.197679
20862.0,3.208152
20864.01,3.215403
20866.0,3.224265
20868.0,3.238768
20870.0,3.239573
20872.0,3.249242
20874.0,3.24602
20876.01,3.250854
20878.0,3.256493
20880.0,3.258911
20882.01,3.262939
20884.0,3.265355
20886.0,3.27019
20888.0,3.2718
20890.0,3.275024
20892.0,3.278246
20894.0,3.279052
20896.0,3.283885
20898.0,3.285497
20900.01,3.287914
20902.0,3.246826
20904.0,2.978484
20906.0,2.735119
20908.01,2.511091
20910.0,2.304787
20912.0,2.117821
20914.01,1.9469664
20916.0,1.78417
20918.01,1.638292
20920.0,1.501327
20922.0,1.3844536
20924.0,1.270853
20925.992,1.1676768
20928.0,1.0726068
20930.0,0.989572
20932.01,0.9106158
20934.0,0.836493
20936.01,0.771183
20938.01,0.7083406
20940.0,0.649526
20942.0,0.5995238
20944.0,0.551989
20946.0,0.5100938
20948.0,0.4673928
20950.01,0.4295261
20952.0,0.3932204
20954.01,0.3642159
20956.01,0.3384343
20958.0,0.30943
20960.0,0.2852596
20962.0,0.2610894
20964.0,0.2417532
20966.0,0.22080568
20968.01,0.2079148
20970.0,0.1861112
20972.0,0.17644308
20974.01,0.16999768
20976.0,0.164358
20978.0,0.139382
20980.0,0.1264912
20982.0,0.1152117
20984.0,0.10957196
20986.0,0.1023209
20988.0,0.09345846
20990.0,0.0886244
20992.01,0.08620734
20994.0,0.07492788
20996.0,0.06928818
20998.0,0.07009382
21000.01,0.0604257
21002.0,0.05559165
21004.0,0.04995193
21006.0,0.04672923
21008.0,0.04672923
21010.01,0.04995193
21012.0,0.04189516
21014.0,0.03786679
21016.0,0.03303272
21017.992,0.03303272
21020.0,0.0306157
21022.0,0.02981002
21024.01,0.02739299
21026.0,0.22241696
21028.01,0.4778667
21030.01,0.7059234
21032.0,0.9202836
21034.0,1.112891
21036.0,1.2934124
21038.0,1.458626
21040.0,1.6076768
21042.01,1.746303
21044.0,1.868816
21046.01,1.9904736
21048.01,2.095261
21050.0,2.193554
21052.0,2.286257
21054.0,2.366825
21056.0,2.442559
21058.0,2.514313
21060.01,2.572323
21062.0,2.633555
21064.0,2.68839
21066.01,2.739148
21068.0,2.787489
21070.0,2.812464
21072.0,2.866445
21074.0,2.90275
21076.0,2.933366
21078.01,2.967204
21080.0,2.976067
21082.0,3.017157
21084.01,3.041328
21086.0,3.061469
21088.0,3.081611
21090.0,3.09858
21092.01,3.108248
21094.0,3.12839
21096.0,3.144504
21098.0,3.158201
21100.0,3.172702
21102.01,3.179953
21104.0,3.192845
21106.0,3.188815
21108.0,3.208958
21110.01,3.216209
21112.0,3.2291
21114.0,3.2299052
21116.01,3.23635
21118.0,3.243602
21120.01,3.24602
21122.0,3.250854
21124.0,3.250048
21126.0,3.258105
21127.992,3.262939
21130.0,3.265355
21132.0,3.258911
21134.01,3.272606
21136.0,3.275024
21138.01,3.279052
21140.01,3.282275
21142.0,3.278246
21144.0,3.284691
21146.0,3.286303
21148.0,3.212986
21150.0,2.946257
21152.01,2.699669
21154.0,2.476447
21156.01,2.281423
21158.01,2.101707
21160.0,1.9236024
21162.0,1.769668
21164.0,1.624596
21166.0,1.492465
21168.0,1.371563
21170.01,1.2627968
21172.0,1.1580088
21174.0,1.0661612
21176.01,0.9815152
21178.0,0.9017532
21180.0,0.8405214
21182.0,0.7607096
21184.0,0.7027006
21186.0,0.644692
21188.0,0.5946896
21190.0,0.5455436
21192.0,0.5036484
21194.01,0.4609474
21196.0,0.4263034
21198.0,0.3956373
21200.0,0.3609933
21202.01,0.3311832
21204.0,0.307013
21206.0,0.2820371
21208.01,0.259478
21210.0,0.2409475
21212.01,0.2216113
21214.0,0.2046418
21216.0,0.1885282
21218.0,0.1748318
21219.992,0.15952384
21222.0,0.14824448
21224.0,0.13615924
21226.01,0.12165708
21228.0,0.11682304
21230.01,0.11682304
21232.01,0.09990386
21234.0,0.0918471
21236.0,0.1047379
21238.0,0.07653924
21240.0,0.07492788
21242.0,0.06687112
21244.01,0.06525976
21246.0,0.0604257
21248.01,0.04834056
21250.01,0.05236894
21252.0,0.03867246
21254.0,0.0475349
21256.0,0.0443122
21258.0,0.0410895
21260.0,0.03625542
21262.01,0.03303272
21264.0,0.03142138
21266.0,0.02981002
21268.01,0.02739299
21270.0,0.02739299
21272.0,0.2530327
21274.0,0.5012316
21276.0,0.7365392
21278.0,0.9452594
21280.01,1.1402832
21282.0,1.3167776
21284.0,1.4779628
21286.01,1.6254016
21288.0,1.7648336
21290.0,1.8873464
21292.0,2.002558
21294.01,2.102512
21296.0,2.20725
21298.0,2.293508
21300.0,2.374882
21302.0,2.451421
21304.01,2.519953
21306.0,2.582796
21308.0,2.64
21310.0,2.695641
21311.992,2.739953
21314.0,2.788294
21316.0,2.823744
21318.01,2.871279
21320.0,2.904362
21322.01,2.935784
21324.01,2.96801
21326.0,2.983318
21328.0,3.020379
21329.992,3.042133
21332.0,3.062274
21334.0,3.083222
21336.01,3.096969
21338.0,3.117111
21340.01,3.131612
21342.01,3.142087
21344.0,3.157395
21346.0,3.170286
21348.0,3.180759
21350.0,3.190427
21352.0,3.197679
21354.01,3.208958
21356.0,3.22346
21358.01,3.222655
21360.01,3.230711
21362.0,3.23474
21364.0,3.237962
21366.0,3.24602
21368.0,3.251659
21370.0,3.254882
21372.01,3.262133
21374.0,3.26455
21376.0,3.26455
21378.01,3.265355
21380.0,3.268578
21382.0,3.275024
21384.0,3.278246
21386.01,3.281469
21388.0,3.281469
21390.0,3.279857
21392.0,3.280663
21394.0,3.175925
21396.01,2.912419
21398.0,2.673838
21400.0,2.454644
21402.0,2.237061
21404.01,2.071091
21406.0,1.8994316
21408.0,1.7438856
21410.01,1.6028424
21412.0,1.461849
21414.01,1.3570608
21416.0,1.2474888
21418.0,1.151563
21420.0,1.05327
21421.992,0.968624
21424.0,0.892085
21426.0,0.818718
21428.01,0.7534584
21430.0,0.6930324
21432.01,0.6390522
21434.01,0.5866328
21436.0,0.5407096
21438.0,0.4988143
21440.0,0.4593362
21442.0,0.4214692
21444.0,0.3891919
21446.01,0.3577706
21448.0,0.3303776
21450.01,0.3029846
21452.01,0.2780088
21454.0,0.2578668
21456.0,0.23772484
21458.0,0.21758284
21460.0,0.201419
21462.0,0.1836942
21464.01,0.171609
21466.0,0.1611353
21468.0,0.14824448
21470.01,0.13535364
21472.0,0.12326848
21474.0,0.11682304
21476.0,0.1111833
21478.0,0.1015152
21480.0,0.0918471
21482.01,0.08540166
21484.0,0.07976194
21486.0,0.08620734
21488.01,0.06848246
21490.0,0.0612314
21492.0,0.05962004
21494.0,0.05236894
21496.01,0.0612314
21498.0,0.0443122
21500.0,0.0475349
21502.0,0.03947813
21504.0,0.03947813
21506.01,0.03544975
21508.0,0.03383841
21510.0,0.03222704
21512.0,0.0306157
21513.992,0.02739299
21516.0,0.02819868
21518.0,0.2828427
21520.01,0.5334584
21522.0,0.7615152
21524.01,0.9702354
21526.01,1.161231
21528.0,1.3377244
21530.0,1.4964936
21532.0,1.641515
21534.0,1.780947
21536.0,1.904266
21538.01,2.01545
21540.0,2.122654
21542.01,2.218531
21544.01,2.312844
21546.0,2.388578
21548.0,2.459478
21550.0,2.528817
21552.0,2.591659
21554.0,2.652891
21556.01,2.702087
21558.0,2.750428
21560.0,2.7891
21562.01,2.83019
21564.0,2.879336
21566.0,2.910001
21568.0,2.940618
21570.0,2.972039
21572.0,2.995404
21574.01,3.02199
21576.0,3.043744
21578.0,3.064692
21580.01,3.083222
21582.0,3.102608
21584.0,3.118721
21586.0,3.13403
21588.01,3.147726
21590.0,3.159811
21592.0,3.1710908
21594.0,3.179953
21596.0,3.192039
21598.01,3.201707
21600.0,3.209764
21602.0,3.217015
21604.0,3.222655
21606.01,3.226683
21608.0,3.237156
21610.0,3.242797
21612.01,3.245214
21614.0,3.249242
21616.01,3.257299
21618.0,3.261327
21620.0,3.262133
21622.0,3.266967
21623.992,3.2709952
21626.0,3.275829
21628.0,3.276635
21630.01,3.279052
21632.0,3.28308
21634.01,3.281469
21636.01,3.283885
21638.0,3.287109
21640.0,3.143698
21642.0,2.88417
21644.0,2.648056
21646.0,2.43128
21648.01,2.233033
21650.0,2.050899
21652.01,1.880095
21654.01,1.722133
21656.0,1.5867288
21658.0,1.4562092
21660.0,1.3425584
21662.0,1.233742
21664.0,1.1644536
21666.01,1.0460192
21668.0,0.9581504
21670.0,0.8840284
21672.01,0.811467
21674.0,0.7365392
21676.0,0.6865872
21678.0,0.63019
21680.0,0.579382
21682.0,0.5350696
21684.0,0.4931746
21686.0,0.4520852
21688.0,0.4174409
21690.01,0.3835522
21692.0,0.3513252
21694.0,0.3255436
21696.0,0.3005676
21698.01,0.2755915
21700.0,0.2546441
21702.0,0.2361134
21704.01,0.2167772
21706.0,0.19739064
21708.01,0.1853055
21710.0,0.171609
21712.0,0.1611353
21714.0,0.144216
21715.992,0.13374224
21718.0,0.1248798
21720.0,0.11682304
21722.01,0.1079606
21724.0,0.1007095
21726.01,0.08701304
21728.01,0.084596
21730.0,0.07815058
21732.0,0.07251084
21734.0,0.06606544
21736.0,0.06848246
21738.0,0.05559165
21740.01,0.05236894
21742.0,0.05156327
21744.01,0.04672923
21746.01,0.04672923
21748.0,0.04270084
21750.0,0.04189516
21752.0,0.03544975
21754.0,0.03303272
21756.0,0.03706112
21758.01,0.02981002
21760.0,0.02739299
21762.0,0.03383841
21764.01,0.314264
21766.0,0.5697136
21768.0,0.788908
21770.0,0.9919888
21772.0,1.180567
21774.0,1.3562548
21776.01,1.5150232
21778.0,1.65929
21780.0,1.7946436
21782.01,1.917157
21784.0,2.030757
21786.0,2.133129
21788.0,2.227393
21790.01,2.316067
21792.0,2.39583
21794.0,2.470757
21796.0,2.534456
21798.0,2.598104
21800.01,2.652085
21802.0,2.705309
21804.0,2.754456
21806.0,2.801185
21807.992,2.829383
21810.0,2.877724
21812.0,2.914835
21814.01,2.944646
21816.0,2.974455
21818.01,3.001044
21820.01,3.025214
21822.0,3.047773
21824.0,3.06872
21825.992,3.086444
21828.0,3.10422
21830.0,3.116305
21832.01,3.134835
21834.0,3.149338
21836.01,3.163034
21838.01,3.175925
21840.0,3.186399
21842.0,3.187204
21844.0,3.20493
21846.0,3.211375
21848.0,3.217015
21850.01,3.22346
21852.0,3.230711
21854.01,3.240379
21856.01,3.248436
21858.0,3.248436
21860.0,3.250048
21862.0,3.256493
21864.0,3.261327
21866.0,3.263744
21868.01,3.269384
21870.0,3.273412
21872.0,3.275024
21874.01,3.278246
21876.0,3.280663
21878.0,3.282275
21880.0,3.28308
21882.01,3.28872
21884.0,3.286303
21886.0,3.111471
21888.0,2.85436
21890.0,2.619857
21892.01,2.415165
21894.0,2.218531
21896.0,2.030757
21898.0,1.8647876
21900.01,1.7148816
21902.0,1.5730324
21904.0,1.4327944
21906.01,1.3272508
21908.0,1.2111832
21910.01,1.124976
21912.0,1.0331284
21914.0,0.9492878
21916.0,0.8735546
21917.992,0.8050216
21920.0,0.7421788
21922.0,0.6769188
21924.01,0.6253556
21926.0,0.5753534
21928.01,0.5302356
21930.01,0.4923689
21932.0,0.4472509
21934.0,0.4134126
21936.0,0.3803295
21938.0,0.3513252
21940.0,0.3207094
21942.01,0.2973448
21944.0,0.277203
21946.01,0.2538384
21948.01,0.2345021
21950.0,0.2143602
21952.0,0.201419
21954.0,0.1844998
21956.0,0.169192
21958.0,0.15630116
21960.01,0.144216
21962.0,0.1321309
21964.0,0.1192401
21966.01,0.12004576
21968.0,0.1039322
21970.0,0.09909816
21972.0,0.09023572
21974.0,0.084596
21976.0,0.07331654
21978.01,0.07331654
21980.0,0.06687112
21982.0,0.06284276
21984.01,0.05881435
21986.0,0.05720302
21988.0,0.04914626
21990.0,0.04592355
21992.01,0.04592355
21994.0,0.0410895
21996.0,0.03867246
21998.01,0.03786679
22000.0,0.03383841
22002.01,0.03303272
22004.0,0.029004348
22006.0,0.02417028
22008.0,0.08056764
22009.992,0.3481025
22012.0,0.6051636
22014.0,0.8130786
22016.01,1.0089084
22018.0,1.205543
22020.01,1.378814
22022.01,1.532749
22024.0,1.6778204
22026.0,1.8083408
22028.0,1.934076
22030.0,2.043648
22032.0,2.146824
22034.01,2.241089
22036.0,2.328958
22038.01,2.404691
22040.01,2.478058
22042.0,2.54493
22044.0,2.610189
22046.0,2.66417
22048.0,2.7157824
22050.0,2.763317
22052.01,2.807631
22054.0,2.8454976
22056.0,2.882558
22058.01,2.918058
22060.0,2.949479
22062.0,2.974455
22064.0,3.004266
22066.0,3.02763
22068.0,3.049384
22070.01,3.069526
22072.0,3.088862
22074.0,3.107442
22076.01,3.125167
22078.0,3.137252
22080.0,3.146116
22082.0,3.161423
22084.01,3.175119
22086.0,3.185593
22088.0,3.198485
22090.0,3.20493
22092.0,3.215403
22094.01,3.216209
22096.0,3.226683
22098.0,3.233128
22100.0,3.239573
22102.01,3.245214
22104.0,3.249242
22106.0,3.254882
22108.01,3.255687
22110.0,3.262133
22112.01,3.265355
22114.0,3.268578
22116.0,3.2709952
22118.0,3.28872
22119.992,3.275829
22122.0,3.276635
22124.0,3.279052
22126.01,3.283885
22128.0,3.285497
22130.01,3.286303
22132.01,3.078388
22134.0,2.826967
22136.0,2.594881
22138.0,2.380521
22140.0,2.187108
22142.0,2.001752
22144.01,1.8470128
22146.0,1.696351
22148.01,1.556919
22150.01,1.431989
22152.0,1.319194
22154.0,1.2136004
22156.0,1.1072512
22158.0,1.0064916
22160.0,0.9404252
22162.01,0.866303
22164.0,0.7953532
22166.0,0.7317048
22168.01,0.6736964
22170.0,0.6189104
22172.0,0.5705194
22174.0,0.5229844
22176.0,0.4827008
22178.0,0.4408056
22180.01,0.4101395
22182.0,0.3763011
22184.0,0.3456854
22186.01,0.3182924
22188.0,0.2941222
22190.0,0.2715632
22192.0,0.24900424
22194.01,0.2304737
22196.0,0.21194324
22198.0,0.1949736
22200.01,0.17644308
22202.0,0.16677496
22204.01,0.15388416
22206.0,0.1426047
22208.0,0.1321309
22210.0,0.12407414
22211.992,0.1152117
22214.0,0.1023209
22216.0,0.09990386
22218.01,0.09023572
22220.0,0.08540166
22222.01,0.0773449
22224.01,0.05478598
22226.0,0.05881435
22228.0,0.05639736
22230.0,0.04672923
22232.0,0.0539803
22234.0,0.05236894
22236.01,0.04592355
22238.0,0.04189516
22240.01,0.03947813
22242.01,0.03625542
22244.0,0.03544975
22246.0,0.03464409
22248.0,0.03142138
22250.0,0.02739299
22252.0,0.02981002
22254.01,0.11601738
22256.0,0.3754955
22258.0,0.619716
22260.01,0.8389102
22262.0,1.042797
22264.0,1.226491
22266.0,1.396539
22268.0,1.5512792
22270.0,1.694739
22272.01,1.8212316
22274.0,1.945355
22276.0,2.052511
22278.01,2.158104
22280.0,2.253174
22282.0,2.336209
22284.0,2.404691
22286.01,2.482892
22288.0,2.552181
22290.0,2.610995
22292.0,2.667392
22294.0,2.723033
22296.01,2.770569
22298.0,2.812464
22300.0,2.850332
22302.0,2.888249
22304.01,2.920475
22306.0,2.948675
22308.0,2.981706
22310.01,3.006683
22312.0,3.03327
22314.01,3.053413
22316.01,3.073554
22318.0,3.085639
22320.0,3.109054
22322.0,3.12275
22324.0,3.13967
22326.0,3.151755
22328.01,3.165451
22330.0,3.175119
22332.01,3.188815
22334.01,3.196067
22336.0,3.20493
22338.0,3.214598
22340.0,3.221043
22342.0,3.230711
22344.0,3.233128
22346.01,3.238768
22348.0,3.243602
22350.01,3.249242
22352.01,3.262939
22354.0,3.258105
22356.0,3.263744
22358.0,3.265355
22360.0,3.267772
22362.0,3.269384
22364.01,3.273412
22366.0,3.276635
22368.0,3.279052
22370.01,3.28308
22372.0,3.283885
22374.0,3.285497
22376.0,3.285497
22378.01,3.04455
22380.0,2.793128
22382.0,2.565876
22384.0,2.353934
22386.0,2.163744
22388.01,1.986445
22390.0,1.8260652
22392.0,1.6770144
22394.0,1.5399996
22396.01,1.4158756
22398.0,1.301469
22400.0,1.1950696
22402.01,1.099194
22404.0,1.0016568
22406.01,0.9299518
22408.0,0.854218
22410.0,0.7856854
22412.0,0.7236482
22413.992,0.6648338
22416.0,0.611609
22418.0,0.5632682
22420.01,0.5157336
22422.0,0.4754497
22424.01,0.4367773
22426.01,0.4028885
22428.0,0.3722726
22430.0,0.344074
22432.0,0.319098
22434.0,0.2917052
22436.0,0.2675348
22438.01,0.247393
22440.0,0.2304737
22442.01,0.2135545
22444.01,0.19739064
22446.0,0.17644308
22448.0,0.16677496
22450.0,0.15227284
22452.0,0.141799
22454.0,0.13293656
22456.01,0.11682304
22458.0,0.1111833
22460.0,0.1039322
22462.01,0.0950698
22464.0,0.0878187
22466.0,0.0837903
22468.0,0.0813733
22470.0,0.07412224
22472.0,0.06525976
22474.01,0.0636484
22476.0,0.06606544
22478.0,0.05236894
22480.01,0.05156327
22482.0,0.04672923
22484.0,0.04270084
22486.0,0.0410895
22488.01,0.03947813
22490.0,0.03544975
22492.0,0.03464409
22494.01,0.0306157
22496.0,0.02819868
22498.01,0.02658732
22500.0,0.14985576
22502.0,0.4190522
22504.0,0.6503318
22505.992,0.866303
22508.0,1.066967
22510.0,1.249906
22512.01,1.4158756
22514.0,1.5665868
22516.01,1.711659
22518.01,1.8445956
22520.0,1.9614692
22522.0,2.071897
22524.0,2.170995
22526.0,2.258008
22528.0,2.345877
22530.01,2.422417
22532.0,2.495783
22534.01,2.557015
22536.01,2.621469
22538.0,2.6770608
22540.0,2.723839
22542.0,2.769763
22544.0,2.819716
22546.0,2.85436
22548.01,2.892277
22550.0,2.922892
22552.01,2.9551192
22554.01,2.981706
22556.0,3.010711
22558.0,3.032464
22560.0,3.053413
22562.0,3.076777
22564.0,3.094551
22566.01,3.112276
22568.0,3.123556
22570.0,3.137252
22572.01,3.153366
22574.0,3.167062
22576.0,3.1710908
22578.0,3.18801
22580.01,3.196873
22582.0,3.20493
22584.0,3.213792
22586.0,3.220237
22588.0,3.2299052
22590.01,3.23474
22592.0,3.240379
22594.0,3.244408
22596.0,3.249242
22598.01,3.2532708
22600.0,3.2532708
22602.0,3.26455
22604.01,3.27019
22606.0,3.27019
22608.01,3.273412
22610.01,3.273412
22612.0,3.275829
22614.0,3.279052
22615.992,3.279857
22618.0,3.290331
22620.0,3.285497
22622.01,3.3
22624.0,3.016351
22626.01,2.768152
22628.01,2.540902
22630.0,2.33218
22632.0,2.142796
22634.0,1.9759716
22636.0,1.807535
22638.0,1.6641236
22640.01,1.519858
22642.0,1.4029844
22644.01,1.29019
22646.01,1.184596
22648.0,1.0879148
22650.0,1.0008512
22652.0,0.9154496
22654.0,0.847773
22656.0,0.7744058
22658.01,0.717203
22660.0,0.6583886
22662.0,0.6059692
22664.01,0.5584344
22666.0,0.514122
22668.0,0.4859233
22670.0,0.4335544
22672.01,0.4012771
22674.0,0.3706614
22676.01,0.33924
22678.0,0.3126526
22680.0,0.2949278
22682.01,0.2651178
22684.0,0.24497592
22686.0,0.2240283
22688.0,0.20872048
22690.01,0.1925566
22692.0,0.1772488
22694.0,0.16516368
22696.01,0.15227284
22698.0,0.14018764
22700.01,0.1313252
22702.0,0.12004576
22704.0,0.1111833
22706.0,0.1039322
22707.992,0.0950698
22710.0,0.0878187
22712.0,0.07976194
22714.01,0.0773449
22716.0,0.06928818
22718.01,0.06525976
22720.01,0.05800869
22722.0,0.05720302
22724.0,0.06284276
22726.0,0.04995193
22728.0,0.04834056
22730.0,0.04189516
22732.01,0.04270084
22734.0,0.03544975
22736.01,0.03544975
22738.01,0.0306157
22740.0,0.0306157
22742.0,0.02819868
22744.0,0.02658732
22746.0,0.18047144
22748.0,0.4408056
22750.01,0.6736964
22752.0,0.892085
22754.0,1.0887204
22756.01,1.270853
22758.0,1.436017
22760.0,1.589951
22762.0,1.730995
22764.0,1.855875
22766.0,1.9751656
22768.01,2.083176
22770.0,2.181469
22772.0,2.2725608
22774.01,2.35635
22776.0,2.432085
22778.0,2.504646
22780.0,2.568294
22782.01,2.627915
22784.0,2.681945
22786.0,2.731091
22788.0,2.776208
22790.0,2.822132
22792.01,2.86
22794.0,2.899528
22796.0,2.931754
22798.0,2.959148
22800.01,2.994598
22802.0,3.013129
22804.0,3.0372992
22806.01,3.043744
22808.0,3.078388
22810.01,3.095357
22812.01,3.112276
22814.0,3.127584
22816.0,3.142087
22818.0,3.154172
22820.0,3.167868
22822.0,3.177536
22824.01,3.189621
22826.0,3.183981
22828.01,3.202513
22830.01,3.213792
22832.0,3.221849
22834.0,3.2291
22836.0,3.23635
22838.0,3.242797
22840.0,3.245214
22842.01,3.249242
22844.0,3.254076
22846.01,3.260521
22848.01,3.26455
22850.0,3.269384
22852.0,3.2709952
22854.0,3.272606
22856.0,3.275829
22858.0,3.278246
22860.01,3.281469
22862.0,3.282275
22864.0,3.283885
22866.01,3.287109
22868.0,3.254076
22870.0,2.984124
22872.0,2.738343
22874.01,2.512702
22876.0,2.309621
22878.0,2.122654
22880.0,1.9485776
22882.0,1.7873924
22884.01,1.641515
22886.0,1.511801
22888.0,1.390094
22890.0,1.2748816
22892.01,1.1700936
22894.0,1.0774404
22896.0,0.9919888
22898.01,0.9106158
22900.0,0.8389102
22902.01,0.771183
22904.0,0.724454
22906.0,0.6551658
22908.0,0.601135
22909.992,0.5536004
22912.0,0.5100938
22914.0,0.4706156
22916.01,0.4319431
22918.0,0.396443
22920.01,0.3650216
22922.01,0.3368229
22924.0,0.3086243
22926.0,0.2884824
22928.0,0.2635064
22930.0,0.2417532
22932.0,0.2248341
22934.01,0.2071091
22936.0,0.1909453
22938.01,0.1756374
22940.01,0.1627466
22942.0,0.15146716
22944.0,0.139382
22946.0,0.1272968
22948.0,0.12004576
22950.0,0.10876628
22952.01,0.10634928
22954.0,0.0942641
22956.0,0.09023572
22958.01,0.0813733
22960.0,0.07412224
22962.0,0.06928818
22964.0,0.06284276
22966.0,0.0612314
22968.0,0.05639736
22970.01,0.05156327
22972.0,0.04995193
22974.0,0.04592355
22976.01,0.04592355
22978.0,0.04028382
22980.0,0.03867246
22982.0,0.03867246
22984.01,0.03303272
22986.0,0.029004348
22988.0,0.029004348
22990.01,0.02417028
22992.0,0.22080568
22994.01,0.4690042
22996.0,0.7002836
22998.0,0.9154496
23000.0,1.109668
23001.992,1.2909952
23004.0,1.4570148
23006.0,1.6052596
23008.01,1.7390516
23010.0,1.867205
23012.01,1.984028
23014.01,2.092844
23016.0,2.192748
23018.0,2.285451
23020.0,2.364407
23022.0,2.440142
23024.0,2.510285
23026.01,2.572323
23028.0,2.631943
23030.01,2.689196
23032.01,2.738343
23034.0,2.783461
23036.0,2.826161
23038.0,2.864028
23040.0,2.897916
23042.0,2.929337
23044.01,2.956731
23046.0,2.991375
23048.01,3.017962
23050.01,3.03891
23052.0,3.06308
23054.0,3.080805
23056.0,3.099386
23058.0,3.113888
23060.0,3.130001
23062.01,3.140476
23064.0,3.1590052
23066.0,3.180759
23068.01,3.179147
23070.0,3.190427
23072.0,3.198485
23074.0,3.206541
23076.01,3.225877
23078.0,3.221043
23080.0,3.2299052
23082.0,3.235545
23084.0,3.239573
23086.01,3.245214
23088.0,3.250854
23090.0,3.254076
23092.0,3.251659
23094.01,3.261327
23096.0,3.266161
23098.0,3.269384
23100.01,3.272606
23102.0,3.2718
23104.01,3.274218
23106.01,3.279857
23108.0,3.284691
23110.0,3.287914
23112.0,3.279857
23114.0,3.221043
23116.0,2.951091
23118.01,2.697253
23120.0,2.489337
23122.01,2.277395
23124.01,2.101707
23126.0,1.9268248
23128.0,1.7728904
23130.0,1.624596
23132.0,1.491659
23134.0,1.378008
23136.01,1.2652136
23138.0,1.158814
23140.01,1.066967
23142.01,0.9847378
23144.0,0.9033648
23146.0,0.829242
23148.0,0.763932
23150.0,0.7010894
23152.0,0.6463036
23154.01,0.5769646
23156.0,0.5495718
23158.0,0.4955916
23160.01,0.4633645
23162.0,0.427109
23164.0,0.3948317
23166.0,0.3609933
23168.01,0.3336003
23170.0,0.302179
23172.01,0.2828427
23174.0,0.2610894
23176.0,0.2409475
23178.01,0.22241696
23180.0,0.2038361
23182.0,0.1893339
23184.0,0.1780545
23186.01,0.1619409
23188.0,0.14985576
23190.0,0.1409933
23192.01,0.12568552
23194.0,0.1192401
23196.01,0.10957196
23198.0,0.1015152
23200.0,0.0942641
23202.0,0.08620734
23203.992,0.07895626
23206.0,0.07492788
23208.0,0.06928818
23210.01,0.0636484
23212.0,0.05236894
23214.01,0.05559165
23216.01,0.04834056
23218.0,0.04834056
23220.0,0.04350652
23222.0,0.04270084
23224.0,0.03706112
23226.0,0.03544975
23228.01,0.03383841
23230.0,0.04350652
23232.01,0.03303272
23234.01,0.02819868
23236.0,0.023364616
23238.0,0.24255884
23240.0,0.4980085
23242.0,0.7284824
23244.0,0.9404252
23246.01,1.1499516
23248.0,1.312749
23250.01,1.46346
23252.01,1.6213732
23254.0,1.759194
23256.0,1.8873464
23258.0,2.000947
23260.0,2.110569
23262.0,2.201611
23264.01,2.294314
23266.0,2.372465
23268.0,2.446587
23270.01,2.518341
23272.0,2.583602
23274.0,2.642416
23276.0,2.694835
23278.01,2.743982
23280.0,2.788294
23282.0,2.832607
23284.01,2.869667
23286.0,2.905167
23288.01,2.950285
23290.0,2.966399
23292.0,2.993792
23294.0,3.021185
23296.01,3.042939
23298.0,3.063886
23300.0,3.081611
23302.01,3.099386
23304.0,3.117916
23306.01,3.130001
23308.01,3.146116
23310.0,3.160617
23312.0,3.16948
23314.0,3.179953
23316.0,3.194456
23318.0,3.196067
23320.01,3.208152
23322.0,3.215403
23324.01,3.225071
23326.01,3.219431
23328.0,3.233128
23330.0,3.245214
23332.0,3.244408
23334.0,3.252465
23336.0,3.255687
23338.01,3.262133
23340.0,3.263744
23342.01,3.276635
23344.01,3.269384
23346.0,3.273412
23348.0,3.275024
23350.0,3.278246
23352.0,3.279052
23354.0,3.28308
23356.01,3.281469
23358.0,3.283885
23360.0,3.180759
23362.01,2.9196692
23364.0,2.681945
23366.0,2.459478
23368.0,2.259619
23370.01,2.075925
23372.0,1.907489
23374.01,1.7583888
23376.0,1.606065
23378.0,1.478768
23380.01,1.361089
23382.0,1.249906
23384.0,1.122559
23386.0,1.0556876
23388.01,0.971041
23390.0,0.8936962
23392.0,0.8203296
23394.01,0.7454014
23396.0,0.6938382
23398.01,0.6390522
23400.0,0.58905
23402.0,0.5439324
23404.0,0.5100938
23405.992,0.4657815
23408.0,0.4238865
23410.0,0.3899975
23412.01,0.3577706
23414.0,0.329572
23416.01,0.3037904
23418.01,0.2747859
23420.0,0.2546441
23422.0,0.23853052
23424.0,0.2191943
23426.0,0.2030304
23428.0,0.1877226
23430.01,0.1748318
23432.0,0.15952384
23434.01,0.14824448
23436.01,0.13535364
23438.0,0.1264912
23440.0,0.11843436
23442.0,0.10715492
23444.0,0.09909816
23446.0,0.0886244
23448.01,0.08540166
23450.0,0.07976194
23452.0,0.06928818
23454.01,0.06848246
23456.0,0.0644541
23458.0,0.05881435
23460.0,0.05559165
23462.0,0.05236894
23464.0,0.04834056
23466.01,0.04592355
23468.0,0.04511786
23470.0,0.03706112
23472.01,0.03786679
23474.0,0.03303272
23476.0,0.03383841
23478.0,0.0306157
23480.01,0.02739299
23482.0,0.03867246
23484.0,0.27962
23486.01,0.5245958
23488.0,0.7599038
23490.01,0.968624
23492.0,1.1563968
23494.0,1.336919
23496.0,1.492465
23498.01,1.639098
23500.0,1.780947
23502.0,1.89782
23504.01,2.013838
23506.0,2.121044
23508.01,2.217725
23510.01,2.304787
23512.0,2.386161
23514.0,2.4627
23516.0,2.528817
23518.0,2.590853
23520.0,2.648862
23522.01,2.702087
23524.0,2.750428
23526.01,2.793128
23528.01,2.834218
23530.0,2.871279
23532.0,2.90839
23534.0,2.947063
23536.0,2.970427
23538.0,2.992181
23540.01,3.021185
23542.0,3.043744
23544.01,3.060664
23546.01,3.082416
23548.0,3.102608
23550.0,3.118721
23552.0,3.13403
23554.0,3.147726
23556.0,3.159811
23558.01,3.168674
23560.0,3.181565
23562.0,3.192845
23564.01,3.190427
23566.0,3.211375
23568.0,3.217821
23570.0,3.221849
23572.01,3.230711
23574.0,3.23635
23576.0,3.242797
23578.0,3.2476308
23580.0,3.250048
23582.01,3.256493
23584.0,3.259715
23586.0,3.262133
23588.0,3.267772
23590.01,3.27019
23592.0,3.2709952
23594.0,3.279052
23596.01,3.279052
23598.0,3.279857
23600.01,3.275024
23602.01,3.281469
23604.0,3.285497
23606.0,3.1412816
23608.0,2.88986
23610.0,2.653696
23612.0,2.424029
23614.01,2.246729
23616.0,2.057345
23618.01,1.885735
23620.01,1.734218
23622.0,1.5939796
23624.0,1.469906
23626.0,1.3473928
23628.0,1.2248796
23630.0,1.136255
23632.01,1.0331284
23634.0,0.9613732
23636.01,0.8840284
23638.01,0.7977706
23640.0,0.7486244
23642.0,0.6753076
23644.0,0.6334124
23646.0,0.5826044
23648.0,0.536681
23650.01,0.4939802
23652.0,0.4569191
23654.0,0.4254978
23656.01,0.3827466
23658.0,0.359382
23660.0,0.3255436
23662.0,0.3037904
23664.01,0.2747859
23666.0,0.2562554
23668.01,0.2353078
23670.0,0.22080568
23672.0,0.2022247
23674.01,0.1893339
23676.0,0.16999768
23678.0,0.1579125
23680.0,0.1458274
23682.01,0.1321309
23684.0,0.1248798
23686.0,0.1152117
23688.01,0.10634928
23690.0,0.0942641
23692.01,0.0910414
23694.0,0.08540166
23696.0,0.07895626
23698.0,0.07412224
23699.992,0.06767682
23702.0,0.06284276
23704.0,0.0612314
23706.01,0.05800869
23708.0,0.04995193
23710.01,0.0475349
23712.01,0.04672923
23714.0,0.03947813
23716.0,0.03786679
23718.0,0.03706112
23720.0,0.03464409
23722.0,0.03222704
23724.01,0.025781632
23726.0,0.02819868
23728.01,0.03947813
23730.01,0.3102357
23732.0,0.5584344
23734.0,0.7824624
23736.0,0.996017
23738.0,1.174122
23740.0,1.351421
23742.01,1.5101896
23744.0,1.65929
23746.01,1.7825584
23748.01,1.9091
23750.0,2.027535
23752.0,2.132323
23754.0,2.229004
23756.0,2.32493
23758.0,2.396634
23760.01,2.469146
23762.0,2.536873
23764.0,2.599716
23766.01,2.661753
23768.0,2.707726
23770.0,2.754456
23772.0,2.800379
23774.01,2.841469
23776.0,2.876918
23778.0,2.9140292
23780.01,2.941423
23782.0,2.9728448
23784.01,3.001044
23786.0,3.0260184
23788.0,3.049384
23790.0,3.069526
23792.01,3.08725
23794.0,3.108248
23796.0,3.121139
23798.01,3.134835
23800.0,3.150949
23802.01,3.161423
23804.01,3.175119
23806.0,3.184787
23808.0,3.194456
23810.0,3.204124
23812.0,3.209764
23814.0,3.217821
23816.01,3.226683
23818.0,3.230711
23820.01,3.238768
23822.01,3.241185
23824.0,3.248436
23826.0,3.2532708
23828.0,3.255687
23830.0,3.260521
23832.0,3.263744
23834.01,3.268578
23836.0,3.2709952
23838.01,3.273412
23840.01,3.275829
23842.0,3.27744
23844.0,3.279857
23846.0,3.282275
23848.0,3.283885
23850.0,3.28872
23852.01,3.117916
23854.0,2.855972
23856.0,2.624692
23858.01,2.413554
23860.0,2.215308
23862.0,2.033175
23864.0,1.866399
23866.01,1.716493
23868.0,1.578672
23870.01,1.451375
23872.0,1.3377244
23874.0,1.2248796
23876.01,1.124976
23878.0,1.0355456
23880.0,0.956539
23882.0,0.8743604
23884.01,0.8026046
23886.0,0.7381504
23888.0,0.6817532
23890.01,0.6318012
23892.0,0.5769646
23894.01,0.531847
23896.01,0.4899519
23898.0,0.4504738
23900.0,0.4142182
23901.992,0.3642159
23904.0,0.3505195
23906.0,0.3247378
23908.01,0.2925108
23910.0,0.2715632
23912.01,0.2353078
23914.01,0.23691908
23916.0,0.2151659
23918.0,0.21033176
23920.0,0.18047144
23922.0,0.16999768
23924.0,0.1579125
23926.01,0.1450217
23928.0,0.1345479
23930.01,0.12407414
23932.01,0.1192401
23934.0,0.1079606
23936.0,0.0950698
23938.0,0.1015152
23940.0,0.084596
23942.0,0.0773449
23944.01,0.03706112
23946.0,0.06687112
23948.0,0.06284276
23950.01,0.05962004
23952.0,0.05478598
23954.0,0.016919208
23956.0,0.04672923
23958.01,0.04511786
23960.0,0.04189516
23962.01,0.03867246
23964.0,0.03706112
23966.0,0.03464409
23968.01,0.03303272
23970.0,0.0306157
23972.0,0.02819868
23974.0,0.0708995
23976.01,0.3521308
23978.0,0.5866328
23980.0,0.8082444
23982.01,0.9815152
23984.0,1.201515
23986.01,1.3731744
23988.0,1.5254976
23990.0,1.6770144
23992.0,1.807535
23994.01,1.9300476
23996.0,2.040426
23998.0,2.1274884
24000.01,2.238673
24002.0,2.320901
24004.01,2.406303
24006.01,2.476447
24008.0,2.54493
24010.0,2.605356
24012.0,2.661753
24014.0,2.7157824
24016.0,2.760095
24018.01,2.8044076
24020.0,2.844692
24022.01,2.882558
24024.01,2.916447
24026.0,2.947869
24028.0,2.978484
24030.0,3.001849
24032.0,3.022796
24034.0,3.059052
24036.01,3.070331
24038.0,3.091278
24040.01,3.107442
24042.01,3.12275
24044.0,3.1356408
24046.0,3.149338
24048.0,3.160617
24050.0,3.173508
24052.0,3.183981
24054.01,3.195261
24056.0,3.203318
24058.0,3.212986
24060.01,3.217821
24062.0,3.225877
24064.0,3.23635
24066.0,3.239573
24068.01,3.245214
24070.0,3.248436
24072.0,3.254076
24074.0,3.257299
24076.0,3.258911
24078.01,3.263744
24080.0,3.268578
24082.0,3.2709952
24084.0,3.274218
24086.01,3.276635
24088.0,3.279857
24090.0,3.279052
24092.01,3.282275
24094.0,3.283885
24096.01,3.286303
24098.01,3.085639
24100.0,2.832607
24102.0,2.597299
24104.0,2.387773
24106.0,2.192748
24108.0,2.013033
24110.01,1.847818
24112.0,1.7011852
24114.01,1.5617524
24116.01,1.4352112
24118.0,1.32
24120.0,1.214406
24122.0,1.114502
24124.0,1.024216
24126.0,0.941231
24128.01,0.866303
24130.0,0.796159
24132.01,0.729288
24134.01,0.6728906
24136.0,0.619716
24138.0,0.5705194
24140.0,0.527013
24142.0,0.484312
24144.0,0.4440283
24146.01,0.4085282
24148.0,0.3771068
24150.0,0.3481025
24152.01,0.3174868
24154.0,0.2949278
24156.0,0.2731746
24158.0,0.24980992
24160.01,0.23127948
24162.0,0.2167772
24164.01,0.1957793
24166.0,0.17966576
24168.0,0.18047144
24170.01,0.1554955
24172.0,0.141799
24174.0,0.13051952
24176.0,0.1224628
24178.01,0.1127947
24180.0,0.1047379
24182.0,0.09668114
24184.01,0.08620734
24186.0,0.08298464
24188.01,0.0773449
24190.0,0.0708995
24192.0,0.06606544
24194.0,0.05881435
24196.01,0.05962004
24198.0,0.05236894
24200.0,0.05156327
24202.01,0.04672923
24204.0,0.04511786
24206.01,0.0410895
24208.01,0.03706112
24210.0,0.03383841
24212.0,0.03464409
24214.0,0.029004348
24216.0,0.02981002
24218.0,0.02739299
24220.01,0.10554354
24222.0,0.371467
24224.01,0.616443
24226.01,0.8332704
24228.0,1.0387684
24230.0,1.2152116
24232.0,1.3957336
24234.0,1.5480564
24236.0,1.6915168
24238.01,1.823648
24240.0,1.940521
24242.01,2.054121
24244.01,2.156493
24246.0,2.246729
24248.0,2.335404
24250.0,2.411943
24252.0,2.478058
24254.0,2.548958
24256.01,2.614217
24258.0,2.668198
24260.0,2.720617
24262.01,2.766541
24264.0,2.8100476
24266.0,2.849526
24268.0,2.884976
24270.01,2.920475
24272.0,2.952703
24274.0,2.980901
24276.01,3.008294
24278.0,3.029242
24280.01,3.052607
24282.0,3.071943
24284.0,3.090474
24286.0,3.10986
24288.01,3.12839
24290.0,3.140476
24292.0,3.154977
24294.01,3.165451
24296.0,3.174314
24298.01,3.186399
24300.01,3.193651
24302.0,3.205736
24304.0,3.2121808
24306.0,3.221043
24308.0,3.225877
24310.0,3.235545
24312.01,3.239573
24314.0,3.239573
24316.01,3.249242
24318.01,3.254882
24320.0,3.262939
24322.0,3.262133
24324.0,3.266161
24326.0,3.266161
24328.0,3.27744
24330.01,3.274218
24332.0,3.276635
24334.01,3.279052
24336.01,3.281469
24338.0,3.285497
24340.0,3.284691
24342.0,3.272606
24344.0,3.049384
24346.0,2.799574
24348.01,2.569905
24350.0,2.358768
24352.0,2.166967
24354.01,1.9904736
24356.0,1.8300936
24358.0,1.681043
24360.0,1.544028
24362.01,1.411847
24364.0,1.303886
24366.01,1.1966808
24368.0,1.1008056
24370.0,1.012937
24372.01,0.9307574
24374.0,0.855024
24376.0,0.7872966
24378.0,0.7252596
24380.01,0.6688622
24382.0,0.614026
24384.0,0.566491
24386.01,0.5213732
24388.0,0.4738381
24390.01,0.442417
24392.01,0.4061112
24394.0,0.3489082
24396.0,0.344074
24398.0,0.3166811
24400.0,0.2908994
24402.0,0.269952
24404.01,0.24980992
24406.0,0.2296681
24408.01,0.21033176
24410.01,0.1957793
24412.0,0.1812771
24414.0,0.16677496
24416.0,0.15227284
24418.0,0.14018764
24420.0,0.13696492
24422.01,0.12326848
24424.0,0.11360036
24426.01,0.1039322
24428.01,0.0886244
24430.0,0.09023572
24432.0,0.0813733
24434.0,0.0773449
24436.0,0.06848246
24438.0,0.05478598
24440.01,0.06203707
24442.0,0.04672923
24444.01,0.05156327
24446.01,0.04995193
24448.0,0.0475349
24450.0,0.03947813
24452.0,0.05800869
24454.01,0.03625542
24456.0,0.03544975
24458.01,0.03303272
24460.0,0.03142138
24462.0,0.02981002
24464.01,0.03464409
24466.0,0.141799
24468.0,0.4044998
24470.0,0.6454976
24472.01,0.8614692
24474.0,1.061327
24476.0,1.250711
24478.01,1.4158756
24480.0,1.5641696
24482.01,1.710048
24484.0,1.851847
24486.0,1.958247
24488.0,2.068674
24490.01,2.17019
24492.0,2.258008
24494.0,2.34346
24496.01,2.418389
24498.0,2.494977
24500.01,2.559431
24502.01,2.619857
24504.0,2.675449
24506.0,2.724645
24508.0,2.771374
24510.0,2.814882
24512.0,2.85436
24514.01,2.893888
24516.0,2.924504
24518.01,2.954314
24520.01,2.981706
24522.0,3.008294
24524.0,3.030853
24526.0,3.052607
24528.0,3.078388
24530.0,3.093696
24532.01,3.096969
24534.0,3.125167
24536.01,3.13967
24538.01,3.152561
24540.0,3.165451
24542.0,3.177536
24544.0,3.185593
24546.0,3.196067
24548.0,3.195261
24550.01,3.21057
24552.0,3.220237
24554.0,3.2291
24556.01,3.233128
24558.0,3.240379
24560.0,3.245214
24562.0,3.249242
24564.01,3.258911
24566.0,3.258105
24568.01,3.259715
24570.01,3.266161
24572.0,3.269384
24574.01,3.266161
24576.0,3.273412
24578.0,3.274218
24580.0,3.279052
24582.01,3.282275
24584.0,3.284691
24586.0,3.285497
24588.01,3.287109
24590.0,3.02199
24592.01,2.77782
24594.01,2.542512
24596.0,2.336209
24598.0,2.146824
24600.0,1.971137
24602.0,1.8083408
24604.0,1.6649296
24606.01,1.524692
24608.0,1.4045956
24610.01,1.292607
24612.01,1.1878188
24614.0,1.089526
24616.0,1.0040744
24618.0,0.9227008
24620.0,0.8493842
24622.0,0.7800456
24624.01,0.722037
24626.0,0.6583886
24628.01,0.6075808
24630.01,0.561657
24632.0,0.5157336
24634.0,0.4835064
24636.0,0.4383886
24638.0,0.4012771
24640.0,0.3674387
24642.01,0.3408514
24644.0,0.3231265
24646.0,0.2884824
24648.01,0.2667292
24650.0,0.2457816
24652.0,0.2288624
24654.0,0.21194324
24656.01,0.19416792
24658.0,0.1844998
24660.01,0.16677496
24662.0,0.15307848
24664.0,0.141799
24666.01,0.12971384
24668.0,0.12004576
24670.0,0.1047379
24672.0,0.10312654
24674.01,0.0918471
24676.0,0.0886244
24678.0,0.0813733
24680.01,0.07170516
24682.0,0.0708995
24684.01,0.06606544
24686.0,0.0604257
24688.0,0.05639736
24690.0,0.05156327
24692.01,0.04914626
24694.0,0.04270084
24696.0,0.04189516
24698.01,0.03947813
24700.0,0.03625542
24702.01,0.03383841
24704.01,0.029004348
24706.0,0.0306157
24708.0,0.02819868
24710.0,0.02739299
24712.0,0.17644308
24714.0,0.4359714
24716.01,0.6712794
24718.0,0.8856396
24720.01,1.082275
24722.01,1.2547396
24724.0,1.431989
24726.0,1.5843116
24728.0,1.726161
24730.0,1.8550692
24732.0,1.97436
24734.01,2.08237
24736.0,2.181469
24738.01,2.270144
24740.01,2.369242
24742.0,2.43128
24744.0,2.519147
24746.0,2.567488
24748.0,2.627109
24750.0,2.680283
24752.01,2.727868
24754.0,2.776208
24756.0,2.818104
24758.01,2.856777
24760.0,2.8955
24762.0,2.928532
24764.0,2.958342
24766.01,2.985735
24768.0,3.012323
24770.0,3.034075
24772.01,3.055829
24774.0,3.077583
24776.01,3.09289
24778.0,3.118721
24780.0,3.130806
24782.0,3.1412816
24784.01,3.153366
24786.0,3.171896
24788.0,3.178342
24790.01,3.18801
24792.0,3.211375
24794.01,3.20493
24796.01,3.213792
24798.0,3.221849
24800.0,3.2291
24802.0,3.24199
24804.0,3.240379
24806.0,3.24602
24808.01,3.252465
24810.0,3.2532708
24812.01,3.26455
24814.01,3.262133
24816.0,3.265355
24818.0,3.268578
24820.0,3.272606
24822.0,3.275829
24824.0,3.276635
24826.01,3.27744
24828.0,3.281469
24830.01,3.285497
24832.01,3.287914
24834.0,3.260521
24836.0,2.991375
24838.0,2.744788
24840.0,2.523177
24842.0,2.31365
24844.01,2.128294
24846.0,1.9509948
24848.0,1.793032
24850.01,1.640709
24852.0,1.513412
24854.0,1.3852592
24856.0,1.27891
24858.01,1.174122
24860.0,1.0589104
24862.01,0.996017
24864.0,0.9130326
24866.0,0.8405214
24868.01,0.771989
24870.0,0.7236482
24872.0,0.6503318
24874.0,0.6035522
24876.01,0.556823
24878.0,0.511705
24880.0,0.4802837
24882.01,0.4335544
24884.0,0.3972487
24886.01,0.3682443
24888.01,0.3424627
24890.0,0.3158754
24892.0,0.2876767
24894.0,0.2627007
24896.0,0.24336452
24898.0,0.2240283
24900.01,0.20630344
24902.0,0.19416792
24904.01,0.1836942
24906.01,0.1627466
24908.0,0.15146716
24910.0,0.1345479
24912.0,0.1272968
24914.0,0.12165708
24916.0,0.1111833
24918.01,0.1015152
24920.0,0.1039322
24922.01,0.0878187
24924.01,0.08056764
24926.0,0.07412224
24928.0,0.06928818
24930.0,0.06687112
24932.0,0.05881435
24934.0,0.05720302
24936.01,0.05317464
24938.0,0.04914626
24940.01,0.04592355
24942.01,0.0443122
24944.0,0.04028382
24946.0,0.04914626
24948.0,0.03464409
24950.01,0.03303272
24952.0,0.02981002
24954.01,0.02819868
24956.0,0.02739299
24958.0,0.2079148
24960.01,0.4633645
24962.0,0.6970612
24964.0,0.9154496
24966.0,1.1056396
24968.01,1.286967
24970.0,1.4537924
24972.0,1.6036484
24974.01,1.7414684
24976.0,1.86801
24978.01,1.9872504
24980.0,2.091233
24982.0,2.192748
24984.0,2.294314
24986.01,2.363602
24988.0,2.43853
24990.0,2.511091
24992.01,2.575546
24994.0,2.627109
24996.01,2.687584
24998.01,2.735119
25000.0,2.77782
25002.0,2.824549
25004.0,2.859194
25006.0,2.899528
25008.0,2.931754
25010.01,2.96237
25012.0,2.989764
25014.01,3.018768
25016.01,3.0372992
25018.0,3.059858
25020.0,3.079193
25022.0,3.097775
25024.0,3.113082
25026.0,3.12839
25028.01,3.142087
25030.0,3.155783
25032.01,3.159811
25034.01,3.178342
25036.0,3.188815
25038.0,3.198485
25040.0,3.207346
25042.0,3.2121808
25044.0,3.22346
25046.01,3.228294
25048.0,3.235545
25050.0,3.240379
25052.01,3.246826
25054.0,3.250048
25056.0,3.250854
25058.0,3.259715
25060.01,3.262133
25062.0,3.268578
25064.01,3.269384
25066.01,3.275024
25068.0,3.273412
25070.01,3.276635
25072.0,3.276635
25074.0,3.282275
25076.0,3.28308
25078.01,3.286303
25080.0,3.224265
25082.0,2.959954
25084.01,2.7157824
25086.0,2.490949
25088.01,2.288674
25090.01,2.104123
25092.0,1.91474
25094.0,1.7793356
25096.0,1.628624
25098.0,1.49891
25100.0,1.378814
25102.01,1.2652136
25104.0,1.168482
25106.01,1.0677724
25108.01,0.9823208
25110.0,0.904976
25112.0,0.8324648
25114.0,0.764738
25116.0,0.7027006
25118.0,0.6471092
25120.01,0.5954956
25122.0,0.5487662
25124.01,0.5044542
25126.01,0.4649759
25128.0,0.4295261
25130.0,0.3932204
25132.0,0.3617989
25134.0,0.3352117
25136.0,0.3062074
25138.01,0.284454
25140.0,0.2610894
25142.01,0.2409475
25144.01,0.2256398
25146.0,0.2054474
25148.0,0.1893339
25150.0,0.1748318
25152.01,0.1619409
25154.0,0.15227284
25156.01,0.14018764
25158.0,0.1281025
25160.0,0.1176287
25162.01,0.10957196
25164.0,0.09990386
25166.0,0.09265276
25168.0,0.09023572
25170.01,0.0773449
25172.0,0.07492788
25174.0,0.07170516
25176.01,0.0636484
25178.0,0.05881435
25180.01,0.05236894
25182.01,0.05317464
25184.0,0.04834056
25186.0,0.04511786
25188.01,0.0410895
25190.0,0.03706112
25192.0,0.03625542
25194.01,0.03625542
25196.0,0.03142138
25198.01,0.02981002
25200.01,0.0306157
25202.0,0.029004348
25204.0,0.2393362
25206.0,0.4931746
25208.0,0.7260652
25210.0,0.936397
25212.01,1.1306152
25214.0,1.3087204
25216.01,1.4715172
25218.01,1.618956
25220.0,1.756777
25222.0,1.8825124
25224.0,1.9993356
25226.0,2.104929
25228.0,2.203222
25230.01,2.291091
25232.0,2.370854
25234.01,2.44417
25236.01,2.515925
25238.0,2.581991
25240.0,2.641611
25242.0,2.693224
25244.01,2.742371
25246.0,2.790712
25248.01,2.829383
25250.0,2.867251
25252.0,2.904362
25254.01,2.935784
25256.0,2.9551192
25258.0,2.993792
25260.0,3.018768
25262.01,3.041328
25264.0,3.062274
25266.01,3.082416
25268.01,3.099386
25270.0,3.115499
25272.01,3.131612
25274.0,3.143698
25276.0,3.160617
25278.0,3.166257
25280.01,3.179953
25282.0,3.190427
25284.0,3.200901
25286.01,3.208958
25288.0,3.216209
25290.01,3.221849
25292.01,3.226683
25294.0,3.233934
25296.0,3.24199
25298.0,3.2476308
25300.0,3.251659
25302.0,3.255687
25304.01,3.259715
25306.0,3.258911
25308.01,3.267772
25310.01,3.2718
25312.0,3.275024
25314.0,3.276635
25316.0,3.279857
25318.0,3.291942
25320.0,3.283885
25322.01,3.284691
25324.0,3.284691
25326.01,3.192039
25328.01,2.92692
25330.0,2.687584
25332.0,2.466729
25334.0,2.266065
25336.0,2.081565
25338.0,1.9107116
25340.01,1.756777
25342.0,1.611705
25344.0,1.484408
25346.01,1.3635064
25348.0,1.253934
25350.0,1.1467288
25352.0,1.060522
25354.01,0.9726524
25356.0,0.8953076
25358.01,0.8227464
25360.01,0.7599038
25362.0,0.6962554
25364.01,0.644692
25366.0,0.5874386
25368.0,0.5431264
25370.0,0.5012316
25372.01,0.4617532
25374.0,0.4254978
25376.0,0.3891919
25378.01,0.3585762
25380.0,0.329572
25382.01,0.3054016
25384.01,0.27962
25386.0,0.259478
25388.0,0.23772484
25390.01,0.21758284
25392.0,0.2038361
25394.0,0.1869169
25396.01,0.1724147
25398.0,0.1611353
25400.01,0.1490501
25402.01,0.13374224
25404.0,0.141799
25406.0,0.11440604
25408.0,0.10957196
25410.0,0.1039322
25412.0,0.09023572
25414.01,0.084596
25416.0,0.07976194
25418.01,0.07895626
25420.01,0.0708995
25422.0,0.0636484
25424.0,0.0612314
25426.0,0.05478598
25428.0,0.0507576
25430.0,0.04995193
25432.01,0.04511786
25434.0,0.04189516
25436.01,0.0410895
25438.01,0.03544975
25440.0,0.01933623
25442.0,0.03142138
25444.0,0.02981002
25446.01,0.01933623
25448.0,0.02658732
25450.01,0.2651178
25452.0,0.5237902
25454.0,0.74943
25456.01,0.9605674
25458.0,1.151563
25460.0,1.3272508
25462.0,1.489242
25464.01,1.6374868
25466.0,1.773696
25468.0,1.89782
25470.01,2.014644
25472.0,2.116209
25474.01,2.211279
25476.0,2.306399
25478.0,2.380521
25480.0,2.45706
25482.01,2.525593
25484.0,2.590853
25486.0,2.646445
25488.01,2.698863
25490.0,2.747204
25492.01,2.793128
25494.01,2.83583
25496.0,2.87289
25498.0,2.911613
25500.0,2.942229
25502.0,2.970427
25504.0,2.997015
25506.01,3.019574
25508.0,3.040522
25510.01,3.065498
25512.01,3.0848332
25514.0,3.09858
25516.0,3.118721
25518.0,3.133224
25520.0,3.146921
25522.0,3.1590052
25524.01,3.1710908
25526.0,3.186399
25528.01,3.195261
25530.01,3.202513
25532.0,3.208152
25534.0,3.216209
25536.0,3.22346
25538.0,3.228294
25540.0,3.23635
25542.01,3.245214
25544.0,3.246826
25546.0,3.251659
25548.01,3.269384
25550.0,3.255687
25552.0,3.262133
25554.0,3.267772
25556.01,3.272606
25558.0,3.275024
25560.01,3.280663
25562.01,3.280663
25564.0,3.28308
25566.01,3.282275
25568.0,3.289525
25570.0,3.291137
25572.0,3.157395
25574.01,2.89711
25576.0,2.6593352
25578.0,2.440947
25580.01,2.249952
25582.0,2.058956
25584.01,1.890569
25586.01,1.738246
25588.0,1.5947852
25590.0,1.467489
25592.0,1.3288624
25594.0,1.239432
25596.0,1.1402832
25598.01,1.0484364
25600.0,0.9654016
25602.01,0.8856396
25604.01,0.8146898
25606.0,0.74943
25608.0,0.6881984
25610.0,0.635024
25612.0,0.5930784
25614.0,0.5407096
25616.01,0.5020372
25618.0,0.4553079
25620.01,0.4198579
25622.01,0.3899975
25624.0,0.3553536
25626.0,0.3279606
25628.0,0.2965392
25630.0,0.2755915
25632.0,0.2651178
25634.01,0.23691908
25636.0,0.21838864
25638.01,0.2022247
25640.01,0.1853055
25642.0,0.1659693
25644.0,0.15952384
25646.0,0.1474387
25648.01,0.13535364
25650.0,0.12407414
25652.01,0.11198896
25654.0,0.09265276
25656.0,0.1023209
25658.01,0.07895626
25660.0,0.0837903
25662.0,0.07895626
25664.0,0.06767682
25666.01,0.06767682
25668.0,0.0636484
25670.0,0.0612314
25672.01,0.05559165
25674.0,0.0507576
25676.01,0.04914626
25678.01,0.04270084
25680.0,0.0410895
25682.0,0.03706112
25684.01,0.03625542
25686.0,0.03142138
25688.0,0.0306157
25690.01,0.0306157
25692.0,0.03142138
25694.01,0.01611352
25696.01,0.304596
25698.0,0.554406
25700.0,0.7784342
25702.0,0.9879604
25704.0,1.174122
25706.0,1.349004
25708.01,1.506967
25710.0,1.6536504
25712.01,1.7890036
25714.01,1.9123228
25716.0,2.022701
25718.0,2.1291
25720.0,2.224976
25722.0,2.309621
25724.0,2.391801
25726.01,2.465923
25728.0,2.5352616
25730.01,2.599716
25732.01,2.655307
25734.0,2.70692
25736.0,2.755261
25738.0,2.801185
25740.01,2.839858
25742.0,2.876113
25744.01,2.913224
25746.0,2.947063
25748.0,2.973649
25750.01,3.002654
25752.0,3.026824
25754.0,3.049384
25756.0,3.069526
25758.01,3.090474
25760.0,3.10422
25762.01,3.121139
25764.01,3.137252
25766.0,3.150144
25768.01,3.161423
25770.0,3.1710908
25772.0,3.183981
25774.0,3.191233
25776.01,3.20493
25778.0,3.208958
25780.0,3.217015
25782.01,3.225877
25784.0,3.231516
25786.01,3.237156
25788.01,3.238768
25790.0,3.2476308
25792.0,3.255687
25794.0,3.255687
25796.0,3.262133
25798.0,3.265355
25800.01,3.266967
25802.0,3.273412
25804.01,3.272606
25806.01,3.275024
25808.0,3.279052
25810.0,3.283885
25812.0,3.284691
25814.0,3.285497
25816.0,3.287109
25818.01,3.125973
25820.0,2.872085
25822.01,2.632749
25824.01,2.416776
25826.0,2.2217532
25828.0,2.038814
25830.0,1.8752616
25832.0,1.720521
25834.0,1.581089
25836.01,1.4529864
25838.0,1.334502
25840.0,1.2256852
25842.01,1.139478
25844.0,1.03474
25846.0,0.9557334
25848.0,0.8767772
25850.01,0.8009934
25852.0,0.7421788
25854.01,0.68417
25856.01,0.6285782
25858.0,0.5785762
25860.01,0.5326526
25862.0,0.4738381
25864.0,0.4512796
25866.0,0.4044998
25868.01,0.3787182
25870.0,0.356965
25872.0,0.3400456
25874.01,0.2981506
25876.0,0.2747859
25878.01,0.24255884
25880.01,0.2336964
25882.0,0.21597156
25884.0,0.1981963
25886.01,0.1828885
25888.0,0.1740261
25890.0,0.15710684
25892.01,0.1490501
25894.0,0.1345479
25896.01,0.12165708
25898.01,0.1152117
25900.0,0.10634928
25902.0,0.0974868
25904.0,0.0773449
25906.0,0.0886244
25908.0,0.06606544
25910.01,0.07573358
25912.0,0.06284276
25914.01,0.0604257
25916.01,0.05881435
25918.0,0.05559165
25920.0,0.04995193
25922.0,0.04592355
25924.0,0.04350652
25926.0,0.04028382
25928.01,0.04028382
25930.0,0.03303272
25932.01,0.03222704
25934.01,0.03222704
25936.0,0.05962004
25938.0,0.02819868
25940.0,0.05800869
25942.01,0.3368229
25944.0,0.5826044
25946.01,0.8058272
25948.0,1.0081024
25950.0,1.199098
25952.01,1.366729
25954.0,1.5254976
25956.0,1.6874884
25958.0,1.8059236
25960.01,1.9268248
25962.0,2.038814
25964.0,2.143602
25966.01,2.236255
25968.0,2.321707
25970.01,2.401469
25972.01,2.475642
25974.0,2.542512
25976.0,2.617441
25978.01,2.661753
25980.0,2.714172
25982.0,2.755261
25984.01,2.8044076
25986.0,2.843887
25988.01,2.881752
25990.01,2.917252
25992.0,2.948675
25994.0,2.976873
25996.0,3.001849
25998.0,3.02763
26000.0,3.046967
26002.01,3.066303
26004.0,3.088862
26006.01,3.109054
26008.01,3.12275
26010.0,3.140476
26012.0,3.149338
26014.0,3.155783
26016.0,3.171896
26018.0,3.183981
26020.01,3.193651
26022.0,3.204124
26024.01,3.212986
26026.01,3.222655
26028.0,3.225071
26030.0,3.2291
26032.0,3.237156
26034.01,3.244408
26036.0,3.250048
26038.01,3.254882
26040.0,3.258911
26042.0,3.26455
26044.01,3.266161
26046.0,3.269384
26048.0,3.269384
26050.0,3.274218
26052.01,3.276635
26054.0,3.279052
26056.01,3.281469
26058.01,3.283885
26060.0,3.285497
26062.01,3.283885
26064.0,3.090474
26066.0,2.835024
26068.0,2.602938
26070.01,2.388578
26072.0,2.195971
26074.0,2.01545
26076.01,1.8502356
26078.0,1.7011852
26080.01,1.5649756
26082.01,1.436017
26084.0,1.32
26086.0,1.2111832
26088.01,1.112085
26090.0,1.025827
26092.0,0.941231
26094.01,0.866303
26096.0,0.7953532
26098.01,0.7333164
26100.01,0.6728906
26102.0,0.616443
26104.0,0.5721308
26106.0,0.544738
26108.0,0.4859233
26110.0,0.4472509
26112.01,0.4085282
26114.0,0.3811353
26116.01,0.3472969
26118.01,0.3215152
26120.0,0.2949278
26122.0,0.2715632
26124.0,0.2522271
26126.0,0.22805676
26128.0,0.2135545
26130.01,0.196585
26132.0,0.1844998
26134.01,0.1683863
26136.01,0.15952384
26138.0,0.144216
26140.0,0.13293656
26142.0,0.12407414
26144.01,0.11440604
26146.0,0.10312654
26148.01,0.09587548
26150.0,0.08943008
26152.0,0.082179
26154.01,0.09345846
26156.0,0.07251084
26158.0,0.06284276
26160.0,0.0636484
26162.01,0.05559165
26164.0,0.05317464
26166.0,0.0507576
26168.01,0.0475349
26170.0,0.04189516
26172.01,0.0410895
26174.01,0.03867246
26176.0,0.03544975
26178.0,0.03383841
26180.01,0.03464409
26182.0,0.02819868
26184.0,0.02658732
26186.01,0.1015152
26188.0,0.3658272
26190.01,0.609192
26192.01,0.829242
26194.0,1.032323
26196.0,1.2152116
26198.0,1.388482
26200.0,1.544028
26202.0,1.6874884
26204.01,1.8180084
26206.0,1.9381044
26208.01,2.049288
26210.01,2.154076
26212.0,2.246729
26214.0,2.33218
26216.0,2.410331
26218.0,2.482087
26220.0,2.548152
26222.01,2.609384
26224.0,2.667392
26226.01,2.7182
26228.01,2.764123
26230.0,2.808436
26232.0,2.847109
26234.0,2.873696
26236.01,2.920475
26238.0,2.949479
26240.01,2.977678
26242.0,3.005877
26244.0,3.024408
26246.01,3.050189
26248.0,3.073554
26250.0,3.089668
26252.0,3.108248
26254.01,3.125973
26256.0,3.138863
26258.01,3.153366
26260.01,3.164646
26262.0,3.179953
26264.01,3.170286
26266.0,3.195261
26268.0,3.205736
26270.0,3.212986
26272.01,3.221043
26274.0,3.226683
26276.0,3.233128
26278.01,3.237962
26280.0,3.245214
26282.01,3.250048
26284.01,3.254882
26286.0,3.255687
26288.0,3.258105
26290.0,3.261327
26292.0,3.267772
26294.0,3.275829
26296.01,3.279052
26298.0,3.27744
26300.01,3.282275
26302.01,3.284691
26304.0,3.28308
26306.0,3.287914
26308.0,3.285497
26310.0,3.058246
26312.0,2.807631
26314.01,2.57474
26316.0,2.367631
26318.01,2.172607
26320.01,1.995307
26322.0,1.834122
26324.0,1.685877
26326.0,1.547251
26328.0,1.4231264
26330.0,1.3087204
26332.01,1.201515
26334.0,1.104834
26336.01,1.016965
26338.01,0.931563
26340.0,0.8582464
26342.0,0.7736002
26344.0,0.7300936
26346.01,0.669668
26348.0,0.6148316
26350.01,0.5681024
26352.01,0.5237902
26354.0,0.4786724
26356.01,0.44
26358.0,0.4053056
26360.0,0.3738841
26362.0,0.3472969
26364.01,0.3174868
26366.0,0.2989562
26368.0,0.2691461
26370.01,0.2481986
26372.0,0.2296681
26374.01,0.2079148
26376.01,0.1949736
26378.0,0.1812771
26380.0,0.1659693
26382.01,0.1546898
26384.0,0.139382
26386.0,0.1321309
26388.01,0.11843436
26390.0,0.11360036
26392.01,0.10554354
26394.01,0.0773449
26396.0,0.08943008
26398.0,0.07895626
26400.0,0.07653924
26402.0,0.06687112
26404.0,0.07815058
26406.01,0.0604257
26408.0,0.05800869
26410.01,0.0539803
26412.01,0.04995193
26414.0,0.0443122
26416.0,0.04350652
26418.0,0.04028382
26420.0,0.0410895
26422.0,0.03383841
26424.01,0.023364616
26426.0,0.0306157
26428.01,0.025781632
26430.01,0.029004348
26432.0,0.13535364
26434.0,0.3956373
26436.0,0.6382466
26438.01,0.8574408
26440.0,1.0709956
26442.01,1.2426544
26444.0,1.4062072
26446.0,1.563364
26448.01,1.7060196
26450.0,1.8349276
26452.0,1.955024
26454.0,2.068674
26456.01,2.16455
26458.0,2.256397
26460.01,2.341849
26462.01,2.420805
26464.0,2.492561
26466.01,2.551375
26468.01,2.619051
26470.0,2.673032
26472.0,2.723033
26474.01,2.770569
26476.0,2.818104
26478.0,2.852748
26480.01,2.890665
26482.0,2.9140292
26484.01,2.953508
26486.01,2.980095
26488.0,3.005072
26490.0,3.032464
26492.0,3.054218
26494.0,3.075971
26496.0,3.100997
26498.01,3.111471
26500.0,3.123556
26502.01,3.142087
26504.01,3.154172
26506.0,3.168674
26508.0,3.173508
26510.0,3.185593
26512.0,3.198485
26514.0,3.206541
26516.01,3.215403
26518.0,3.221043
26520.01,3.228294
26522.01,3.23474
26524.0,3.239573
26526.0,3.24602
26528.0,3.252465
26530.01,3.2532708
26532.0,3.258911
26534.01,3.261327
26536.0,3.265355
26538.0,3.265355
26540.01,3.2718
26542.0,3.274218
26544.0,3.275024
26546.0,3.276635
26548.01,3.280663
26550.0,3.279052
26552.01,3.28308
26554.01,3.287914
26556.0,3.026824
26558.01,2.777014
26560.0,2.551375
26562.0,2.342655
26564.0,2.151658
26566.01,1.9775824
26568.0,1.8139804
26570.0,1.668152
26572.01,1.531943
26574.0,1.397345
26576.01,1.291801
26578.01,1.1862076
26580.0,1.092749
26582.0,1.00488
26584.01,0.9235064
26586.0,0.8493842
26588.0,0.7808512
26590.01,0.7188142
26592.0,0.6430808
26594.01,0.609192
26596.01,0.55924
26598.0,0.5173448
26600.0,0.4746439
26602.0,0.4383886
26604.0,0.4020827
26606.0,0.3738841
26608.01,0.3416571
26610.0,0.3126526
26612.01,0.2884824
26614.01,0.2675348
26616.0,0.2465873
26618.0,0.2272511
26620.0,0.2079148
26622.0,0.19175096
26624.0,0.17886016
26626.01,0.16355224
26628.0,0.15227284
26630.01,0.139382
26632.01,0.13051952
26634.0,0.1176287
26636.0,0.11198896
26638.0,0.0974868
26640.01,0.08620734
26642.0,0.0886244
26644.01,0.07815058
26646.01,0.07653924
26648.0,0.07009382
26650.01,0.06606544
26652.0,0.05800869
26654.0,0.0443122
26656.0,0.05156327
26658.01,0.04995193
26660.0,0.03625542
26662.0,0.04028382
26664.01,0.0410895
26666.0,0.03706112
26668.01,0.03544975
26670.01,0.03786679
26672.0,0.03142138
26674.0,0.0306157
26676.01,0.02658732
26678.0,0.1683863
26680.0,0.4295261
26682.01,0.6656396
26684.0,0.8808056
26686.01,1.079052
26688.01,1.26038
26690.0,1.4271548
26692.0,1.581089
26694.0,1.721327
26696.0,1.851041
26698.0,1.967109
26700.01,2.076731
26702.0,2.178247
26704.01,2.266871
26706.01,2.350711
26708.01,2.428862
26710.0,2.500617
26712.0,2.565071
26714.0,2.624692
26716.0,2.678672
26718.01,2.727868
26720.0,2.776208
26722.01,2.819716
26724.01,2.859194
26726.0,2.894694
26728.0,2.928532
26730.0,2.967204
26732.01,2.987347
26734.0,3.013129
26736.01,3.042939
26738.0,3.056635
26740.0,3.077583
26742.01,3.094551
26744.0,3.111471
26746.0,3.119527
26748.0,3.1412816
26750.01,3.155783
26752.0,3.179147
26754.01,3.177536
26756.01,3.196067
26758.0,3.197679
26760.01,3.207346
26762.0,3.221043
26764.0,3.22346
26766.0,3.235545
26768.01,3.233128
26770.0,3.239573
26772.0,3.245214
26774.01,3.250854
26776.0,3.255687
26778.01,3.255687
26780.01,3.260521
26782.0,3.26455
26784.0,3.269384
26786.0,3.273412
26788.0,3.276635
26790.0,3.276635
26792.01,3.27744
26794.0,3.278246
26796.01,3.283885
26798.01,3.285497
26800.0,3.267772
26802.0,2.995404
26804.0,2.749622
26806.0,2.528011
26808.0,2.320095
26810.01,2.129906
26812.0,1.956635
26814.01,1.796255
26816.01,1.6487656
26818.0,1.5158292
26820.0,1.3925108
26822.0,1.282938
26824.0,1.1765388
26826.0,1.082275
26828.01,0.9936002
26830.0,0.9138382
26832.01,0.8429384
26834.01,0.7744058
26836.0,0.7107576
26838.0,0.6543602
26840.0,0.604358
26842.01,0.5382922
26844.0,0.5125108
26846.01,0.4722268
26848.01,0.4319431
26850.0,0.3972487
26852.01,0.3666331
26854.0,0.3384343
26856.0,0.314264
26858.0,0.2852596
26860.01,0.2635064
26862.0,0.2465873
26864.0,0.22241696
26866.01,0.2071091
26868.0,0.1925566
26870.01,0.1772488
26872.01,0.1619409
26874.0,0.15146716
26876.0,0.1426047
26878.01,0.12971384
26880.0,0.1192401
26882.0,0.11037764
26884.01,0.09587548
26886.0,0.0942641
26888.01,0.10312654
26890.01,0.07412224
26892.0,0.07412224
26894.0,0.05962004
26896.0,0.06525976
26898.0,0.0604257
26900.0,0.05559165
26902.01,0.05156327
26904.0,0.0507576
26906.01,0.04350652
26908.01,0.04270084
26910.0,0.05962004
26912.0,0.03464409
26914.0,0.03625542
26916.0,0.03464409
26918.0,0.03142138
26920.01,0.03142138
26922.0,0.02819868
26924.01,0.2046418
26926.01,0.4601418
26928.0,0.68981
26930.0,0.9090044
26932.0,1.1024168
26934.01,1.282938
26936.0,1.449764
26938.01,1.598814
26940.0,1.7390516
26942.0,1.86801
26944.01,1.984028
26946.0,2.088816
26948.0,2.18872
26950.0,2.2782008
26952.01,2.363602
26954.0,2.43853
26956.01,2.507062
26958.01,2.573934
26960.0,2.631137
26962.01,2.684362
26964.01,2.734314
26966.0,2.778627
26968.0,2.826161
26970.01,2.862417
26972.0,2.913224
26974.0,2.930949
26976.01,2.963176
26978.0,2.989764
26980.01,3.014739
26982.01,3.038104
26984.0,3.059858
26986.0,3.079999
26988.0,3.096163
26990.0,3.112276
26992.0,3.127584
26994.01,3.142087
26996.0,3.156589
26998.01,3.167868
27000.01,3.1767308
27002.0,3.188815
27004.0,3.19929
27006.0,3.206541
27008.0,3.209764
27010.0,3.217821
27012.01,3.2299052
27014.0,3.237156
27016.01,3.242797
27018.01,3.238768
27020.0,3.2476308
27022.0,3.256493
27024.0,3.256493
27026.01,3.265355
27028.0,3.266161
27030.01,3.27019
27032.0,3.274218
27034.0,3.27744
27036.01,3.27744
27038.0,3.278246
27040.0,3.279052
27042.0,3.28308
27044.01,3.284691
27046.0,3.232322
27048.01,2.966399
27050.01,2.721423
27052.0,2.504646
27054.01,2.29673
27056.0,2.108959
27058.0,1.9356872
27060.0,1.7777244
27062.01,1.6326524
27064.0,1.5061616
27066.0,1.380425
27068.01,1.270048
27070.0,1.1636484
27072.01,1.071801
27074.01,0.9976286
27076.0,0.904976
27078.0,0.834076
27080.01,0.7671548
27082.0,0.7010894
27084.0,0.649526
27086.01,0.5971068
27088.0,0.5487662
27090.01,0.5060654
27092.01,0.4391942
27094.0,0.427109
27096.0,0.3932204
27098.0,0.3634103
27100.0,0.3376286
27102.0,0.3078187
27104.01,0.2828427
27106.0,0.2618951
27108.01,0.2409475
27110.01,0.22241696
27112.0,0.2030304
27114.0,0.1901396
27116.0,0.1772488
27118.0,0.1611353
27120.0,0.1490501
27122.01,0.13857636
27124.0,0.1281025
27126.01,0.1224628
27128.01,0.10876628
27130.0,0.08540166
27132.0,0.0974868
27134.0,0.0837903
27136.01,0.07815058
27138.0,0.07412224
27140.01,0.05478598
27142.01,0.06525976
27144.0,0.05962004
27146.01,0.05559165
27148.0,0.05236894
27150.0,0.04914626
27152.0,0.04672923
27154.01,0.04511786
27156.0,0.0410895
27158.01,0.03222704
27160.01,0.03786679
27162.0,0.03383841
27164.01,0.02819868
27166.01,0.03706112
27168.0,0.02739299
27170.0,0.2336964
27172.01,0.4883406
27174.0,0.7188142
27176.0,0.9307574
27178.01,1.122559
27180.0,1.304692
27182.01,1.467489
27184.01,1.6165388
27186.0,1.7551656
27188.0,1.880901
27190.0,1.995307
27192.0,2.102512
27194.0,2.201611
27196.01,2.287063
27198.0,2.37327
27200.01,2.445781
27202.01,2.515925
27204.01,2.581991
27206.0,2.637583
27208.0,2.690807
27210.0,2.735925
27212.0,2.785072
27214.01,2.828577
27216.0,2.866445
27218.01,2.9019448
27220.01,2.934172
27222.0,2.964788
27224.0,2.990569
27226.0,3.013129
27228.01,3.041328
27230.0,3.060664
27232.01,3.080805
27234.0,3.099386
27236.0,3.110665
27238.01,3.130001
27240.0,3.142892
27242.0,3.1590052
27244.0,3.168674
27246.01,3.180759
27248.0,3.191233
27250.01,3.198485
27252.01,3.205736
27254.0,3.2121808
27256.01,3.228294
27258.01,3.230711
27260.0,3.23635
27262.0,3.248436
27264.01,3.243602
27266.0,3.258105
27268.0,3.254882
27270.01,3.259715
27272.0,3.263744
27274.01,3.266967
27276.01,3.27019
27278.0,3.27019
27280.0,3.275024
27282.01,3.278246
27284.0,3.2709952
27286.0,3.28308
27288.01,3.283885
27290.0,3.287914
27292.01,3.198485
27294.01,2.935784
27296.0,2.69403
27298.0,2.474785
27300.0,2.268482
27302.0,2.090427
27304.0,1.917157
27306.01,1.761611
27308.0,1.6173444
27310.01,1.489242
27312.01,1.366729
27314.0,1.2611852
27316.0,1.1523684
27318.0,1.060522
27320.01,0.975875
27322.0,0.8977244
27324.01,0.8405214
27326.0,0.7574866
27328.01,0.6986724
27330.01,0.642275
27332.0,0.5922728
27334.0,0.5439324
27336.0,0.5012316
27338.01,0.4609474
27340.0,0.4254978
27342.01,0.4166352
27344.01,0.3609933
27346.0,0.331989
27348.01,0.304596
27350.0,0.2820371
27352.0,0.259478
27354.0,0.23853052
27356.01,0.22080568
27358.0,0.2030304
27360.0,0.1893339
27362.01,0.1740261
27364.0,0.15952384
27366.01,0.14824448
27368.01,0.1619409
27370.0,0.1272968
27372.0,0.1176287
27374.01,0.10554354
27376.0,0.1023209
27378.0,0.0942641
27380.01,0.084596
27382.0,0.07976194
27384.01,0.0604257
27386.01,0.06848246
27388.0,0.05720302
27390.0,0.05156327
27392.0,0.05478598
27394.0,0.03142138
27396.0,0.0475349
27398.01,0.04511786
27400.0,0.04189516
27402.01,0.03544975
27404.01,0.03947813
27406.01,0.03303272
27408.0,0.0306157
27410.0,0.029004348
27412.0,0.02739299
27414.0,0.02094758
27416.01,0.2643122
27418.0,0.5165392
27420.01,0.7413732
27422.01,0.9581504
27424.0,1.1475344
27426.0,1.324834
27428.0,1.4876304
27430.01,1.6334584
27432.0,1.7664452
27434.01,1.893792
27436.0,2.00981
27438.0,2.117015
27440.01,2.214503
27442.0,2.304787
27444.0,2.382939
27446.0,2.461089
27448.01,2.523177
27450.0,2.585214
27452.01,2.642416
27454.01,2.698863
27456.0,2.747204
27458.01,2.793934
27460.01,2.835024
27462.0,2.872085
27464.0,2.900334
27466.01,2.9382
27468.0,2.96801
27470.0,2.99782
27472.01,3.023602
27474.0,3.045356
27476.01,3.067914
27478.01,3.086444
27480.0,3.10422
27482.0,3.118721
27484.0,3.137252
27486.0,3.137252
27488.0,3.160617
27490.01,3.171896
27492.0,3.182371
27494.01,3.192039
27496.01,3.211375
27498.0,3.21057
27500.0,3.217015
27502.0,3.224265
27504.0,3.230711
27506.0,3.237156
27508.01,3.241185
27510.0,3.246826
27512.01,3.254076
27514.01,3.258911
27516.0,3.26455
27518.0,3.26455
27520.0,3.269384
27522.01,3.2718
27524.0,3.275024
27526.01,3.276635
27528.0,3.278246
27530.01,3.280663
27532.01,3.281469
27534.0,3.284691
27536.0,3.287109
27538.0,3.165451
27540.01,2.905167
27542.0,2.66417
27544.01,2.444975
27546.01,2.247534
27548.0,2.067869
27550.01,1.89782
27552.0,1.74308
27554.0,1.5980084
27556.0,1.469906
27558.01,1.3530324
27560.0,1.244266
27562.0,1.1443116
27564.01,1.0484364
27566.0,0.9654016
27568.01,0.887251
27570.01,0.8163012
27572.0,0.7502356
27574.0,0.6914212
27576.01,0.6398578
27578.0,0.5866328
27580.0,0.539904
27582.01,0.4963972
27584.0,0.4561135
27586.01,0.4214692
27588.01,0.3859692
27590.0,0.3561592
27592.0,0.3424627
27594.0,0.302179
27596.0,0.2780088
27598.0,0.2562554
27600.01,0.2361134
27602.0,0.21597156
27604.01,0.1998077
27606.01,0.1861112
27608.0,0.1740261
27610.0,0.15952384
27612.0,0.15227284
27614.0,0.13535364
27616.0,0.14018764
27618.01,0.1127947
27620.0,0.10715492
27622.01,0.08540166
27624.01,0.09345846
27626.0,0.0837903
27628.0,0.0950698
27630.0,0.07331654
27632.01,0.06525976
27634.0,0.0612314
27636.01,0.05962004
27638.01,0.0539803
27640.0,0.0507576
27642.01,0.04672923
27644.0,0.04350652
27646.0,0.0410895
27648.0,0.03867246
27650.01,0.03383841
27652.0,0.03222704
27654.01,0.04834056
27656.01,0.03142138
27658.0,0.02819868
27660.01,0.02658732
27662.01,0.2949278
27664.0,0.544738
27666.0,0.7703774
27668.01,0.9799038
27670.0,1.1676768
27672.0,1.3449756
27674.01,1.5029384
27676.0,1.6528448
27678.01,1.785781
27680.01,1.921185
27682.0,2.02109
27684.0,2.1274884
27686.0,2.2217532
27688.0,2.309621
27690.0,2.39019
27692.01,2.469146
27694.0,2.528011
27696.01,2.595687
27698.01,2.651279
27700.01,2.706115
27702.0,2.756067
27704.0,2.800379
27706.0,2.840663
27708.0,2.876113
27710.01,2.910807
27712.0,2.941423
27714.01,2.971233
27716.01,2.99782
27718.0,3.023602
27720.0,3.046161
27722.0,3.0671084
27724.01,3.081611
27726.0,3.10422
27728.01,3.118721
27730.0,3.146921
27732.0,3.149338
27734.01,3.160617
27736.0,3.1710908
27738.0,3.184787
27740.0,3.192039
27742.01,3.203318
27744.0,3.209764
27746.01,3.218626
27748.01,3.225071
27750.0,3.232322
27752.01,3.237156
27754.01,3.235545
27756.0,3.244408
27758.0,3.252465
27760.01,3.258911
27762.0,3.258911
27764.0,3.265355
27766.01,3.27019
27768.0,3.273412
27770.01,3.274218
27772.01,3.27744
27774.0,3.279052
27776.0,3.280663
27778.01,3.28308
27780.0,3.284691
27782.0,3.287109
27784.01,3.13403
27786.0,2.873696
27788.01,2.637583
27790.01,2.422417
27792.0,2.226588
27794.0,2.053316
27796.0,1.8768728
27798.0,1.7253552
27800.0,1.585923
27802.01,1.4545976
27804.0,1.3409472
27806.01,1.228908
27808.01,1.1298096
27810.0,1.0403796
27812.0,0.9541222
27814.0,0.88
27816.01,0.8203296
27818.0,0.7454014
27820.01,0.6825588
27822.0,0.6309956
27824.01,0.5777704
27826.01,0.5302356
27828.0,0.4931746
27830.0,0.4504738
27832.0,0.4101395
27834.01,0.3827466
27836.0,0.3513252
27838.01,0.3247378
27840.01,0.2981506
27842.0,0.2941222
27844.01,0.2514214
27846.0,0.2345021
27848.0,0.2167772
27850.0,0.199002
27852.01,0.1844998
27854.0,0.17080332
27856.0,0.15630116
27858.01,0.1450217
27860.0,0.13615924
27862.01,0.12165708
27864.01,0.1152117
27866.0,0.10634928
27868.0,0.07331654
27870.01,0.09023572
27872.0,0.084596
27874.0,0.07815058
27876.01,0.07251084
27878.0,0.06606544
27880.01,0.0636484
27882.01,0.05881435
27884.0,0.0612314
27886.0,0.04995193
27888.0,0.06525976
27890.0,0.03706112
27892.0,0.04028382
27894.01,0.04672923
27896.0,0.03706112
27898.01,0.03303272
27900.01,0.03222704
27902.01,0.02739299
27904.0,0.04270084
27906.0,0.0604257
27908.0,0.331989
27910.0,0.576159
27912.01,0.7993818
27914.0,1.0056856
27916.01,1.191041
27918.01,1.366729
27920.0,1.5230804
27922.0,1.6697636
27924.0,1.793032
27926.01,1.9244076
27928.0,2.038008
27930.01,2.1452132
27932.01,2.235449
27934.0,2.321707
27936.01,2.40308
27938.0,2.472369
27940.0,2.541706
27942.0,2.603744
27944.01,2.660141
27946.0,2.704503
27948.01,2.756067
27950.01,2.802797
27952.0,2.841469
27954.01,2.879336
27956.01,2.90839
27958.0,2.947063
27960.0,2.976067
27962.01,3.00346
27964.0,3.028436
27966.0,3.054218
27968.01,3.071943
27970.0,3.089668
27972.01,3.113888
27974.01,3.121945
27976.0,3.138058
27978.0,3.154977
27980.0,3.158201
27982.0,3.174314
27984.0,3.183175
27986.01,3.188815
27988.0,3.208958
27990.01,3.21057
27992.01,3.217821
27994.01,3.226683
27996.0,3.23474
27998.0,3.237156
28000.0,3.24199
28002.0,3.243602
28004.01,3.254076
28006.0,3.258911
28008.01,3.262133
28010.01,3.266161
28012.0,3.27019
28014.0,3.272606
28016.0,3.274218
28018.01,3.276635
28020.0,3.272606
28022.01,3.280663
28024.0,3.284691
28026.01,3.283885
28028.01,3.287914
28030.0,3.09858
28032.0,2.844692
28034.0,2.611801
28036.01,2.39583
28038.0,2.200805
28040.01,2.021895
28042.01,1.8550692
28044.0,1.708436
28046.01,1.5673924
28048.0,1.431989
28050.0,1.324834
28052.0,1.2160176
28054.01,1.0983884
28056.0,1.0306612
28058.0,0.9428424
28060.01,0.8703314
28062.0,0.8001876
28064.01,0.7373448
28066.01,0.6761132
28068.0,0.622133
28070.0,0.5713252
28072.01,0.5286244
28074.0,0.484312
28076.0,0.4472509
28078.01,0.4101395
28080.0,0.3787182
28082.01,0.3489082
28084.01,0.3231265
28086.0,0.2925108
28088.0,0.2731746
28090.0,0.2514214
28092.0,0.22
28094.0,0.2127489
28096.01,0.19739064
28098.0,0.1812771
28100.01,0.1683863
28102.01,0.15307848
28104.01,0.14341032
28106.0,0.1313252
28108.0,0.1224628
28110.0,0.11360036
28112.0,0.10715492
28114.01,0.09668114
28116.0,0.09023572
28118.01,0.0886244
28120.01,0.07815058
28122.0,0.07170516
28124.0,0.06687112
28126.0,0.06284276
28128.01,0.0604257
28130.0,0.05317464
28132.01,0.04834056
28134.01,0.04672923
28136.0,0.04270084
28138.01,0.04028382
28140.0,0.04028382
28142.0,0.03544975
28144.0,0.03464409
28146.01,0.03303272
28148.0,0.02981002
28150.01,0.02819868
28152.01,0.1111833
28154.0,0.3601876
28156.01,0.6083864
28158.01,0.8219408
28160.0,1.0331284
28162.0,1.216823
28164.01,1.3868708
28166.0,1.543222
28168.0,1.68346
28170.01,1.8163976
28172.0,1.9372984
28174.01,2.050093
28176.01,2.15327
28178.0,2.242701
28180.0,2.332986
28182.0,2.410331
28184.0,2.482892
28186.0,2.549763
28188.01,2.608578
28190.0,2.662558
28192.01,2.716588
28194.01,2.764123
28196.01,2.808436
28198.0,2.847915
28200.0,2.884976
28202.0,2.918058
28204.0,2.948675
28206.01,2.976873
28208.0,3.005072
28210.01,3.029242
28212.01,3.050995
28214.0,3.071943
28216.0,3.088862
28218.0,3.10986
28220.01,3.121945
28222.0,3.136446
28224.01,3.150949
28226.0,3.163034
28228.01,3.171896
28230.01,3.184787
28232.0,3.194456
28234.0,3.204124
28236.0,3.211375
28238.01,3.219431
28240.0,3.2299052
28242.01,3.233128
28244.01,3.237156
28246.0,3.244408
28248.01,3.245214
28250.01,3.254076
28252.0,3.257299
28254.0,3.262133
28256.01,3.266161
28258.0,3.27019
28260.0,3.272606
28262.01,3.273412
28264.0,3.276635
28266.01,3.27744
28268.01,3.280663
28270.0,3.28308
28272.0,3.284691
28274.01,3.287914
28276.0,3.06872
28278.0,2.814882
28280.01,2.582796
28282.0,2.372465
28284.01,2.176635
28286.01,2.000947
28288.0,1.836539
28290.0,1.6899052
28292.0,1.5512792
28294.0,1.436017
28296.0,1.3095256
28298.01,1.2047376
28300.0,1.1064456
28302.01,1.0177704
28304.01,0.9380084
28306.0,0.859858
28308.0,0.796159
28310.0,0.7252596
28312.01,0.6583886
28314.0,0.6180542
28316.01,0.5681024
28318.0,0.5254014
28320.01,0.4835064
28322.01,0.4432226
28324.0,0.4069169
28326.0,0.3746899
28328.0,0.3456854
28330.01,0.3207094
28332.0,0.2917052
28334.01,0.269952
28336.01,0.24980992
28338.0,0.2304737
28340.01,0.2127489
28342.0,0.196585
28344.0,0.1836942
28346.0,0.16677496
28348.01,0.14985576
28350.0,0.1409933
28352.01,0.1321309
28354.01,0.12326848
28356.0,0.1152117
28358.01,0.1039322
28360.01,0.09345846
28362.0,0.0878187
28364.0,0.08298464
28366.01,0.07815058
28368.0,0.07009382
28370.0,0.06203707
28372.01,0.0604257
28374.0,0.0604257
28376.01,0.0539803
28378.01,0.04914626
28380.0,0.04511786
28382.0,0.04270084
28384.0,0.0507576
28386.0,0.03544975
28388.0,0.03544975
28390.01,0.03625542
28392.0,0.03222704
28394.01,0.02819868
28396.01,0.02658732
28398.01,0.1289082
28400.0,0.3891919
28402.0,0.6132204
28404.0,0.846161
28406.0,1.0524648
28408.01,1.2305196
28410.0,1.40379
28412.01,1.560947
28414.01,1.7019912
28416.0,1.8284824
28418.0,1.9501892
28420.0,2.060567
28422.01,2.150853
28424.0,2.255591
28426.01,2.338626
28428.01,2.417583
28430.0,2.486115
28432.01,2.55782
28434.0,2.615023
28436.0,2.672226
28438.0,2.723033
28440.01,2.769763
28442.0,2.810853
28444.01,2.849526
28446.01,2.88417
28448.0,2.92128
28450.01,2.952703
28452.01,2.980901
28454.0,3.005877
28456.0,3.031659
28458.01,3.052607
28460.0,3.067914
28462.0,3.091278
28464.01,3.111471
28466.0,3.126778
28468.01,3.138863
28470.01,3.153366
28472.0,3.165451
28474.0,3.174314
28476.01,3.189621
28478.0,3.195261
28480.0,3.20493
28482.01,3.212986
28484.0,3.220237
28486.01,3.228294
28488.01,3.2299052
28490.01,3.237156
28492.0,3.245214
28494.0,3.248436
28496.0,3.252465
28498.0,3.258105
28500.01,3.261327
28502.0,3.261327
28504.01,3.267772
28506.01,3.265355
28508.0,3.275829
28510.0,3.279052
28512.0,3.284691
28514.01,3.28308
28516.0,3.282275
28518.01,3.286303
28520.0,3.287109
28522.01,3.034881
28524.01,2.782655
28526.0,2.556209
28528.0,2.3490992
28530.0,2.154881
28532.01,1.9775824
28534.0,1.817203
28536.01,1.6697636
28538.01,1.532749
28540.0,1.411847
28542.01,1.2974408
28544.01,1.1974868
28546.0,1.095166
28548.0,0.9968226
28550.01,0.9283404
28552.0,0.8518012
28554.0,0.786491
28556.01,0.7204256
28558.0,0.6616112
28560.01,0.6099976
28562.01,0.5608514
28564.0,0.5165392
28566.0,0.4738381
28568.01,0.4206635
28570.0,0.4020827
28572.0,0.3706614
28574.01,0.33924
28576.0,0.3134584
28578.01,0.2925108
28580.01,0.2659236
28582.0,0.2465873
28584.0,0.22805676
28586.0,0.20872048
28588.0,0.1949736
28590.0,0.17966576
28592.01,0.1853055
28594.0,0.15227284
28596.01,0.14018764
28598.01,0.12971384
28600.01,0.12004576
28602.0,0.10957196
28604.0,0.1023209
28606.01,0.09587548
28608.0,0.0878187
28610.01,0.0813733
28612.0,0.09023572
28614.01,0.06848246
28616.01,0.06606544
28618.0,0.0604257
28620.0,0.05720302
28622.0,0.05478598
28624.01,0.04995193
28626.0,0.04914626
28628.01,0.03947813
28630.01,0.024975968
28632.0,0.03947813
28634.01,0.03383841
28636.0,0.0306157
28638.0,0.03303272
28640.0,0.02175326
28642.01,0.02739299
28644.0,0.1611353
28646.01,0.4222749
28648.01,0.6559716
28650.0,0.8743604
28652.01,1.0726068
28654.01,1.244266
28656.0,1.4247376
28658.0,1.5778664
28660.01,1.71891
28662.0,1.847818
28664.0,1.9638864
28666.01,2.075119
28668.0,2.174219
28670.01,2.266871
28672.01,2.3490992
28674.0,2.419195
28676.0,2.496589
28678.0,2.562654
28680.0,2.621469
28682.0,2.678672
28684.01,2.728674
28686.0,2.774598
28688.01,2.818104
28690.01,2.856777
28692.01,2.89711
28694.0,2.924504
28696.0,2.956731
28698.0,2.98493
28700.0,3.011517
28702.01,3.034075
28704.0,3.055829
28706.01,3.075165
28708.01,3.09289
28710.0,3.110665
28712.0,3.126778
28714.0,3.1412816
28716.01,3.154172
28718.0,3.166257
28720.01,3.187204
28722.0,3.185593
28724.01,3.196067
28726.01,3.220237
28728.0,3.214598
28730.0,3.222655
28732.0,3.2291
28734.01,3.233934
28736.0,3.237962
28738.01,3.241185
28740.01,3.250048
28742.0,3.256493
28744.01,3.258911
28746.01,3.27019
28748.0,3.265355
28750.0,3.2709952
28752.01,3.27019
28754.0,3.275024
28756.0,3.279857
28758.01,3.279052
28760.0,3.282275
28762.01,3.279052
28764.01,3.289525
28766.0,3.274218
28768.0,2.998626
28770.01,2.752844
28772.0,2.528817
28774.0,2.323319
28776.01,2.131517
28778.0,1.9606636
28780.01,1.8018952
28782.01,1.6552616
28784.0,1.518247
28786.0,1.401373
28788.0,1.283744
28790.0,1.1789556
28792.0,1.080664
28794.01,1.0008512
28796.0,0.9154496
28798.01,0.8437442
28800.01,0.776823
28802.0,0.7123688
28804.0,0.6559716
28806.0,0.604358
28808.01,0.556823
28810.0,0.5076766
28812.01,0.4714212
28814.0,0.4319431
28816.01,0.4044998
28818.01,0.3674387
28820.0,0.33924
28822.0,0.3134584
28824.0,0.2860654
28826.01,0.269952
28828.0,0.24336452
28830.01,0.2256398
28832.01,0.2071091
28834.0,0.1925566
28836.01,0.1772488
28838.0,0.164358
28840.0,0.15146716
28842.0,0.141799
28844.01,0.1289082
28846.0,0.11682304
28848.01,0.1111833
28850.01,0.1015152
28852.0,0.09345846
28854.01,0.0878187
28856.01,0.084596
28858.0,0.07412224
28860.0,0.0708995
28862.01,0.04995193
28864.0,0.06203707
28866.0,0.05559165
28868.01,0.04189516
28870.0,0.04672923
28872.01,0.04511786
28874.01,0.04350652
28876.0,0.03786679
28878.0,0.03383841
28880.0,0.03625542
28882.0,0.02819868
28884.0,0.03383841
28886.01,0.029004348
28888.0,0.02739299
28890.01,0.19416792
28892.01,0.4512796
28894.01,0.6849756
28896.0,0.8993364
28898.0,1.0959712
28900.0,1.2781044
28902.0,1.434406
28904.01,1.5947852
28906.0,1.7374404
28908.01,1.859148
28910.01,1.981611
28912.0,2.090427
28914.0,2.187108
28916.0,2.275783
28918.01,2.362796
28920.0,2.436114
28922.01,2.507062
28924.01,2.5691
28926.0,2.6295268
28928.01,2.683556
28930.0,2.735925
28932.0,2.781043
28934.0,2.822938
28936.01,2.862417
28938.0,2.8955
28940.01,2.926114
28942.01,2.959954
28944.0,2.982512
28946.01,3.013934
28948.01,3.03327
28950.0,3.059052
28952.0,3.078388
28954.01,3.095357
28956.0,3.10986
28958.0,3.12839
28960.01,3.142892
28962.0,3.158201
28964.01,3.1710908
28966.01,3.179953
28968.0,3.193651
28970.0,3.200901
28972.01,3.207346
28974.0,3.213792
28976.0,3.22346
28978.01,3.2299052
28980.0,3.235545
28982.01,3.260521
28984.01,3.24602
28986.01,3.246826
28988.0,3.254076
28990.0,3.258911
28992.0,3.262939
28994.0,3.267772
28996.01,3.2709952
28998.0,3.273412
29000.01,3.274218
29002.01,3.284691
29004.0,3.280663
29006.0,3.281469
29008.0,3.283885
29010.01,3.287914
29012.0,3.241185
29014.01,2.971233
29016.0,2.727063
29018.01,2.504646
29020.01,2.299953
29022.0,2.112987
29024.0,1.9389096
29026.0,1.7793356
29028.01,1.636681
29030.0,1.5061616
29032.01,1.3844536
29034.01,1.272465
29036.0,1.168482
29038.01,1.0701896
29040.01,0.9863492
29042.0,0.9065874
29044.0,0.836493
29046.01,0.771183
29048.0,0.7155916
29050.01,0.651943
29052.01,0.598718
29054.0,0.551989
29056.01,0.5076766
29058.01,0.4665872
29060.0,0.4319431
29062.0,0.396443
29064.01,0.3658272
29066.0,0.3368229
29068.0,0.3102357
29070.01,0.284454
29072.0,0.2627007
29074.01,0.24255884
29076.01,0.22322264
29078.0,0.2030304
29080.0,0.1901396
29082.0,0.1756374
29084.0,0.1619409
29086.0,0.14985576
29088.01,0.14018764
29090.0,0.1289082
29092.01,0.10715492
29094.01,0.1111833
29096.01,0.1015152
29098.0,0.0950698
29100.0,0.08701304
29102.01,0.0837903
29104.0,0.07492788
29106.01,0.06928818
29108.0,0.06525976
29110.01,0.05881435
29112.01,0.05639736
29114.0,0.05156327
29116.0,0.03625542
29118.0,0.0475349
29120.01,0.04270084
29122.0,0.04028382
29124.01,0.03625542
29126.01,0.03706112
29128.0,0.03222704
29130.01,0.0306157
29132.0,0.02417028
29134.0,0.02981002
29136.0,0.2272511
29138.01,0.4810894
29140.0,0.7075348
29142.01,0.9210892
29144.01,1.1185304
29146.0,1.299858
29148.01,1.461043
29150.01,1.611705
29152.0,1.7519432
29154.0,1.871233
29156.01,1.9888616
29158.0,2.100901
29160.0,2.198388
29162.01,2.287063
29164.0,2.377299
29166.01,2.44417
29168.01,2.511091
29170.0,2.577962
29172.0,2.637583
29174.01,2.690002
29176.0,2.739953
29178.0,2.782655
29180.01,2.8277724
29182.0,2.870473
29184.01,2.9019448
29186.01,2.934172
29188.01,2.964788
29190.0,2.993792
29192.0,3.017962
29194.0,3.042133
29196.0,3.062274
29198.01,3.082416
29200.0,3.09858
29202.01,3.115499
29204.01,3.130806
29206.0,3.146116
29208.0,3.1590052
29210.0,3.16948
29212.01,3.179953
29214.0,3.191233
29216.01,3.198485
29218.01,3.207346
29220.01,3.217015
29222.01,3.22346
29224.0,3.228294
29226.0,3.238768
29228.0,3.241185
29230.01,3.246826
29232.0,3.250854
29234.01,3.256493
29236.01,3.257299
29238.0,3.263744
29240.01,3.266967
29242.01,3.269384
29244.0,3.273412
29246.0,3.273412
29248.01,3.278246
29250.0,3.280663
29252.0,3.282275
29254.01,3.285497
29256.0,3.28308
29258.01,3.208958
29260.01,2.940618
29262.0,2.69403
29264.0,2.473979
29266.01,2.2725608
29268.0,2.088816
29270.0,1.9179628
29272.01,1.7632224
29274.0,1.6197616
29276.01,1.484408
29278.01,1.366729
29280.01,1.256351
29282.0,1.155591
29284.0,1.061327
29286.0,0.975875
29288.0,0.900142
29290.01,0.8260194
29292.0,0.7615152
29294.01,0.7139804
29296.01,0.6438864
29298.01,0.5914672
29300.0,0.5439324
29302.0,0.5012316
29304.01,0.4617532
29306.0,0.4214692
29308.01,0.3924147
29310.0,0.3601876
29312.01,0.331989
29314.01,0.3062074
29316.0,0.2820371
29318.0,0.259478
29320.0,0.2409475
29322.01,0.21758284
29324.0,0.2054474
29326.01,0.1909453
29328.01,0.17080332
29330.0,0.15952384
29332.01,0.1458274
29334.0,0.13696492
29336.0,0.1272968
29338.0,0.12568552
29340.01,0.1079606
29342.0,0.07251084
29344.01,0.0942641
29346.01,0.08540166
29348.0,0.08056764
29350.01,0.07251084
29352.01,0.06606544
29354.0,0.0636484
29356.0,0.06203707
29358.01,0.05478598
29360.0,0.05156327
29362.0,0.03142138
29364.01,0.04511786
29366.0,0.04189516
29368.01,0.03544975
29370.01,0.03625542
29372.0,0.03464409
29374.0,0.025781632
29376.0,0.02981002
29378.0,0.012890816
29380.0,0.02819868
29382.01,0.257061
29384.0,0.5084826
29386.01,0.7373448
29388.01,0.9541222
29390.01,1.141895
29392.0,1.319194
29394.0,1.4803796
29396.01,1.628624
29398.0,1.7656396
29400.01,1.8873464
29402.0,2.005782
29404.01,2.108153
29406.01,2.210473
29408.0,2.307205
29410.0,2.380521
29412.0,2.452227
29414.01,2.524788
29416.0,2.583602
29418.01,2.643222
29420.01,2.699669
29422.01,2.745593
29424.01,2.791518
29426.0,2.832607
29428.0,2.867251
29430.0,2.910001
29432.01,2.935784
29434.0,2.967204
29436.01,2.994598
29438.01,3.019574
29440.0,3.055024
29442.01,3.062274
29444.01,3.079193
29446.0,3.099386
29448.0,3.116305
29450.01,3.132418
29452.0,3.146921
29454.0,3.156589
29456.01,3.170286
29458.0,3.1767308
29460.01,3.190427
29462.01,3.200901
29464.0,3.209764
29466.0,3.212986
29468.01,3.22346
29470.0,3.2299052
29472.0,3.23474
29474.01,3.241185
29476.0,3.24602
29478.01,3.250854
29480.01,3.258105
29482.01,3.259715
29484.0,3.263744
29486.0,3.266161
29488.0,3.266967
29490.0,3.272606
29492.01,3.272606
29494.0,3.278246
29496.01,3.279857
29498.01,3.28308
29500.0,3.279052
29502.0,3.284691
29504.0,3.1710908
29506.01,2.90839
29508.0,2.66981
29510.01,2.451421
29512.0,2.252368
29514.01,2.081565
29516.01,1.8994316
29518.0,1.7608052
29520.0,1.6036484
29522.0,1.4731284
29524.01,1.3546436
29526.0,1.241849
29528.01,1.1402832
29530.01,1.0476304
29532.0,0.9678184
29534.01,0.887251
29536.01,0.8171068
29538.0,0.7534584
29540.0,0.6906156
29542.01,0.6334124
29544.0,0.5898556
29546.01,0.5407096
29548.01,0.4963972
29550.0,0.4577248
29552.01,0.4222749
29554.01,0.3875806
29556.0,0.3529366
29558.0,0.331989
29560.01,0.3029846
29562.0,0.269952
29564.0,0.2562554
29566.01,0.2296681
29568.0,0.22080568
29570.01,0.2046418
29572.01,0.1820828
29574.0,0.1724147
29576.0,0.1619409
29578.0,0.14663308
29580.0,0.139382
29582.0,0.12407414
29584.01,0.11037764
29586.0,0.10634928
29588.01,0.1007095
29590.01,0.0918471
29592.01,0.05881435
29594.0,0.08056764
29596.0,0.07331654
29598.01,0.06848246
29600.0,0.0636484
29602.01,0.0604257
29604.0,0.0539803
29606.01,0.04270084
29608.01,0.04672923
29610.0,0.04511786
29612.0,0.03706112
29614.0,0.03142138
29616.01,0.03706112
29618.0,0.03303272
29620.01,0.03222704
29622.01,0.01208514
29624.0,0.02094758
29626.01,0.029004348
29628.0,0.2900938
29630.0,0.5431264
29632.0,0.763932
29634.01,0.9742638
29636.0,1.1660652
29638.01,1.336919
29640.01,1.499716
29642.0,1.6504276
29644.01,1.783364
29646.01,1.906683
29648.0,2.018672
29650.0,2.125878
29652.01,2.220948
29654.0,2.309621
29656.0,2.387773
29658.01,2.461894
29660.0,2.530427
29662.01,2.594881
29664.01,2.655307
29666.0,2.703698
29668.0,2.749622
29670.01,2.797157
29672.0,2.838247
29674.0,2.860805
29676.01,2.910001
29678.0,2.94384
29680.01,2.972039
29682.01,2.998626
29684.01,3.023602
29686.0,3.045356
29688.0,3.065498
29690.0,3.091278
29692.0,3.103414
29694.01,3.119527
29696.0,3.1356408
29698.01,3.147726
29700.01,3.1590052
29702.0,3.170286
29704.0,3.181565
29706.0,3.192039
29708.01,3.200901
29710.0,3.209764
29712.01,3.217821
29714.01,3.225877
29716.01,3.2291
29718.01,3.232322
29720.0,3.240379
29722.0,3.246826
29724.0,3.2532708
29726.01,3.257299
29728.0,3.261327
29730.01,3.262939
29732.01,3.266161
29734.0,3.27019
29736.01,3.275024
29738.01,3.276635
29740.0,3.279857
29742.0,3.283885
29744.01,3.284691
29746.0,3.284691
29748.0,3.287914
29750.01,3.13967
29752.0,2.882558
29754.01,2.643222
29756.01,2.423223
29758.0,2.22981
29760.0,2.044454
29762.01,1.8841236
29764.0,1.7269664
29766.0,1.5867288
29768.01,1.458626
29770.0,1.3409472
29772.01,1.2305196
29774.01,1.1314212
29776.01,1.0371568
29778.0,0.9573448
29780.0,0.88
29782.0,0.7993818
29784.0,0.747013
29786.01,0.6833644
29788.0,0.63019
29790.01,0.5801876
29792.01,0.531847
29794.01,0.4899519
29796.0,0.4545022
29798.0,0.4182466
29800.01,0.3843578
29802.0,0.3561592
29804.01,0.3231265
29806.0,0.2973448
29808.01,0.2755915
29810.01,0.2546441
29812.0,0.2336964
29814.0,0.2135545
29816.0,0.1998077
29818.01,0.1853055
29820.0,0.16999768
29822.01,0.16516368
29824.01,0.1458274
29826.0,0.13535364
29828.01,0.1224628
29830.01,0.1152117
29832.0,0.10715492
29834.0,0.0982925
29836.01,0.0910414
29838.0,0.08540166
29840.01,0.0773449
29842.01,0.07170516
29844.0,0.04995193
29846.01,0.06284276
29848.01,0.05800869
29850.0,0.0539803
29852.0,0.04995193
29854.01,0.05236894
29856.0,0.04270084
29858.0,0.04189516
29860.01,0.03464409
29862.0,0.03786679
29864.01,0.01933623
29866.01,0.03222704
29868.0,0.02981002
29870.0,0.02175326
29872.0,0.05317464
29874.0,0.3207094
29876.0,0.5656854
29878.01,0.796159
29880.0,1.0008512
29882.01,1.1878188
29884.01,1.361089
29886.01,1.527109
29888.0,1.6673468
29890.0,1.80109
29892.01,1.9252136
29894.0,2.031563
29896.01,2.136351
29898.0,2.230616
29900.01,2.318485
29902.01,2.4079148
29904.0,2.470757
29906.0,2.543318
29908.0,2.600521
29910.01,2.656113
29912.0,2.702892
29914.01,2.755261
29916.01,2.801185
29918.01,2.839858
29920.01,2.87853
29922.0,2.9140292
29924.0,2.94384
29926.0,2.968816
29928.01,3.001044
29930.0,3.02763
29932.01,3.046967
29934.01,3.066303
29936.0,3.08725
29938.01,3.103414
29940.01,3.119527
29942.0,3.132418
29944.0,3.148532
29946.01,3.161423
29948.0,3.172702
29950.0,3.184787
29952.01,3.196067
29954.0,3.204124
29956.01,3.211375
29958.01,3.219431
29960.0,3.224265
29962.0,3.233128
29964.01,3.237962
29966.0,3.240379
29968.0,3.252465
29970.01,3.250854
29972.0,3.257299
29974.01,3.260521
29976.01,3.265355
29978.01,3.269384
29980.0,3.27019
29982.0,3.274218
29984.0,3.276635
29986.0,3.279857
29988.01,3.280663
29990.0,3.28308
29992.01,3.285497
29994.01,3.287109
29996.0,3.115499
29998.0,2.853554
30000.0,2.6182452
30002.01,2.401469
30004.0,2.206445
30006.01,2.028341
30008.01,1.8655936
30010.01,1.710048
30012.01,1.5673924
30014.0,1.443268
30016.0,1.321611
30018.0,1.2184344
30020.01,1.1209476
30022.0,1.031517
30024.01,0.948482
30026.01,0.8679146
30028.0,0.8034102
30030.01,0.7397616
30032.01,0.6777246
30034.0,0.62455
30036.0,0.5705194
30038.01,0.52943
30040.0,0.4883406
30042.01,0.4480566
30044.01,0.4126069
30046.0,0.3795239
30048.01,0.3505195
30050.01,0.3271548
30052.0,0.2989562
30054.0,0.2731746
30056.01,0.2530327
30058.0,0.23289076
30060.0,0.2288624
30062.01,0.19739064
30064.0,0.1949736
30066.01,0.1675806
30068.01,0.1554955
30070.01,0.1458274
30072.0,0.1345479
30074.0,0.12004576
30076.0,0.11601738
30078.0,0.10634928
30080.01,0.0974868
30082.0,0.0910414
30084.01,0.08298464
30086.01,0.07815058
30088.01,0.07331654
30090.0,0.06848246
30092.0,0.05478598
30094.01,0.05559165
30096.0,0.05236894
30098.01,0.0507576
30100.0,0.04592355
30102.01,0.04350652
30104.01,0.04270084
30106.0,0.04028382
30108.0,0.03625542
30110.0,0.029004348
30112.01,0.03142138
30114.0,0.029004348
30116.01,0.02739299
30118.01,0.09265276
30120.01,0.3545479
30122.01,0.6075808
30124.0,0.8219408
30126.0,1.021799
30128.0,1.2047376
30130.01,1.3772028
30132.0,1.520664
30134.01,1.6890996
30136.01,1.8155916
30138.0,1.9324644
30140.01,2.047676
30142.01,2.150048
30144.0,2.243506
30146.0,2.327347
30148.01,2.405497
30150.0,2.480476
30152.0,2.551375
30154.01,2.6061608
30156.0,2.664976
30158.01,2.701281
30160.01,2.763317
30162.0,2.806019
30164.0,2.846303
30166.01,2.8809468
30168.0,2.918058
30170.0,2.946257
30172.01,2.976873
30174.0,3.002654
30176.01,3.02763
30178.01,3.050995
30180.01,3.070331
30182.0,3.091278
30184.0,3.108248
30186.0,3.124361
30188.0,3.138863
30190.01,3.152561
30192.0,3.162229
30194.01,3.173508
30196.01,3.178342
30198.0,3.194456
30200.0,3.203318
30202.0,3.211375
30204.01,3.220237
30206.0,3.226683
30208.01,3.233128
30210.01,3.23635
30212.01,3.24602
30214.01,3.248436
30216.0,3.2532708
30218.0,3.256493
30220.0,3.262133
30222.01,3.265355
30224.0,3.275024
30226.01,3.266967
30228.01,3.275024
30230.0,3.272606
30232.01,3.280663
30234.01,3.285497
30236.0,3.28308
30238.0,3.285497
30240.01,3.280663
30242.0,3.078388
30244.01,2.818104
30246.01,2.586825
30248.0,2.374882
30250.01,2.18308
30252.01,2.003364
30254.0,1.8421784
30256.0,1.714076
30258.01,1.5545016
30260.0,1.4327944
30262.0,1.3071084
30264.01,1.2047376
30266.0,1.1080568
30268.01,1.0201876
30270.01,0.938814
30272.01,0.8630806
30274.0,0.7929364
30276.0,0.7276764
30278.0,0.669668
30280.0,0.6189104
30282.01,0.5536004
30284.0,0.5229844
30286.01,0.481895
30288.01,0.442417
30290.01,0.4101395
30292.0,0.3819409
30294.0,0.3408514
30296.01,0.3199038
30298.0,0.284454
30300.01,0.2707576
30302.0,0.24980992
30304.01,0.2296681
30306.01,0.21194324
30308.0,0.1836942
30310.0,0.18047144
30312.0,0.16355224
30314.01,0.15066144
30316.0,0.14018764
30318.01,0.13051952
30320.01,0.1224628
30322.0,0.11843436
30324.01,0.1047379
30326.01,0.09587548
30328.0,0.0918471
30330.0,0.0837903
30332.01,0.0773449
30334.0,0.0708995
30336.01,0.06687112
30338.01,0.0604257
30340.0,0.05720302
30342.01,0.03947813
30344.01,0.04834056
30346.0,0.04592355
30348.0,0.04350652
30350.01,0.03786679
30352.0,0.03625542
30354.0,0.03544975
30356.01,0.03464409
30358.0,0.0306157
30360.01,0.029004348
30362.01,0.03222704
30364.0,0.1224628
30366.0,0.3803295
30368.01,0.6229388
30370.0,0.8453554
30372.0,1.046825
30374.01,1.2321308
30376.0,1.4045956
30378.01,1.556113
30380.01,1.699574
30382.01,1.8276764
30384.0,1.947772
30386.0,2.058151
30388.01,2.163744
30390.0,2.254786
30392.01,2.33782
30394.0,2.413554
30396.01,2.488532
30398.01,2.553791
30400.0,2.615829
30402.0,2.673838
30404.0,2.719005
30406.01,2.772986
30408.0,2.811659
30410.01,2.851943
30412.01,2.893082
30414.01,2.909195
30416.01,2.954314
30418.0,2.981706
30420.0,3.008294
30422.0,3.031659
30424.01,3.055024
30426.0,3.073554
30428.01,3.092084
30430.01,3.109054
30432.0,3.125973
30434.01,3.142892
30436.01,3.148532
30438.0,3.16384
30440.0,3.173508
30442.01,3.185593
30444.0,3.196067
30446.0,3.204124
30448.01,3.2121808
30450.0,3.220237
30452.01,3.227488
30454.01,3.230711
30456.0,3.231516
30458.0,3.244408
30460.01,3.250048
30462.0,3.256493
30464.0,3.259715
30466.01,3.262939
30468.0,3.266967
30470.01,3.27019
30472.01,3.272606
30474.01,3.272606
30476.0,3.27744
30478.0,3.278246
30480.0,3.282275
30482.0,3.289525
30484.01,3.284691
30486.0,3.287109
30488.01,3.039716
30490.01,2.7891
30492.01,2.5691
30494.0,2.347489
30496.0,2.156493
30498.01,1.981611
30500.0,1.8204256
30502.01,1.6745976
30504.01,1.539194
30506.01,1.419098
30508.01,1.2982468
30510.0,1.1950696
30512.0,1.0983884
30514.0,1.0403796
30516.01,0.9283404
30518.0,0.8534124
30520.01,0.786491
30522.01,0.7228426
30524.0,0.6640282
30526.01,0.6075808
30528.01,0.5624626
30530.0,0.5173448
30532.0,0.4778667
30534.01,0.437583
30536.0,0.4036941
30538.01,0.3722726
30540.01,0.3432684
30542.0,0.3166811
30544.01,0.2667292
30546.01,0.2627007
30548.0,0.2465873
30550.0,0.22805676
30552.01,0.21113744
30554.0,0.2038361
30556.0,0.17080332
30558.01,0.16677496
30560.0,0.15388416
30562.01,0.1409933
30564.01,0.13051952
30566.01,0.12326848
30568.0,0.11037764
30570.0,0.10312654
30572.0,0.0974868
30574.0,0.0910414
30576.01,0.07331654
30578.0,0.07653924
30580.01,0.07009382
30582.01,0.06687112
30584.01,0.0612314
30586.0,0.05720302
30588.0,0.05317464
30590.01,0.04914626
30592.0,0.0636484
30594.01,0.04350652
30596.0,0.0443122
30598.01,0.03706112
30600.01,0.03625542
30602.0,0.03706112
30604.0,0.03142138
30606.0,0.02658732
30608.01,0.02739299
30610.0,0.1554955
30612.01,0.4126069
30614.01,0.6543602
30616.01,0.8719428
30618.01,1.0661612
30620.01,1.253934
30622.0,1.4207092
30624.0,1.5690036
30626.01,1.7148816
30628.0,1.8437896
30630.01,1.962275
30632.01,2.072703
30634.0,2.176635
30636.01,2.263648
30638.01,2.349905
30640.0,2.416776
30642.0,2.497394
30644.01,2.56346
30646.0,2.623886
30648.0,2.677866
30650.01,2.727063
30652.0,2.774598
30654.01,2.823744
30656.01,2.857582
30658.0,2.896305
30660.0,2.925309
30662.01,2.955925
30664.0,2.9962092
30666.0,3.007489
30668.01,3.029242
30670.0,3.055024
30672.01,3.075165
30674.01,3.09858
30676.01,3.111471
30678.0,3.12839
30680.0,3.1412816
30682.01,3.153366
30684.0,3.165451
30686.01,3.1767308
30688.0,3.18801
30690.01,3.19929
30692.01,3.205736
30694.0,3.213792
30696.0,3.221043
30698.0,3.226683
30700.01,3.233128
30702.0,3.240379
30704.01,3.244408
30706.01,3.250048
30708.01,3.254076
30710.01,3.257299
30712.0,3.261327
30714.0,3.265355
30716.0,3.268578
30718.01,3.2718
30720.0,3.275024
30722.01,3.279857
30724.01,3.279857
30726.0,3.279857
30728.01,3.283885
30730.01,3.287109
30732.0,3.28872
30734.0,3.012323
30736.01,2.762513
30738.0,2.5352616
30740.01,2.328152
30742.01,2.138768
30744.0,1.9735544
30746.01,1.8051184
30748.01,1.658484
30750.0,1.5238864
30752.0,1.401373
30754.01,1.29019
30756.0,1.1821788
30758.0,1.084692
30760.01,1.0016568
30762.0,0.9186724
30764.01,0.8324648
30766.01,0.7784342
30768.01,0.7155916
30770.0,0.6640282
30772.0,0.6059692
30774.0,0.5576288
30776.0,0.5108994
30778.01,0.4746439
30780.0,0.4335544
30782.01,0.3996658
30784.01,0.3690501
30786.01,0.3384343
30788.0,0.3102357
30790.0,0.2884824
30792.01,0.2675348
30794.0,0.2417532
30796.01,0.2264454
30798.0,0.2071091
30800.01,0.1877226
30802.01,0.17886016
30804.0,0.164358
30806.0,0.15066144
30808.0,0.141799
30810.01,0.1289082
30812.0,0.1127947
30814.01,0.11360036
30816.01,0.1039322
30818.0,0.08943008
30820.01,0.0878187
30822.01,0.08540166
30824.0,0.07492788
30826.0,0.07009382
30828.01,0.06606544
30830.0,0.05962004
30832.01,0.0539803
30834.01,0.05236894
30836.0,0.04834056
30838.01,0.04672923
30840.01,0.04350652
30842.0,0.02819868
30844.0,0.03867246
30846.01,0.03706112
30848.0,0.03383841
30850.0,0.03142138
30852.01,0.008862436
30854.0,0.02658732
30856.01,0.1885282
30858.01,0.44
30860.0,0.6801416
30862.0,0.8904734
30864.01,1.091943
30866.0,1.274076
30868.0,1.4392396
30870.01,1.593174
30872.0,1.734218
30874.01,1.8599536
30876.01,1.9775824
30878.01,2.084788
30880.0,2.184692
30882.0,2.27095
30884.01,2.369242
30886.0,2.433696
30888.01,2.506256
30890.0,2.571516
30892.01,2.627915
30894.01,2.68275
30896.0,2.72948
30898.0,2.778627
30900.0,2.821327
30902.01,2.862417
30904.0,2.882558
30906.01,2.930143
30908.01,2.96801
30910.01,2.986541
30912.01,3.012323
30914.0,3.0372992
30916.0,3.058246
30918.0,3.078388
30920.01,3.096969
30922.0,3.110665
30924.01,3.127584
30926.01,3.136446
30928.0,3.154977
30930.01,3.165451
30932.01,3.179147
30934.0,3.18801
30936.0,3.205736
30938.01,3.201707
30940.0,3.215403
30942.0,3.221043
30944.01,3.227488
30946.0,3.2291
30948.01,3.239573
30950.01,3.24602
30952.0,3.2476308
30954.0,3.252465
30956.01,3.254882
30958.0,3.263744
30960.0,3.269384
30962.01,3.2718
30964.0,3.273412
30966.01,3.27744
30968.01,3.279857
30970.01,3.282275
30972.0,3.281469
30974.0,3.283885
30976.0,3.285497
30978.0,3.246826
30980.01,2.975261
30982.0,2.731897
30984.01,2.511091
30986.01,2.29673
30988.01,2.117015
30990.0,1.942938
30992.0,1.7873924
30994.01,1.6399036
30996.0,1.5085784
30998.01,1.391705
31000.01,1.272465
31002.01,1.1725104
31004.01,1.075024
31006.0,0.989572
31008.0,0.904976
31010.0,0.841327
31012.01,0.7655436
31014.0,0.7075348
31016.01,0.6511374
31018.01,0.5963012
31020.0,0.551183
31022.01,0.5076766
31024.01,0.4681985
31026.0,0.4287204
31028.0,0.3972487
31030.01,0.3642159
31032.0,0.3336003
31034.01,0.307013
31036.01,0.2860654
31038.0,0.269952
31040.01,0.2441703
31042.01,0.2240283
31044.0,0.2022247
31046.0,0.19175096
31048.01,0.1748318
31050.0,0.16677496
31052.0,0.1490501
31054.01,0.13696492
31056.0,0.139382
31058.01,0.11843436
31060.01,0.11601738
31062.01,0.1007095
31064.0,0.0950698
31066.01,0.08620734
31068.0,0.07976194
31070.0,0.07653924
31072.01,0.07573358
31074.0,0.06767682
31076.01,0.06203707
31078.01,0.05478598
31080.01,0.06525976
31082.0,0.04834056
31084.0,0.04672923
31086.01,0.04350652
31088.0,0.03947813
31090.01,0.03625542
31092.0,0.0475349
31094.01,0.03464409
31096.01,0.0306157
31098.0,0.02819868
31100.0,0.025781632
31102.0,0.22080568
31104.01,0.4754497
31106.0,0.7059234
31108.01,0.9162554
31110.01,1.114502
31112.01,1.27891
31114.01,1.4562092
31116.01,1.608482
31118.0,1.749526
31120.0,1.8736504
31122.01,1.9896676
31124.0,2.096067
31126.01,2.195165
31128.01,2.28384
31130.0,2.368436
31132.01,2.4433648
31134.01,2.512702
31136.0,2.577157
31138.0,2.638388
31140.01,2.690002
31142.0,2.738343
31144.0,2.785072
31146.01,2.826967
31148.0,2.864833
31150.01,2.900334
31152.01,2.930949
31154.0,2.957536
31156.0,2.985735
31158.01,3.010711
31160.0,3.039716
31162.0,3.060664
31164.01,3.080805
31166.0,3.097775
31168.01,3.113888
31170.01,3.130001
31172.01,3.142892
31174.0,3.1590052
31176.0,3.167868
31178.01,3.181565
31180.0,3.190427
31182.01,3.196873
31184.0,3.206541
31186.01,3.215403
31188.01,3.220237
31190.01,3.2299052
31192.0,3.23635
31194.0,3.241185
31196.01,3.246826
31198.0,3.250048
31200.01,3.2532708
31202.01,3.258911
31204.01,3.26455
31206.01,3.266967
31208.0,3.27019
31210.0,3.2709952
31212.0,3.274218
31214.01,3.274218
31216.0,3.27744
31218.01,3.281469
31220.01,3.284691
31222.0,3.287109
31224.01,3.211375
31226.01,2.947869
31228.0,2.706115
31230.0,2.486115
31232.01,2.283035
31234.0,2.092844
31236.01,1.9236024
31238.01,1.7680568
31240.0,1.6237904
31242.01,1.4956876
31244.01,1.3699516
31246.0,1.2627968
31248.0,1.155591
31250.0,1.0637444
31252.0,0.9807094
31254.01,0.8993364
31256.02,0.8284364
31258.0,0.7582924
31260.01,0.7010894
31262.0,0.6454976
31264.01,0.5930784
31266.01,0.5527948
31268.0,0.5028428
31270.0,0.4690042
31271.992,0.4254978
31274.02,0.3916089
31276.0,0.3601876
31278.01,0.3303776
31280.0,0.3054016
31282.01,0.2651178
31284.01,0.257061
31286.0,0.2393362
31288.0,0.22080568
31289.992,0.2038361
31292.02,0.19175096
31294.01,0.171609
31296.01,0.1611353
31298.0,0.1490501
31300.01,0.13696492
31302.01,0.1272968
31304.0,0.12407414
31306.0,0.1079606
31307.992,0.1007095
31310.02,0.0950698
31312.01,0.08620734
31314.01,0.0837903
31316.0,0.07331654
31318.01,0.06606544
31320.01,0.0644541
31322.0,0.0612314
31324.0,0.05800869
31325.992,0.05156327
31328.02,0.04995193
31330.01,0.04270084
31332.01,0.04028382
31334.0,0.03947813
31336.0,0.03706112
31338.01,0.03383841
31340.0,0.03222704
31342.01,0.03947813
31343.992,0.03142138
31346.02,0.02739299
31348.01,0.2554497
31350.01,0.5060654
31352.0,0.7252596
31354.0,0.946065
31356.01,1.138672
31358.0,1.311943
31360.01,1.4779628
31361.992,1.643932
31364.02,1.7648336
31366.01,1.8897636
31368.01,2.00981
31370.0,2.110569
31372.01,2.206445
31374.02,2.29512
31376.0,2.378105
31378.01,2.452227
31379.992,2.521565
31382.0,2.586019
31384.01,2.639194
31386.01,2.69403
31388.0,2.744788
31390.01,2.789906
31392.02,2.830996
31394.0,2.869667
31396.01,2.905167
31397.992,2.9373948
31400.0,2.965593
31402.01,2.992987
31404.02,3.02199
31406.0,3.039716
31408.01,3.062274
31410.02,3.083222
31412.0,3.100191
31414.01,3.114693
31415.992,3.131612
31418.0,3.146116
31420.01,3.1590052
31422.02,3.16948
31424.0,3.180759
31426.01,3.189621
31427.992,3.200096
31430.0,3.213792
31432.01,3.215403
31434.0,3.222655
31436.0,3.231516
31438.01,3.23635
31440.02,3.24199
31442.0,3.246826
31444.01,3.249242
31445.992,3.2532708
31448.0,3.258911
31450.01,3.26455
31452.0,3.265355
31454.0,3.268578
31456.01,3.272606
31458.02,3.275024
31460.0,3.27744
31462.01,3.280663
31464.0,3.28308
31466.01,3.284691
31468.01,3.290331
31470.0,3.182371
31472.0,2.916447
31473.992,2.676255
31476.02,2.459478
31478.0,2.2572024
31480.01,2.072703
31482.0,1.905878
31484.01,1.7511376
31486.01,1.6076768
31488.0,1.4755456
31490.0,1.357866
31491.992,1.249906
31494.02,1.1467288
31496.01,1.0556876
31498.01,0.968624
31500.0,0.8880566
31502.01,0.8219408
31504.01,0.754264
31506.0,0.6906156
31508.0,0.6382466
31509.992,0.58905
31512.02,0.5390978
31514.01,0.4980085
31516.01,0.4577248
31518.0,0.4222749
31520.0,0.3883863
31522.01,0.356965
31524.0,0.3287663
31526.0,0.302179
31527.992,0.2804257
31530.02,0.2586724
31532.01,0.23772484
31534.01,0.2216113
31536.0,0.2030304
31538.0,0.1772488
31540.01,0.1740261
31542.0,0.16032952
31544.01,0.14985576
31545.992,0.1377706
31548.02,0.12568552
31550.01,0.1289082
31552.01,0.1111833
31554.0,0.1007095
31556.0,0.09023572
31558.01,0.084596
31560.0,0.084596
31562.01,0.07412224
31563.992,0.07251084
31566.02,0.06284276
31568.01,0.05800869
31570.01,0.05639736
31572.0,0.05236894
31574.01,0.04834056
31576.02,0.04672923
31578.0,0.04270084
31580.01,0.03303272
31581.992,0.03706112
31584.0,0.03464409
31586.01,0.03303272
31588.01,0.029004348
31590.0,0.02819868
31592.01,0.024975968
31594.02,0.2828427
31596.0,0.5286244
31598.01,0.7590982
31599.992,0.9694298
31602.0,1.161231
31604.01,1.336113
31606.02,1.4964936
31608.0,1.643126
31610.01,1.7753072
31612.02,1.9034608
31614.0,2.017062
31616.01,2.121849
31618.0,2.220142
31620.0,2.3080092
31622.01,2.394218
31624.02,2.461894
31626.0,2.528817
31628.01,2.593271
31629.992,2.650473
31632.0,2.710948
31634.01,2.750428
31636.0,2.79474
31638.0,2.83583
31640.01,2.873696
31642.02,2.909195
31644.0,2.93659
31646.01,2.970427
31647.992,2.998626
31650.0,3.024408
31652.01,3.047773
31654.0,3.075971
31656.0,3.086444
31658.01,3.101803
31660.02,3.119527
31662.0,3.134835
31664.01,3.147726
31666.0,3.160617
31668.01,3.170286
31670.01,3.185593
31672.0,3.190427
31674.0,3.200096
31675.992,3.208958
31678.02,3.217015
31680.0,3.233128
31682.01,3.23635
31684.0,3.238768
31686.01,3.245214
31688.01,3.248436
31690.0,3.252465
31692.0,3.258105
31693.992,3.260521
31696.02,3.265355
31698.01,3.266967
31700.01,3.272606
31702.0,3.275024
31704.01,3.27744
31706.01,3.27744
31708.0,3.280663
31710.0,3.282275
31711.992,3.283885
31714.02,3.287109
31716.01,3.142087
31718.01,2.884976
31720.0,2.651279
31722.0,2.430474
31724.01,2.228198
31726.0,2.047676
31728.01,1.8849292
31729.992,1.7301896
31732.02,1.589146
31734.01,1.461849
31736.01,1.3304736
31738.0,1.2305196
31740.0,1.1346436
31742.01,1.041185
31744.0,0.9597616
31746.01,0.8808056
31747.992,0.804216
31750.02,0.747013
31752.01,0.6857816
31754.01,0.6309956
31756.0,0.5826044
31758.0,0.536681
31760.01,0.4915632
31762.0,0.4520852
31764.01,0.4158296
31765.992,0.3859692
31768.0,0.3537423
31770.01,0.3263492
31772.01,0.2981506
31774.0,0.2763974
31776.01,0.2538384
31778.02,0.2345021
31780.0,0.2151659
31782.01,0.2006134
31783.992,0.1853055
31786.0,0.171609
31788.01,0.15710684
31790.01,0.1450217
31792.0,0.13374224
31794.01,0.12326848
31796.02,0.11440604
31798.0,0.10554354
31800.01,0.09265276
31801.992,0.0910414
31804.0,0.084596
31806.01,0.07895626
31808.02,0.07412224
31810.0,0.06203707
31812.01,0.05720302
31814.02,0.05559165
31816.0,0.0539803
31818.01,0.05156327
31820.0,0.04834056
31822.0,0.04672923
31824.01,0.0410895
31826.02,0.05317464
31828.0,0.03222704
31830.01,0.03222704
31831.992,0.03303272
31834.0,0.0306157
31836.01,0.02739299
31838.0,0.04592355
31840.0,0.3166811
31842.01,0.5479606
31844.02,0.7897136
31846.0,0.9919888
31848.01,1.1797616
31849.992,1.3554492
31852.01,1.5174404
31854.01,1.6633184
31856.0,1.79706
31858.0,1.919574
31860.01,2.030757
31862.02,2.133934
31864.0,2.229004
31866.01,2.318485
31868.0,2.39583
31870.01,2.469146
31872.01,2.538484
31874.0,2.599716
31876.0,2.656113
31877.992,2.707726
31880.02,2.760901
31882.0,2.800379
31884.01,2.836635
31886.0,2.87853
31888.01,2.913224
31890.01,2.945451
31892.0,2.973649
31894.0,3.004266
31895.992,3.025214
31898.02,3.046967
31900.01,3.070331
31902.01,3.08725
31904.0,3.113082
31906.01,3.119527
31908.01,3.134835
31910.0,3.149338
31912.0,3.158201
31913.992,3.172702
31916.02,3.183175
31918.01,3.193651
31920.01,3.209764
31922.0,3.211375
31924.0,3.217015
31926.01,3.226683
31928.0,3.228294
31930.01,3.244408
31931.992,3.24199
31934.02,3.248436
31936.01,3.263744
31938.01,3.255687
31940.0,3.259715
31942.0,3.262939
31944.01,3.265355
31946.0,3.273412
31948.01,3.273412
31949.992,3.275829
31952.02,3.27744
31954.01,3.280663
31956.01,3.278246
31958.0,3.283885
31960.0,3.287109
31962.02,3.112276
31964.0,2.85436
31966.01,2.620663
31967.992,2.407109
31970.0,2.209668
31972.01,2.029147
31974.01,1.863982
31976.0,1.7148816
31978.01,1.574644
31980.02,1.4384344
31982.0,1.3288624
31984.01,1.220851
31985.992,1.0975824
31988.0,1.02905
31990.01,0.9525106
31992.01,0.8727484
31994.0,0.8034102
31996.01,0.7397616
31998.02,0.6801416
32000.0,0.6261614
32002.01,0.5672968
32003.992,0.5278188
32006.0,0.4867291
32008.01,0.4504738
32010.02,0.4142182
32012.0,0.3811353
32014.01,0.3513252
32015.992,0.3215152
32018.0,0.2997619
32020.01,0.2739803
32022.0,0.2530327
32024.0,0.23289076
32026.01,0.2135545
32028.02,0.1998077
32030.0,0.1836942
32032.01,0.1675806
32033.992,0.1546898
32036.0,0.144216
32038.01,0.1321309
32040.0,0.12326848
32042.0,0.11440604
32044.01,0.1047379
32046.02,0.09990386
32048.0,0.0910414
32050.01,0.0837903
32052.0,0.07653924
32054.01,0.07170516
32056.01,0.07251084
32058.0,0.0612314
32060.0,0.05720302
32062.01,0.05478598
32064.02,0.0507576
32066.0,0.0475349
32068.01,0.0443122
32070.0,0.03867246
32072.01,0.0410895
32074.01,0.03625542
32076.0,0.03303272
32078.0,0.03383841
32079.992,0.02739299
32082.02,0.02658732
32084.0,0.082179
32086.01,0.346491
32088.0,0.5850216
32090.01,0.813884
32092.01,1.014548
32094.0,1.208766
32096.0,1.3739796
32097.992,1.5335544
32100.02,1.6778204
32102.01,1.812369
32104.01,1.9300476
32106.0,2.040426
32108.01,2.144408
32110.01,2.2394776
32112.0,2.327347
32114.0,2.400663
32115.992,2.477252
32118.02,2.544124
32120.01,2.6061608
32122.01,2.660947
32124.0,2.714172
32126.0,2.761707
32128.01,2.8044076
32130.0,2.844692
32132.01,2.900334
32133.992,2.916447
32136.02,2.947869
32138.01,2.980901
32140.01,3.004266
32142.0,3.030853
32144.0,3.051801
32146.01,3.071137
32148.0,3.089668
32150.01,3.106636
32151.992,3.123556
32154.02,3.132418
32156.01,3.152561
32158.01,3.161423
32160.0,3.174314
32162.01,3.183981
32164.02,3.202513
32166.0,3.203318
32168.01,3.2121808
32169.992,3.221043
32172.0,3.227488
32174.01,3.233934
32176.01,3.241185
32178.0,3.244408
32180.01,3.248436
32182.02,3.260521
32184.0,3.257299
32186.01,3.259715
32187.992,3.266161
32190.0,3.27019
32192.01,3.272606
32194.01,3.276635
32196.0,3.27744
32198.01,3.279857
32200.02,3.282275
32202.0,3.279052
32204.01,3.28308
32205.992,3.287914
32208.0,3.079193
32210.01,2.826161
32212.02,2.584408
32214.0,2.382133
32216.01,2.187914
32217.992,2.010616
32220.0,1.8454016
32222.01,1.696351
32224.0,1.557724
32226.0,1.431989
32228.01,1.3151656
32230.02,1.208766
32232.0,1.112085
32234.01,1.0226048
32235.992,0.9396196
32238.0,0.8630806
32240.01,0.7969648
32242.0,0.7325106
32244.0,0.6728906
32246.01,0.6237444
32248.02,0.5721308
32250.0,0.5205676
32252.01,0.4835064
32254.0,0.4448339
32256.01,0.4085282
32258.01,0.3682443
32260.0,0.3472969
32262.0,0.3199038
32263.992,0.2973448
32266.02,0.2715632
32268.0,0.23853052
32270.01,0.2304737
32272.0,0.2127489
32274.01,0.19739064
32276.01,0.18047144
32278.0,0.169192
32280.0,0.15710684
32281.992,0.14341032
32284.02,0.1321309
32286.01,0.1208514
32288.01,0.11440604
32290.0,0.10554354
32292.01,0.0982925
32294.01,0.08298464
32296.0,0.08298464
32298.0,0.07653924
32299.992,0.07170516
32302.02,0.06606544
32304.01,0.0644541
32306.01,0.05156327
32308.0,0.0539803
32310.01,0.04995193
32312.01,0.04672923
32314.0,0.04350652
32316.0,0.04350652
32317.992,0.04189516
32320.02,0.03625542
32322.01,0.0306157
32324.01,0.0306157
32326.0,0.016919208
32328.0,0.025781632
32330.01,0.11601738
32332.0,0.3779124
32334.01,0.6189104
32335.992,0.8397158
32338.02,1.0379624
32340.01,1.221657
32342.01,1.388482
32344.0,1.5553076
32346.0,1.697157
32348.01,1.8260652
32350.0,1.943744
32352.01,2.054121
32353.992,2.15327
32356.02,2.253174
32358.01,2.33782
32360.01,2.415165
32362.0,2.495783
32364.01,2.553791
32366.02,2.615829
32368.0,2.66981
32370.01,2.720617
32371.992,2.774598
32374.0,2.808436
32376.01,2.850332
32378.01,2.888249
32380.0,2.922892
32382.01,2.951897
32384.02,2.982512
32386.0,3.005072
32388.01,3.023602
32389.992,3.047773
32392.0,3.073554
32394.01,3.094551
32396.02,3.109054
32398.0,3.124361
32400.01,3.134835
32402.02,3.151755
32404.0,3.171896
32406.01,3.175119
32408.0,3.185593
32410.0,3.194456
32412.01,3.205736
32414.02,3.215403
32416.0,3.221043
32418.01,3.226683
32419.992,3.23474
32422.0,3.240379
32424.01,3.243602
32426.0,3.248436
32428.0,3.250854
32430.01,3.258105
32432.02,3.265355
32434.0,3.265355
32436.01,3.269384
32437.992,3.273412
32440.0,3.274218
32442.01,3.27744
32444.0,3.274218
32446.0,3.27744
32448.01,3.28308
32450.02,3.284691
32452.0,3.287109
32454.01,3.040522
32456.0,2.795546
32458.01,2.566682
32460.01,2.35635
32462.0,2.166967
32464.0,1.9888616
32465.992,1.8276764
32468.02,1.6794316
32470.0,1.5424168
32472.01,1.419098
32474.0,1.299858
32476.01,1.1854016
32478.01,1.0999996
32480.0,1.016965
32482.0,0.9259234
32483.992,0.854218
32486.02,0.7856854
32488.01,0.724454
32490.01,0.6511374
32492.0,0.614026
32494.01,0.5681024
32496.01,0.519762
32498.0,0.4786724
32500.0,0.4383886
32501.992,0.4020827
32504.02,0.3706614
32506.01,0.3416571
32508.01,0.3174868
32510.0,0.2908994
32512.01,0.2675348
32514.01,0.2465873
32516.0,0.22805676
32518.01,0.21113744
32519.992,0.1957793
32522.02,0.17886016
32524.01,0.1659693
32526.01,0.15630116
32528.0,0.14341032
32530.0,0.13374224
32532.01,0.1192401
32534.0,0.11440604
32536.01,0.1023209
32537.992,0.09668114
32540.02,0.0878187
32542.01,0.08056764
32544.01,0.07653924
32546.0,0.0708995
32548.0,0.0644541
32550.01,0.05881435
32552.0,0.06848246
32554.01,0.05236894
32555.992,0.05156327
32558.02,0.04511786
32560.01,0.04350652
32562.01,0.0443122
32564.0,0.03706112
32566.01,0.03222704
32568.02,0.03222704
32570.0,0.02981002
32572.01,0.03625542
32573.992,0.02739299
32576.0,0.144216
32578.01,0.4061112
32580.01,0.6430808
32582.0,0.866303
32584.01,1.0637444
32586.02,1.2491
32588.0,1.4158756
32590.01,1.5706156
32591.992,1.7124644
32594.0,1.838956
32596.01,1.957441
32598.02,2.06948
32600.0,2.161328
32602.01,2.264453
32604.02,2.345071
32606.0,2.421611
32608.01,2.493366
32610.0,2.557015
32612.0,2.619051
32614.01,2.674643
32616.02,2.726257
32618.0,2.772986
32620.01,2.815688
32621.992,2.860805
32624.0,2.886587
32626.01,2.924504
32628.0,2.957536
32630.0,2.985735
32632.01,3.013129
32634.02,3.032464
32636.0,3.058246
32638.01,3.078388
32639.992,3.093696
32642.01,3.108248
32644.01,3.126778
32646.0,3.142087
32648.0,3.156589
32650.01,3.168674
32652.02,3.175925
32654.0,3.182371
32656.01,3.200096
32658.0,3.207346
32660.01,3.214598
32662.01,3.221849
32664.0,3.2299052
32666.0,3.23474
32667.992,3.241185
32670.02,3.248436
32672.0,3.250048
32674.01,3.255687
32676.0,3.258911
32678.01,3.261327
32680.01,3.266161
32682.0,3.2709952
32684.0,3.2718
32685.992,3.274218
32688.02,3.276635
32690.01,3.278246
32692.01,3.27744
32694.0,3.28308
32696.01,3.286303
32698.01,3.287109
32700.0,3.015545
32702.0,2.763317
32703.992,2.540902
32706.02,2.332986
32708.01,2.143602
32710.01,1.96872
32712.0,1.811563
32714.0,1.661707
32716.01,1.5254976
32718.0,1.4045956
32720.01,1.3006636
32721.992,1.1773444
32724.02,1.089526
32726.01,1.0040744
32728.01,0.9202836
32730.0,0.8469668
32732.0,0.7792398
32734.01,0.7163972
32736.0,0.6591944
32738.01,0.6059692
32739.992,0.5600458
32742.02,0.5133164
32744.01,0.4746439
32746.01,0.4351657
32748.0,0.3996658
32750.0,0.3690501
32752.02,0.3368229
32754.0,0.3134584
32756.01,0.2876767
32757.992,0.2627007
32760.02,0.24497592
32762.01,0.2264454
32764.01,0.2079148
32766.0,0.19175096
32768.0,0.17644308
32770.02,0.16516368
32772.0,0.15227284
32774.0,0.14018764
32776.0,0.13535364
32778.0,0.13051952
32780.0,0.1224628
32782.02,0.1015152
32784.0,0.0950698
32786.0,0.08701304
32788.02,0.08056764
32790.0,0.0773449
32792.0,0.07009382
32794.0,0.06284276
32796.0,0.05800869
32798.0,0.05317464
32800.02,0.05236894
32802.0,0.04189516
32804.0,0.0443122
32806.02,0.0443122
32808.0,0.0410895
32810.0,0.03625542
32812.0,0.03464409
32814.0,0.03222704
32816.0,0.03464409
32818.02,0.02981002
32820.0,0.025781632
32822.0,0.1820828
32824.0,0.4408056
32826.0,0.6640282
32828.0,0.8936962
32830.0,1.0879148
32832.0,1.2644084
32834.0,1.434406
32836.02,1.5867288
32838.0,1.7269664
32840.0,1.856731
32842.0,1.9735544
32844.0,2.087204
32846.0,2.18308
32848.0,2.285451
32850.0,2.345877
32852.0,2.428057
32854.02,2.50384
32856.0,2.5691
32858.0,2.627915
32860.0,2.681945
32862.0,2.731897
32864.0,2.781043
32866.0,2.81891
32868.0,2.859194
32869.99,2.8955
32872.02,2.931754
32874.0,2.959954
32876.0,2.985735
32878.0,3.011517
32880.0,3.036494
32882.0,3.056635
32884.0,3.075971
32886.0,3.097775
32887.99,3.113082
32890.02,3.125973
32892.0,3.142087
32894.0,3.153366
32896.0,3.166257
32898.0,3.178342
32900.0,3.189621
32902.0,3.189621
32904.0,3.20493
32905.99,3.214598
32908.02,3.215403
32910.0,3.228294
32912.0,3.23474
32914.0,3.240379
32916.0,3.245214
32918.0,3.246826
32920.0,3.251659
32922.0,3.257299
32923.99,3.262939
32926.02,3.266161
32928.0,3.272606
32930.0,3.273412
32932.0,3.274218
32934.0,3.276635
32936.02,3.279857
32938.0,3.279857
32940.0,3.286303
32941.99,3.287914
32944.02,3.254076
32946.0,2.98493
32948.0,2.739148
32950.0,2.523982
32952.0,2.309621
32954.02,2.121849
32956.0,1.9469664
32958.0,1.7898092
32959.99,1.6447376
32962.0,1.5101896
32964.0,1.3941224
32966.02,1.2748816
32968.0,1.174122
32970.0,1.075024
32972.02,0.989572
32974.0,0.9106158
32976.0,0.8372988
32978.0,0.7744058
32980.0,0.7091464
32982.0,0.6543602
32984.02,0.601135
32986.0,0.5527948
32988.0,0.511705
32990.02,0.4690042
32992.0,0.4319431
32994.0,0.396443
32996.0,0.3650216
32998.0,0.3400456
33000.0,0.311847
33002.02,0.284454
33004.0,0.2643122
33006.0,0.24255884
33008.02,0.22241696
33010.0,0.199002
33012.0,0.1909453
33014.0,0.1724147
33016.0,0.16355224
33018.0,0.15066144
33020.02,0.139382
33022.0,0.1272968
33024.0,0.11843436
33026.0,0.11360036
33028.0,0.1007095
33030.0,0.09587548
33032.0,0.08701304
33034.0,0.08056764
33036.0,0.07492788
33038.02,0.07251084
33040.0,0.06525976
33042.0,0.0604257
33044.0,0.05317464
33046.0,0.05317464
33048.0,0.0507576
33050.0,0.04834056
33052.0,0.04270084
33054.0,0.03867246
33056.02,0.03706112
33058.0,0.03544975
33060.0,0.03142138
33062.0,0.0306157
33064.0,0.02981002
33066.0,0.01933623
33068.0,0.2151659
33070.0,0.4706156
33071.99,0.7059234
33074.02,0.9162554
33076.0,1.109668
33078.0,1.2853552
33080.0,1.4545976
33082.0,1.606871
33084.0,1.745497
33086.0,1.8728444
33088.0,1.9880564
33089.99,2.098483
33092.02,2.195165
33094.0,2.28384
33096.0,2.366825
33098.0,2.441753
33100.0,2.514313
33102.0,2.576352
33104.0,2.635971
33106.0,2.685168
33107.99,2.737537
33110.02,2.783461
33112.0,2.825355
33114.0,2.864028
33116.0,2.90275
33118.0,2.933366
33120.02,2.965593
33122.0,2.991375
33124.0,3.015545
33125.99,3.035687
33128.02,3.059052
33130.0,3.080805
33132.0,3.093696
33134.0,3.117111
33136.0,3.129196
33138.02,3.144504
33140.0,3.156589
33142.0,3.164646
33143.99,3.180759
33146.02,3.190427
33148.0,3.19929
33150.0,3.207346
33152.0,3.215403
33154.0,3.222655
33156.02,3.230711
33158.0,3.237156
33160.0,3.24199
33161.99,3.24602
33164.0,3.254076
33166.0,3.255687
33168.02,3.258911
33170.0,3.262133
33172.0,3.267772
33174.02,3.2709952
33176.0,3.275024
33178.0,3.275829
33180.0,3.27744
33182.0,3.280663
33184.0,3.280663
33186.02,3.284691
33188.0,3.286303
33190.0,3.218626
33192.02,2.951897
33194.0,2.710143
33196.0,2.489337
33198.0,2.286257
33200.0,2.099289
33202.0,1.9268248
33204.02,1.7728904
33206.0,1.627013
33208.0,1.4956876
33210.0,1.3747856
33212.0,1.2805216
33214.0,1.161231
33216.0,1.0677724
33218.0,0.9815152
33220.0,0.9009476
33222.02,0.8300476
33224.0,0.7663492
33226.0,0.7027006
33228.0,0.6487204
33230.0,0.5946896
33232.0,0.5503774
33234.0,0.5036484
33236.0,0.4810894
33238.0,0.4279148
33240.02,0.394026
33242.0,0.3617989
33244.0,0.3327946
33246.0,0.3086243
33248.0,0.2820371
33250.0,0.2602838
33252.0,0.2409475
33254.0,0.21838864
33256.0,0.19416792
33258.02,0.1861112
33260.0,0.1748318
33262.0,0.1619409
33264.0,0.14985576
33266.0,0.15307848
33268.0,0.1281025
33270.0,0.11601738
33272.0,0.10876628
33273.99,0.09990386
33276.02,0.0950698
33278.0,0.08620734
33280.0,0.07815058
33282.0,0.07412224
33284.0,0.07251084
33286.0,0.06767682
33288.0,0.0604257
33290.0,0.05559165
33291.99,0.05156327
33294.02,0.03867246
33296.0,0.0443122
33298.0,0.04350652
33300.0,0.03786679
33302.0,0.03706112
33304.0,0.03464409
33306.0,0.03303272
33308.0,0.017724876
33309.99,0.02819868
33312.02,0.02658732
33314.0,0.247393
33316.0,0.4996199
33318.0,0.7308992
33320.0,0.9428424
33322.02,1.1338384
33324.0,1.3143604
33326.0,1.4715172
33327.99,1.6221788
33330.02,1.761611
33332.0,1.8865408
33334.0,2.001752
33336.0,2.108959
33338.0,2.203222
33340.02,2.294314
33342.0,2.360379
33344.0,2.449809
33345.99,2.52076
33348.02,2.582796
33350.0,2.641611
33352.02,2.68839
33354.0,2.743982
33356.0,2.787489
33358.02,2.8277724
33360.0,2.868862
33362.0,2.906779
33363.99,2.934172
33366.0,2.963982
33368.0,2.994598
33370.02,3.020379
33372.0,3.045356
33374.0,3.062274
33376.02,3.082416
33378.0,3.100191
33380.0,3.117111
33382.0,3.1356408
33384.0,3.140476
33386.0,3.157395
33388.02,3.171896
33390.0,3.182371
33392.0,3.191233
33394.02,3.201707
33396.0,3.21057
33398.0,3.218626
33400.0,3.224265
33402.0,3.230711
33404.0,3.237962
33406.02,3.242797
33408.0,3.246826
33410.0,3.2532708
33412.0,3.256493
33414.0,3.257299
33416.0,3.265355
33418.0,3.266967
33420.0,3.272606
33422.0,3.272606
33424.02,3.276635
33426.0,3.279857
33428.0,3.279052
33430.0,3.275829
33432.0,3.284691
33434.0,3.296776
33436.0,3.184787
33438.0,2.930949
33440.0,2.681945
33442.02,2.465923
33444.0,2.260425
33446.0,2.078342
33448.0,1.907489
33450.0,1.7519432
33452.0,1.610899
33454.0,1.479574
33456.0,1.3594776
33458.0,1.251517
33460.02,1.14834
33462.0,1.054882
33464.0,0.9718466
33466.0,0.8953076
33468.0,0.829242
33470.0,0.7582924
33472.0,0.6938382
33474.0,0.6390522
33475.99,0.58905
33478.02,0.5431264
33480.0,0.4988143
33482.0,0.4593362
33484.0,0.4238865
33486.0,0.3924147
33488.0,0.359382
33490.0,0.3303776
33492.0,0.3029846
33493.99,0.2788144
33496.02,0.257061
33498.0,0.23691908
33500.0,0.21758284
33502.0,0.2030304
33504.0,0.1853055
33506.0,0.171609
33508.0,0.16032952
33510.0,0.1450217
33511.99,0.13615924
33514.02,0.1176287
33516.0,0.11682304
33518.0,0.10554354
33520.0,0.1007095
33522.0,0.0918471
33524.02,0.0910414
33526.0,0.08298464
33528.0,0.07573358
33529.99,0.06928818
33532.02,0.06284276
33534.0,0.05962004
33536.0,0.05559165
33538.0,0.04995193
33540.0,0.0475349
33542.02,0.04834056
33544.0,0.04592355
33546.0,0.03867246
33547.99,0.03383841
33550.02,0.03383841
33552.0,0.03222704
33554.02,0.024975968
33556.0,0.03142138
33558.0,0.029004348
33560.02,0.2788144
33562.0,0.5286244
33564.0,0.7526528
33566.0,0.971041
33568.0,1.153174
33570.0,1.3304736
33572.02,1.490853
33574.0,1.640709
33576.0,1.7785304
33578.02,1.9018496
33580.0,2.01545
33582.0,2.120238
33584.0,2.216919
33586.0,2.303981
33588.0,2.3845492
33590.02,2.458672
33592.0,2.5352616
33594.0,2.591659
33596.02,2.649668
33598.0,2.700475
33600.0,2.748816
33602.0,2.795546
33604.0,2.83583
33606.0,2.873696
33608.02,2.910001
33610.0,2.939812
33612.0,2.9728448
33614.0,3.002654
33616.0,3.022796
33618.0,3.045356
33620.0,3.066303
33622.0,3.088056
33624.0,3.106636
33626.02,3.121139
33628.0,3.138863
33630.0,3.147726
33632.0,3.159811
33634.0,3.171896
33636.0,3.183175
33638.0,3.192845
33640.0,3.20493
33642.0,3.211375
33644.02,3.206541
33646.0,3.224265
33648.0,3.230711
33650.0,3.23635
33652.0,3.24199
33654.0,3.239573
33656.0,3.251659
33658.0,3.255687
33659.99,3.268578
33662.02,3.266161
33664.0,3.268578
33666.0,3.269384
33668.0,3.275024
33670.0,3.272606
33672.0,3.279857
33674.0,3.283885
33676.0,3.282275
33677.99,3.284691
33680.02,3.286303
33682.0,3.151755
33684.0,2.890665
33686.0,2.652085
33688.0,2.436114
33690.0,2.237867
33692.0,2.051705
33694.0,1.885735
33695.99,1.735023
33698.02,1.593174
33700.0,1.458626
33702.0,1.3449756
33704.0,1.237821
33706.0,1.136255
33708.0,1.044408
33710.0,0.9613732
33712.0,0.8864452
33713.99,0.8163012
33716.02,0.7502356
33718.0,0.6873928
33720.0,0.6342184
33722.0,0.5834104
33724.0,0.5358754
33726.02,0.4907576
33728.0,0.4504738
33730.0,0.4182466
33731.99,0.3851636
33734.02,0.3545479
33736.0,0.3336003
33738.0,0.2973448
33740.0,0.2763974
33742.0,0.2538384
33744.02,0.23691908
33746.0,0.2167772
33748.0,0.2006134
33749.99,0.1836942
33752.02,0.171609
33754.0,0.15710684
33756.02,0.14341032
33758.0,0.13615924
33760.0,0.1281025
33762.02,0.11440604
33764.0,0.1047379
33766.0,0.11037764
33768.0,0.0910414
33770.0,0.0837903
33772.0,0.07815058
33774.02,0.07251084
33776.0,0.07251084
33778.0,0.05962004
33780.02,0.0604257
33782.0,0.05478598
33784.0,0.05156327
33786.0,0.04834056
33788.0,0.04672923
33790.0,0.03706112
33792.02,0.03867246
33794.0,0.02417028
33796.0,0.03383841
33798.02,0.03222704
33800.0,0.02014191
33802.0,0.02739299
33804.0,0.04189516
33806.0,0.314264
33808.0,0.55924
33810.02,0.783268
33812.0,0.989572
33814.0,1.181373
33816.0,1.3538376
33818.0,1.509384
33820.0,1.658484
33822.0,1.793032
33824.0,1.9115172
33826.0,2.027535
33828.02,2.131517
33830.0,2.229004
33832.0,2.317679
33834.0,2.392606
33836.0,2.467534
33838.0,2.5352616
33840.0,2.598104
33842.0,2.642416
33844.0,2.70692
33846.02,2.755261
33848.0,2.797963
33850.0,2.839858
33852.0,2.876113
33854.0,2.913224
33856.0,2.94384
33858.0,2.968816
33860.0,2.999432
33861.99,3.021185
33864.02,3.046967
33866.0,3.071943
33868.0,3.08725
33870.0,3.10422
33872.0,3.121139
33874.0,3.136446
33876.0,3.144504
33878.0,3.159811
33879.99,3.173508
33882.02,3.183981
33884.0,3.193651
33886.0,3.201707
33888.0,3.206541
33890.0,3.212986
33892.0,3.22346
33894.0,3.231516
33896.0,3.237962
33897.99,3.243602
33900.02,3.2476308
33902.0,3.250854
33904.0,3.252465
33906.0,3.261327
33908.0,3.265355
33910.02,3.269384
33912.0,3.273412
33914.0,3.275829
33915.99,3.278246
33918.02,3.279857
33920.0,3.279857
33922.0,3.283885
33924.0,3.285497
33926.0,3.287914
33928.02,3.118721
33930.0,2.86
33932.0,2.627109
33933.99,2.411943
33936.02,2.220948
33938.0,2.03398
33940.0,1.871233
33942.0,1.722133
33944.0,1.5778664
33946.02,1.452181
33948.0,1.333696
33950.0,1.224074
33951.99,1.12417
33954.02,1.03474
33956.0,0.951705
33958.02,0.8759716
33960.0,0.8058272
33962.0,0.7405676
33964.02,0.6801416
33966.0,0.6237444
33968.0,0.5834104
33970.0,0.5334584
33972.0,0.4875347
33974.0,0.4496682
33976.02,0.4101395
33978.0,0.3779124
33980.0,0.3481025
33982.02,0.3239322
33984.0,0.2973448
33986.0,0.2739803
33988.0,0.2514214
33990.0,0.2336964
33992.0,0.21758284
33994.02,0.2006134
33996.0,0.1836942
33998.0,0.16677496
34000.02,0.15710684
34002.0,0.1458274
34004.0,0.13374224
34006.0,0.12326848
34008.0,0.1015152
34010.0,0.1047379
34012.02,0.08701304
34014.0,0.08943008
34016.0,0.084596
34018.0,0.07331654
34020.0,0.07251084
34022.0,0.06767682
34024.0,0.0636484
34026.0,0.0612314
34028.0,0.0539803
34030.02,0.04995193
34032.0,0.04672923
34034.0,0.04511786
34036.0,0.04028382
34038.0,0.03947813
34040.0,0.03464409
34042.0,0.03383841
34044.0,0.04189516
34046.0,0.02819868
34048.02,0.02739299
34050.0,0.0773449
34052.0,0.3416571
34054.0,0.5850216
34056.0,0.8211352
34058.0,1.012131
34060.0,1.1958752
34062.0,1.3747856
34063.99,1.529526
34066.02,1.678626
34068.0,1.8091468
34070.0,1.928436
34072.0,2.038008
34074.0,2.137963
34076.0,2.241895
34078.0,2.327347
34080.0,2.405497
34081.99,2.477252
34084.02,2.544124
34086.0,2.606966
34088.0,2.661753
34090.0,2.71256
34092.0,2.760095
34094.0,2.8044076
34096.0,2.844692
34098.0,2.883364
34099.99,2.9140292
34102.02,2.949479
34104.0,2.976873
34106.0,3.00346
34108.0,3.028436
34110.0,3.050189
34112.02,3.06872
34114.0,3.089668
34116.0,3.113082
34117.99,3.12275
34120.02,3.137252
34122.0,3.147726
34124.0,3.160617
34126.0,3.172702
34128.0,3.183175
34130.02,3.194456
34132.0,3.202513
34134.0,3.212986
34135.99,3.220237
34138.02,3.22346
34140.0,3.231516
34142.0,3.23635
34144.0,3.244408
34146.0,3.250048
34148.02,3.254882
34150.0,3.259715
34152.0,3.262133
34153.99,3.256493
34156.0,3.26455
34158.0,3.26455
34160.02,3.273412
34162.0,3.276635
34164.0,3.273412
34166.02,3.280663
34168.0,3.28308
34170.0,3.284691
34172.0,3.285497
34174.0,3.082416
34176.0,2.829383
34178.02,2.597299
34180.0,2.386161
34182.0,2.191137
34184.02,2.011422
34186.0,1.847818
34188.0,1.6987684
34190.0,1.559336
34192.0,1.436017
34194.0,1.3135544
34196.02,1.2111832
34198.0,1.112085
34200.0,1.02341
34202.02,0.9404252
34204.0,0.8654974
34206.0,0.796159
34208.0,0.7317048
34210.0,0.6728906
34212.0,0.6189104
34214.02,0.5697136
34216.0,0.526207
34218.0,0.484312
34220.0,0.4504738
34222.0,0.4093339
34224.0,0.3763011
34226.0,0.3472969
34228.0,0.3199038
34230.0,0.2973448
34232.02,0.272369
34234.0,0.2522271
34236.0,0.2272511
34238.0,0.2127489
34240.0,0.19739064
34242.0,0.1812771
34244.0,0.16677496
34246.0,0.1554955
34248.0,0.1426047
34250.02,0.12971384
34252.0,0.12407414
34254.0,0.11360036
34256.0,0.1039322
34258.0,0.0950698
34260.0,0.09668114
34262.0,0.0837903
34264.0,0.0837903
34265.99,0.07251084
34268.02,0.06606544
34270.0,0.06848246
34272.0,0.05720302
34274.0,0.0539803
34276.0,0.04834056
34278.0,0.04672923
34280.0,0.04270084
34282.0,0.03786679
34283.99,0.03786679
34286.02,0.03544975
34288.0,0.03303272
34290.0,0.03142138
34292.0,0.029004348
34294.0,0.02739299
34296.0,0.1111833
34298.0,0.3763011
34300.0,0.614026
34301.99,0.836493
34304.02,1.03474
34306.0,1.223268
34308.0,1.381231
34310.0,1.5480564
34312.0,1.6866824
34314.02,1.822037
34316.0,1.942938
34318.0,2.048482
34319.99,2.158909
34322.02,2.250758
34324.0,2.332986
34326.0,2.413554
34328.0,2.487727
34330.0,2.552181
34332.02,2.612606
34334.0,2.668198
34336.0,2.719811
34337.99,2.766541
34340.02,2.8100476
34342.0,2.837441
34344.02,2.888249
34346.0,2.918864
34348.0,2.951091
34350.02,2.980901
34352.0,3.008294
34354.0,3.029242
34355.99,3.051801
34358.0,3.071943
34360.0,3.089668
34362.02,3.110665
34364.0,3.123556
34366.0,3.140476
34368.02,3.150949
34370.0,3.16384
34372.0,3.160617
34374.0,3.184787
34376.0,3.198485
34378.0,3.202513
34380.02,3.214598
34382.0,3.221043
34384.0,3.227488
34386.02,3.233934
34388.0,3.237156
34390.0,3.240379
34392.0,3.248436
34394.0,3.254076
34396.0,3.258911
34398.02,3.262133
34400.0,3.265355
34402.0,3.269384
34404.02,3.272606
34406.0,3.273412
34408.0,3.284691
34410.0,3.279857
34412.0,3.28308
34414.0,3.28308
34416.02,3.287109
34418.0,3.28872
34420.0,3.057441
34422.0,2.806825
34424.0,2.570711
34426.0,2.36199
34428.0,2.172607
34430.0,1.9783884
34432.0,1.8308992
34434.02,1.68346
34436.0,1.5480564
34438.0,1.4279608
34440.0,1.3071084
34442.0,1.200709
34444.0,1.1032224
34446.0,1.012131
34448.0,0.9331744
34450.0,0.8614692
34452.02,0.7881024
34454.0,0.7260652
34456.0,0.6640282
34458.0,0.6156374
34460.0,0.566491
34462.0,0.5205676
34464.0,0.4802837
34466.0,0.4311374
34467.99,0.4069169
34470.02,0.3738841
34472.0,0.3432684
34474.0,0.319098
34476.0,0.2892881
34478.0,0.2683405
34480.0,0.24255884
34482.0,0.2216113
34484.0,0.21113744
34485.99,0.1957793
34488.02,0.17966576
34490.0,0.1659693
34492.0,0.15388416
34494.0,0.1426047
34496.0,0.1313252
34498.0,0.1079606
34500.0,0.11037764
34502.0,0.1047379
34503.99,0.0950698
34506.02,0.08943008
34508.0,0.0950698
34510.0,0.07573358
34512.0,0.06848246
34514.0,0.06687112
34516.02,0.0604257
34518.0,0.05559165
34520.0,0.05317464
34521.99,0.04914626
34524.02,0.04350652
34526.0,0.04350652
34528.0,0.03947813
34530.0,0.03625542
34532.0,0.03625542
34534.02,0.03222704
34536.0,0.0306157
34538.0,0.025781632
34539.99,0.02739299
34542.02,0.144216
34544.0,0.4093339
34546.02,0.642275
34548.0,0.859858
34550.0,1.079052
34552.02,1.2426544
34554.0,1.411041
34556.0,1.5665868
34558.0,1.709242
34560.0,1.838956
34562.0,1.957441
34564.02,2.067063
34566.0,2.16455
34568.0,2.259619
34570.02,2.34346
34572.0,2.424029
34574.0,2.4941716
34576.0,2.553791
34578.0,2.621469
34580.0,2.673838
34582.02,2.725451
34584.0,2.770569
34586.0,2.816492
34588.02,2.85436
34590.0,2.890665
34592.0,2.910001
34594.0,2.954314
34596.0,2.982512
34598.0,3.0091
34600.02,3.03327
34602.0,3.055829
34604.0,3.070331
34606.0,3.093696
34608.0,3.09858
34610.0,3.123556
34612.0,3.140476
34614.0,3.154977
34616.0,3.165451
34618.02,3.175925
34620.0,3.188815
34622.0,3.194456
34624.0,3.206541
34626.0,3.213792
34628.0,3.221043
34630.0,3.227488
34632.0,3.233934
34634.0,3.239573
34636.02,3.240379
34638.0,3.245214
34640.0,3.254882
34642.0,3.258105
34644.0,3.262133
34646.0,3.266967
34648.0,3.27019
34650.0,3.2709952
34652.0,3.28308
34654.02,3.276635
34656.0,3.279052
34658.0,3.279052
34660.0,3.282275
34662.0,3.286303
34664.0,3.285497
34666.0,3.023602
34668.0,2.770569
34669.99,2.545735
34672.02,2.337015
34674.0,2.148436
34676.0,1.971137
34678.0,1.812369
34680.0,1.6754032
34682.0,1.529526
34684.0,1.4062072
34686.0,1.291801
34687.99,1.1862076
34690.02,1.089526
34692.0,1.0040744
34694.0,0.9218948
34696.0,0.8493842
34698.0,0.7776286
34700.02,0.7212314
34702.0,0.6616112
34704.0,0.606775
34705.99,0.55924
34708.02,0.514122
34710.0,0.4738381
34712.0,0.4464453
34714.0,0.4012771
34716.0,0.3674387
34718.02,0.3400456
34720.0,0.3126526
34722.0,0.2884824
34723.99,0.2651178
34726.02,0.2522271
34728.0,0.22805676
34730.0,0.1998077
34732.0,0.1925566
34734.0,0.1772488
34736.02,0.17080332
34738.0,0.15307848
34740.0,0.14018764
34741.99,0.1313252
34744.02,0.1192401
34746.0,0.11198896
34748.02,0.10957196
34750.0,0.09668114
34752.0,0.08620734
34754.02,0.08056764
34756.0,0.0773449
34758.0,0.06928818
34760.0,0.0644541
34762.0,0.06767682
34764.0,0.05720302
34766.02,0.03786679
34768.0,0.0507576
34770.0,0.04511786
34772.02,0.04270084
34774.0,0.04028382
34776.0,0.03786679
34778.0,0.03544975
34780.0,0.0306157
34782.0,0.02981002
34784.02,0.029004348
34786.0,0.02658732
34788.0,0.1748318
34790.02,0.4351657
34792.0,0.6616112
34794.0,0.8864452
34796.0,1.0838864
34798.0,1.266825
34800.0,1.4182928
34802.02,1.5867288
34804.0,1.7269664
34806.0,1.854264
34808.0,1.97436
34810.0,2.080759
34812.0,2.175023
34814.0,2.268482
34816.0,2.35635
34818.0,2.434502
34820.02,2.501422
34822.0,2.567488
34824.0,2.627109
34826.0,2.679477
34828.0,2.730286
34830.0,2.779433
34832.0,2.819716
34834.0,2.858388
34836.0,2.893888
34838.02,2.924504
34840.0,2.959148
34842.0,2.988153
34844.0,3.012323
34846.0,3.0372992
34848.0,3.059052
34850.0,3.079193
34852.0,3.10422
34853.99,3.112276
34856.02,3.127584
34858.0,3.136446
34860.0,3.154172
34862.0,3.1710908
34864.0,3.178342
34866.0,3.18801
34868.0,3.197679
34870.0,3.20493
34871.99,3.211375
34874.02,3.224265
34876.0,3.2299052
34878.0,3.23635
34880.0,3.243602
34882.0,3.248436
34884.0,3.255687
34886.0,3.254882
34888.0,3.259715
34889.99,3.265355
34892.02,3.266967
34894.0,3.2709952
34896.0,3.273412
34898.0,3.275024
34900.0,3.276635
34902.02,3.279857
34904.0,3.285497
34906.0,3.28308
34907.99,3.291942
34910.02,3.260521
34912.0,2.992181
34914.0,2.744788
34916.0,2.519953
34918.0,2.316873
34920.02,2.126683
34922.0,1.9534128
34924.0,1.793032
34925.99,1.6479604
34928.02,1.512607
34930.0,1.402179
34932.0,1.2781044
34934.0,1.1676768
34936.0,1.080664
34938.02,0.9936002
34940.0,0.904976
34942.0,0.8389102
34943.99,0.7727946
34946.02,0.7139804
34948.0,0.6543602
34950.02,0.6027464
34952.0,0.551183
34954.0,0.5076766
34956.02,0.4698098
34958.0,0.4319431
34960.0,0.3972487
34962.0,0.3650216
34964.0,0.3368229
34966.0,0.311847
34968.02,0.2925108
34970.0,0.2627007
34972.0,0.2441703
34974.02,0.22322264
34976.0,0.20630344
34978.0,0.1901396
34980.0,0.1756374
34982.0,0.16999768
34984.0,0.14985576
34986.02,0.14018764
34988.0,0.12971384
34990.0,0.11843436
34992.02,0.11440604
34994.0,0.1039322
34996.0,0.0950698
34998.0,0.084596
35000.0,0.08056764
35002.0,0.0612314
35004.02,0.06928818
35006.0,0.06525976
35008.0,0.06284276
35010.0,0.05639736
35012.0,0.05156327
35014.0,0.05962004
35016.0,0.04511786
35018.0,0.0410895
35020.0,0.03947813
35022.02,0.03625542
35024.0,0.03383841
35026.0,0.0306157
35028.0,0.029004348
35030.0,0.025781632
35032.0,0.02739299
35034.0,0.1957793
35036.0,0.4649759
35038.0,0.7002836
35040.02,0.9114214
35042.0,1.104834
35044.0,1.2885788
35046.0,1.449764
35048.0,1.6020368
35050.0,1.7414684
35052.0,1.867205
35054.0,1.986445
35055.99,2.0920384
35058.02,2.189526
35060.0,2.277395
35062.0,2.36199
35064.0,2.451421
35066.0,2.507062
35068.0,2.573129
35070.0,2.631943
35072.0,2.685974
35073.99,2.733508
35076.02,2.779433
35078.0,2.826161
35080.0,2.864028
35082.0,2.9019448
35084.0,2.933366
35086.0,2.963982
35088.0,2.989764
35090.0,3.016351
35091.99,3.035687
35094.02,3.060664
35096.0,3.079999
35098.0,3.097775
35100.0,3.113888
35102.0,3.130806
35104.02,3.143698
35106.0,3.154977
35108.0,3.167062
35109.99,3.177536
35112.02,3.192039
35114.0,3.197679
35116.0,3.211375
35118.0,3.216209
35120.0,3.221043
35122.02,3.240379
35124.0,3.23474
35126.0,3.24199
35127.99,3.244408
35130.02,3.252465
35132.0,3.262939
35134.02,3.2532708
35136.0,3.262939
35138.0,3.265355
35140.02,3.2709952
35142.0,3.269384
35144.0,3.27744
35145.99,3.279857
35148.02,3.281469
35150.0,3.282275
35152.02,3.284691
35154.0,3.284691
35156.0,3.226683
35158.02,2.958342
35160.0,2.714977
35162.0,2.4941716
35164.0,2.28948
35166.0,2.104929
35168.0,1.9300476
35170.02,1.7753072
35172.0,1.628624
35174.0,1.500522
35176.02,1.3739796
35178.0,1.2660196
35180.0,1.158814
35182.0,1.0685784
35184.0,0.9831266
35186.0,0.9033648
35188.02,0.8316592
35190.0,0.7655436
35192.0,0.701895
35194.02,0.6479148
35196.0,0.5963012
35198.0,0.5495718
35200.0,0.5044542
35202.0,0.4617532
35204.0,0.4263034
35206.02,0.3932204
35208.0,0.3626047
35210.0,0.334406
35212.0,0.3102357
35214.0,0.2820371
35216.0,0.2610894
35218.0,0.2417532
35220.0,0.2191943
35222.0,0.2046418
35224.02,0.19175096
35226.0,0.17080332
35228.0,0.1619409
35230.0,0.15146716
35232.0,0.13857636
35234.0,0.1281025
35236.0,0.11843436
35238.0,0.10957196
35240.0,0.1015152
35242.02,0.0950698
35244.0,0.0837903
35246.0,0.08056764
35248.0,0.07412224
35250.0,0.07009382
35252.0,0.06687112
35254.0,0.05800869
35256.0,0.05559165
35257.99,0.04511786
35260.02,0.0475349
35262.0,0.0475349
35264.0,0.04350652
35266.0,0.04270084
35268.0,0.01933623
35270.0,0.03464409
35272.0,0.03303272
35274.0,0.0306157
35275.99,0.0306157
35278.02,0.025781632
35280.0,0.23691908
35282.0,0.4907576
35284.0,0.7059234
35286.0,0.9283404
35288.0,1.1298096
35290.0,1.306303
35292.0,1.466683
35293.99,1.6221788
35296.02,1.750332
35298.0,1.8825124
35300.0,1.995307
35302.0,2.10654
35304.0,2.203222
35306.02,2.29673
35308.0,2.374882
35310.0,2.450615
35311.99,2.518341
35314.02,2.581186
35316.0,2.639194
35318.0,2.692418
35320.0,2.743176
35322.0,2.788294
35324.02,2.829383
35326.0,2.868057
35328.0,2.900334
35329.99,2.93256
35332.02,2.963176
35334.0,2.991375
35336.02,3.017962
35338.0,3.041328
35340.0,3.061469
35342.02,3.072749
35344.0,3.097775
35346.0,3.114693
35348.0,3.132418
35350.02,3.146116
35352.0,3.158201
35354.02,3.171896
35356.0,3.182371
35358.0,3.191233
35360.02,3.200096
35362.0,3.192039
35364.0,3.216209
35366.0,3.22346
35368.0,3.221849
35370.0,3.23635
35372.02,3.24199
35374.0,3.243602
35376.0,3.252465
35378.02,3.254076
35380.0,3.259715
35382.0,3.263744
35384.0,3.2709952
35386.0,3.27019
35388.0,3.272606
35390.02,3.268578
35392.0,3.27744
35394.0,3.285497
35396.02,3.28308
35398.0,3.285497
35400.0,3.287109
35402.0,3.192039
35404.0,2.930143
35406.0,2.690002
35408.02,2.456255
35410.0,2.269338
35412.0,2.084788
35414.0,1.9131284
35416.0,1.759194
35418.0,1.613316
35420.0,1.483602
35422.0,1.3635064
35424.0,1.2547396
35426.02,1.1523684
35428.0,1.059716
35430.0,0.9742638
35432.0,0.8953076
35434.0,0.8235522
35436.0,0.7582924
35438.0,0.6978668
35440.0,0.6430808
35442.0,0.5922728
35444.02,0.5439324
35446.0,0.4996199
35448.0,0.4601418
35450.0,0.4198579
35452.0,0.3851636
35454.0,0.3585762
35456.0,0.3223209
35458.0,0.304596
35459.99,0.2804257
35462.02,0.259478
35464.0,0.23853052
35466.0,0.2191943
35468.0,0.20872048
35470.0,0.1853055
35472.0,0.1740261
35474.0,0.15952384
35476.0,0.14985576
35477.99,0.1409933
35480.02,0.1264912
35482.0,0.11682304
35484.0,0.1079606
35486.0,0.09909816
35488.0,0.0878187
35490.0,0.08701304
35492.0,0.07976194
35494.0,0.07251084
35495.99,0.06848246
35498.02,0.0636484
35500.0,0.05639736
35502.0,0.0539803
35504.0,0.06848246
35506.0,0.04672923
35508.02,0.04592355
35510.0,0.04189516
35512.0,0.03947813
35513.99,0.03222704
35516.02,0.03464409
35518.0,0.03222704
35520.0,0.02981002
35522.0,0.02819868
35524.0,0.025781632
35526.02,0.2707576
35528.0,0.519762
35530.0,0.7502356
35531.99,0.9533166
35534.02,1.1547852
35536.0,1.3280564
35538.02,1.4932708
35540.0,1.638292
35542.0,1.7777244
35544.02,1.89782
35546.0,2.011422
35548.0,2.117821
35550.0,2.215308
35552.0,2.315262
35554.0,2.382939
35556.02,2.457866
35558.0,2.526399
35560.0,2.589242
35562.02,2.644028
35564.0,2.700475
35566.0,2.748816
35568.0,2.801185
35570.0,2.834218
35572.0,2.870473
35574.02,2.912419
35576.0,2.939006
35578.0,2.968816
35580.02,2.9962092
35582.0,3.025214
35584.0,3.046161
35586.0,3.0671084
35588.0,3.086444
35590.0,3.103414
35592.02,3.119527
35594.0,3.130806
35596.0,3.146116
35598.02,3.159811
35600.0,3.170286
35602.0,3.183175
35604.0,3.193651
35606.0,3.200901
35608.0,3.209764
35610.02,3.216209
35612.0,3.224265
35614.0,3.2291
35616.0,3.235545
35618.0,3.242797
35620.0,3.2532708
35622.0,3.251659
35624.0,3.255687
35626.0,3.262133
35628.02,3.265355
35630.0,3.27019
35632.0,3.27019
35634.0,3.275024
35636.0,3.284691
35638.0,3.278246
35640.0,3.279052
35642.0,3.28308
35644.0,3.284691
35646.02,3.287109
35648.0,3.159811
35650.0,2.897916
35652.0,2.661753
35654.0,2.449809
35656.0,2.245923
35658.0,2.058956
35660.0,1.8970144
35661.99,1.7366344
35664.02,1.597203
35666.0,1.467489
35668.0,1.3498092
35670.0,1.251517
35672.0,1.139478
35674.0,1.0452132
35676.0,0.9621788
35678.0,0.8856396
35679.99,0.8098556
35682.02,0.7510412
35684.0,0.6881984
35686.0,0.635024
35688.0,0.5850216
35690.0,0.5382922
35692.02,0.494786
35694.0,0.4553079
35696.0,0.4214692
35697.99,0.3835522
35700.02,0.3577706
35702.0,0.3279606
35704.0,0.3037904
35706.0,0.277203
35708.0,0.2562554
35710.02,0.23691908
35712.0,0.2143602
35714.0,0.2006134
35715.99,0.1812771
35718.02,0.17322036
35720.0,0.1554955
35722.0,0.1458274
35724.0,0.13051952
35726.0,0.1272968
35728.02,0.11601738
35730.0,0.11360036
35732.0,0.09990386
35733.99,0.09265276
35736.02,0.082179
35738.0,0.07492788
35740.02,0.07412224
35742.0,0.06848246
35744.0,0.06203707
35746.02,0.0644541
35748.0,0.05317464
35750.0,0.05317464
35752.0,0.04672923
35754.0,0.04511786
35756.0,0.029004348
35758.02,0.03867246
35760.0,0.03786679
35762.0,0.03464409
35764.02,0.03625542
35766.0,0.0306157
35768.0,0.029004348
35770.0,0.017724876
35772.0,0.3037904
35774.0,0.551183
35776.02,0.7776286
35778.0,0.9855436
35780.0,1.174122
35782.02,1.348198
35784.0,1.5053556
35786.0,1.654456
35788.0,1.786587
35790.0,1.9091
35792.0,2.0235068
35794.02,2.139573
35796.0,2.223364
35798.0,2.311233
35800.0,2.391801
35802.0,2.465923
35804.0,2.534456
35806.0,2.593271
35808.0,2.652085
35810.0,2.705309
35812.02,2.752038
35814.0,2.797963
35816.0,2.84872
35818.0,2.876918
35820.0,2.910807
35822.0,2.945451
35824.0,2.970427
35826.0,2.998626
35828.0,3.023602
35830.02,3.050189
35832.0,3.0671084
35834.0,3.085639
35836.0,3.10422
35838.0,3.119527
35840.0,3.130001
35842.0,3.143698
35844.0,3.159811
35846.0,3.171896
35848.02,3.182371
35850.0,3.192845
35852.0,3.203318
35854.0,3.214598
35856.0,3.217015
35858.0,3.225071
35860.0,3.230711
35862.0,3.238768
35863.99,3.241185
35866.02,3.2532708
35868.0,3.250048
35870.0,3.255687
35872.0,3.260521
35874.0,3.26455
35876.0,3.269384
35878.0,3.2718
35880.0,3.275829
35881.99,3.274218
35884.02,3.279052
35886.0,3.279857
35888.0,3.287109
35890.0,3.28872
35892.0,3.287109
35894.02,3.126778
35896.0,2.867251
35898.0,2.633555
35899.99,2.417583
35902.02,2.220948
35904.0,2.049288
35906.0,1.8744556
35908.0,1.721327
35910.0,1.5955916
35912.02,1.4554036
35914.0,1.333696
35916.0,1.226491
35917.99,1.127393
35920.02,1.0363516
35922.0,0.9533166
35924.02,0.8767772
35926.0,0.8074384
35928.0,0.7429844
35930.02,0.6857816
35932.0,0.6285782
35934.0,0.5801876
35935.99,0.5205676
35938.02,0.4899519
35940.0,0.4504738
35942.02,0.4206635
35944.0,0.3811353
35946.0,0.3650216
35948.02,0.3247378
35950.0,0.2981506
35952.0,0.2763974
35954.0,0.2530327
35956.0,0.2336964
35958.0,0.21597156
35960.02,0.1998077
35962.0,0.1844998
35964.0,0.16999768
35966.02,0.15710684
35968.0,0.15227284
35970.0,0.13293656
35972.0,0.1248798
35974.0,0.11037764
35976.0,0.12165708
35978.02,0.0974868
35980.0,0.09587548
35982.0,0.0837903
35984.02,0.07895626
35986.0,0.07170516
35988.0,0.06848246
35990.0,0.06525976
35992.0,0.0539803
35994.0,0.05317464
35996.02,0.04914626
35998.0,0.04672923
36000.0,0.04350652
36002.0,0.0507576
36004.0,0.03947813
36006.0,0.0507576
36008.0,0.03464409
36010.0,0.02739299
36012.0,0.02739299
36014.02,0.029004348
36016.0,0.0773449
36018.0,0.3336003
36020.0,0.5777704
36022.0,0.801799
36024.0,1.0072968
36026.0,1.191847
36028.0,1.3707572
36030.0,1.5238864
36032.02,1.671375
36034.0,1.8083408
36036.0,1.9244076
36038.0,2.037203
36040.0,2.142796
36042.0,2.235449
36044.0,2.320095
36046.0,2.403886
36047.99,2.47967
36050.02,2.541706
36052.0,2.603744
36054.0,2.65853
36056.0,2.711754
36058.0,2.758484
36060.0,2.803603
36062.0,2.843081
36064.0,2.879336
36065.99,2.913224
36068.02,2.947063
36070.0,2.975261
36072.0,3.001849
36074.0,3.02763
36076.0,3.047773
36078.0,3.064692
36080.0,3.088862
36082.0,3.106636
36083.99,3.121945
36086.02,3.136446
36088.0,3.150949
36090.0,3.162229
36092.0,3.1710908
36094.0,3.182371
36096.02,3.194456
36098.0,3.203318
36100.0,3.213792
36101.99,3.217015
36104.02,3.225877
36106.0,3.235545
36108.0,3.237962
36110.0,3.244408
36112.0,3.242797
36114.02,3.254076
36116.0,3.258911
36118.0,3.26455
36119.99,3.266161
36122.02,3.269384
36124.0,3.273412
36126.02,3.275024
36128.0,3.269384
36130.0,3.278246
36132.02,3.284691
36134.0,3.284691
36136.0,3.28872
36138.0,3.291942
36140.02,3.090474
36142.0,2.837441
36144.02,2.603744
36146.0,2.39019
36148.0,2.195165
36150.02,2.014644
36152.0,1.8526524
36154.0,1.697157
36156.0,1.565781
36158.0,1.4408516
36160.0,1.322417
36162.02,1.2111832
36164.0,1.115308
36166.0,1.025827
36168.02,0.943648
36170.0,0.8687202
36172.0,0.7993818
36174.0,0.7341222
36176.0,0.674502
36178.0,0.6213272
36180.02,0.5753534
36182.0,0.5278188
36184.0,0.484312
36186.02,0.4472509
36188.0,0.4093339
36190.0,0.3779124
36192.0,0.3481025
36194.0,0.3207094
36196.0,0.2941222
36198.02,0.2747859
36200.0,0.2514214
36202.0,0.2264454
36204.0,0.21597156
36206.0,0.1981963
36208.0,0.1820828
36210.0,0.1683863
36212.0,0.15388416
36214.0,0.14341032
36216.02,0.1321309
36218.0,0.12326848
36220.0,0.11360036
36222.0,0.10554354
36224.0,0.0974868
36226.0,0.0886244
36228.0,0.082179
36230.0,0.07815058
36232.0,0.07331654
36234.02,0.06848246
36236.0,0.05881435
36238.0,0.05559165
36240.0,0.05478598
36242.0,0.04914626
36244.0,0.04834056
36246.0,0.05559165
36248.0,0.03947813
36249.99,0.03786679
36252.02,0.03625542
36254.0,0.03786679
36256.0,0.029004348
36258.0,0.02658732
36260.0,0.02658732
36262.0,0.0974868
36264.0,0.3658272
36266.0,0.604358
36267.99,0.8284364
36270.02,1.0306612
36272.0,1.2152116
36274.0,1.388482
36276.0,1.5399996
36278.0,1.693128
36280.0,1.8212316
36282.0,1.9397156
36284.0,2.046065
36285.99,2.154881
36288.02,2.245923
36290.0,2.33218
36292.0,2.410331
36294.0,2.486115
36296.0,2.548958
36298.02,2.611801
36300.0,2.664976
36302.0,2.716588
36303.99,2.767346
36306.02,2.8100476
36308.0,2.849526
36310.0,2.885781
36312.0,2.9196692
36314.0,2.948675
36316.02,2.978484
36318.0,3.005072
36320.0,3.030853
36321.99,3.051801
36324.02,3.071137
36326.0,3.092084
36328.02,3.108248
36330.0,3.121945
36332.0,3.138058
36334.02,3.151755
36336.0,3.16384
36338.0,3.177536
36340.0,3.185593
36342.02,3.193651
36344.0,3.203318
36346.02,3.213792
36348.0,3.221043
36350.0,3.227488
36352.02,3.23474
36354.0,3.241185
36356.0,3.24602
36358.0,3.250854
36360.0,3.254882
36362.0,3.254076
36364.02,3.262939
36366.0,3.266161
36368.0,3.268578
36370.02,3.272606
36372.0,3.275024
36374.0,3.278246
36376.0,3.272606
36378.0,3.279052
36380.0,3.280663
36382.02,3.285497
36384.0,3.282275
36386.0,3.060664
36388.02,2.820521
36390.0,2.575546
36392.0,2.368436
36394.0,2.169384
36396.0,1.9969184
36398.0,1.835733
36400.02,1.6874884
36402.0,1.5520848
36404.0,1.4336
36406.0,1.3071084
36408.0,1.18943
36410.0,1.1088624
36412.0,1.016965
36414.0,0.9331744
36416.0,0.8590522
36418.02,0.7881024
36420.0,0.7252596
36422.0,0.667251
36424.0,0.614026
36426.0,0.5656854
36428.0,0.5221788
36430.0,0.4690042
36432.0,0.4432226
36434.0,0.4069169
36436.02,0.3738841
36438.0,0.3448797
36440.0,0.302179
36442.0,0.2933164
36444.0,0.269952
36446.0,0.2465873
36448.0,0.2264454
36450.0,0.22322264
36451.99,0.1949736
36454.02,0.1780545
36456.0,0.1675806
36458.0,0.15388416
36460.0,0.14341032
36462.0,0.13051952
36464.0,0.12165708
36466.0,0.11198896
36468.0,0.10957196
36469.99,0.09668114
36472.02,0.08943008
36474.0,0.07976194
36476.0,0.07895626
36478.0,0.07170516
36480.0,0.06606544
36482.02,0.05720302
36484.0,0.05559165
36486.0,0.05478598
36487.99,0.04914626
36490.02,0.04592355
36492.0,0.03706112
36494.0,0.04189516
36496.0,0.03947813
36498.0,0.03706112
36500.02,0.03544975
36502.0,0.01853056
36504.0,0.03222704
36505.99,0.02739299
36508.02,0.1377706
36510.0,0.3972487
36512.0,0.6358296
36514.0,0.8646918
36516.0,1.0556876
36518.02,1.2458776
36520.0,1.4062072
36522.0,1.5625584
36523.99,1.7052136
36526.02,1.8325108
36528.0,1.9542184
36530.02,2.063034
36532.0,2.163744
36534.0,2.253174
36536.02,2.33782
36538.0,2.419195
36540.0,2.491755
36542.0,2.556209
36544.02,2.624692
36546.0,2.667392
36548.02,2.7157824
36550.0,2.7689576
36552.0,2.814076
36554.02,2.850332
36556.0,2.889054
36558.0,2.922892
36560.0,2.951897
36562.0,2.982512
36564.0,3.008294
36566.02,3.031659
36568.0,3.053413
36570.0,3.071943
36572.02,3.094551
36574.0,3.108248
36576.0,3.120333
36578.0,3.13967
36580.0,3.142892
36582.0,3.164646
36584.02,3.1767308
36586.0,3.186399
36588.0,3.196067
36590.02,3.205736
36592.0,3.221849
36594.0,3.219431
36596.0,3.227488
36598.0,3.233934
36600.0,3.239573
36602.02,3.243602
36604.0,3.249242
36606.0,3.237156
36608.0,3.258105
36610.0,3.262133
36612.0,3.26455
36614.0,3.268578
36616.0,3.275024
36618.0,3.276635
36620.02,3.275024
36622.0,3.278246
36624.0,3.282275
36626.0,3.27019
36628.0,3.287109
36630.0,3.289525
36632.0,3.029242
36634.0,2.781043
36636.0,2.564266
36638.02,2.34346
36640.0,2.154076
36642.0,1.9735544
36644.0,1.817203
36646.0,1.670569
36648.0,1.532749
36650.0,1.4094296
36652.0,1.2982468
36653.99,1.1934584
36656.02,1.093554
36658.0,1.016965
36660.0,0.9251178
36662.0,0.8518012
36664.0,0.7816568
36666.0,0.7180086
36668.0,0.662417
36670.0,0.614026
36671.99,0.5632682
36674.02,0.5165392
36676.0,0.4762554
36678.0,0.4359714
36680.0,0.4093339
36682.0,0.3698557
36684.02,0.3416571
36686.0,0.311847
36688.0,0.2900938
36689.99,0.2683405
36692.02,0.2457816
36694.0,0.2240283
36696.0,0.20872048
36698.0,0.19336224
36700.0,0.17886016
36702.02,0.16516368
36704.0,0.1546898
36706.0,0.1409933
36707.99,0.1313252
36710.02,0.12004576
36712.0,0.1111833
36714.0,0.10312654
36716.0,0.0950698
36718.0,0.09909816
36720.02,0.08540166
36722.0,0.07895626
36724.0,0.06848246
36725.99,0.0644541
36728.02,0.0612314
36730.0,0.07412224
36732.02,0.0539803
36734.0,0.04995193
36736.0,0.04672923
36738.02,0.04592355
36740.0,0.04189516
36742.0,0.03786679
36744.0,0.03625542
36746.0,0.029004348
36748.0,0.0306157
36750.02,0.03142138
36752.0,0.025781632
36754.0,0.1683863
36756.02,0.4335544
36758.0,0.6648338
36760.0,0.88
36762.0,1.0774404
36764.0,1.2595736
36766.0,1.4231264
36768.02,1.5802832
36770.0,1.722133
36772.0,1.851041
36774.02,1.96872
36776.0,2.059761
36778.0,2.175023
36780.0,2.266871
36782.0,2.350711
36784.0,2.43128
36786.02,2.503034
36788.0,2.564266
36790.0,2.625498
36792.02,2.678672
36794.0,2.727063
36796.0,2.776208
36798.0,2.818104
36800.0,2.859194
36802.0,2.893082
36804.02,2.924504
36806.0,2.957536
36808.0,2.988959
36810.0,3.010711
36812.0,3.034075
36814.0,3.060664
36816.0,3.075971
36818.0,3.095357
36820.0,3.110665
36822.02,3.126778
36824.0,3.140476
36826.0,3.153366
36828.0,3.167062
36830.0,3.177536
36832.0,3.187204
36834.0,3.196067
36836.0,3.200901
36838.02,3.212986
36840.02,3.221043
36842.0,3.228294
36844.0,3.233128
36846.0,3.239573
36848.0,3.245214
36850.0,3.250048
36852.0,3.254882
36854.0,3.256493
36855.99,3.263744
36858.02,3.266967
36860.0,3.269384
36862.0,3.2718
36864.0,3.274218
36866.0,3.275829
36868.0,3.279052
36870.0,3.285497
36872.0,3.283885
36873.99,3.284691
36876.02,3.267772
36878.0,2.999432
36880.0,2.746399
36882.0,2.524788
36884.0,2.317679
36886.02,2.129906
36888.0,1.9606636
36890.0,1.796255
36891.99,1.6512332
36894.02,1.516635
36896.0,1.3949276
36898.0,1.282938
36900.0,1.1757332
36902.0,1.0838864
36904.02,1.0032684
36906.0,0.9138382
36908.0,0.8421326
36909.99,0.7727946
36912.02,0.7115632
36914.0,0.662417
36916.02,0.6035522
36918.0,0.5560176
36920.0,0.5108994
36922.02,0.4681985
36924.0,0.4343601
36926.0,0.3980543
36928.0,0.3658272
36930.02,0.3368229
36932.0,0.3110413
36934.02,0.2852596
36936.0,0.2627007
36938.0,0.2441703
36940.02,0.2256398
36942.0,0.2079148
36944.0,0.19175096
36946.0,0.1772488
36948.0,0.1490501
36950.0,0.1579125
36952.02,0.141799
36954.0,0.13051952
36956.0,0.11843436
36958.02,0.10957196
36960.0,0.10312654
36962.0,0.09345846
36964.0,0.08701304
36966.0,0.07815058
36968.0,0.07653924
36970.02,0.06687112
36972.0,0.06284276
36974.0,0.0604257
36976.02,0.05317464
36978.0,0.05317464
36980.0,0.05236894
36982.0,0.04672923
36984.0,0.04028382
36986.0,0.0410895
36988.02,0.03625542
36990.0,0.03867246
36992.0,0.03222704
36994.0,0.02981002
36996.0,0.025781632
36998.0,0.02739299
37000.0,0.2030304
37002.0,0.4569191
37004.0,0.6922268
37006.02,0.9041704
37008.0,1.1032224
37010.0,1.282938
37012.0,1.441657
37014.0,1.5980084
37016.0,1.7390516
37018.0,1.8647876
37020.0,1.983222
37022.0,2.091233
37024.02,2.18872
37026.0,2.271755
37028.0,2.360379
37030.0,2.439336
37032.0,2.509479
37034.0,2.575546
37036.0,2.633555
37038.0,2.686778
37040.02,2.737537
37042.02,2.783461
37044.0,2.824549
37046.0,2.862417
37048.0,2.901139
37050.0,2.930949
37052.0,2.961564
37054.0,2.988959
37056.0,3.016351
37057.99,3.0372992
37060.02,3.060664
37062.0,3.083222
37064.0,3.096163
37066.0,3.115499
37068.0,3.130001
37070.0,3.144504
37072.0,3.154977
37074.0,3.170286
37075.99,3.177536
37078.02,3.189621
37080.0,3.200096
37082.0,3.207346
37084.0,3.214598
37086.0,3.221849
37088.02,3.2299052
37090.0,3.235545
37092.0,3.23635
37093.99,3.246826
37096.02,3.254076
37098.0,3.257299
37100.0,3.262133
37102.0,3.26455
37104.0,3.266967
37106.02,3.27019
37108.0,3.2718
37110.0,3.275829
37111.99,3.278246
37114.02,3.282275
37116.0,3.282275
37118.02,3.283885
37120.0,3.284691
37122.0,3.231516
37124.02,2.964788
37126.0,2.719811
37128.0,2.4982
37130.0,2.29512
37132.02,2.108153
37134.0,1.9485776
37136.02,1.7753072
37138.0,1.631041
37140.0,1.4964936
37142.02,1.37962
37144.0,1.2684368
37146.0,1.1628424
37148.0,1.0709956
37150.0,0.9847378
37152.0,0.8936962
37154.02,0.834076
37156.0,0.7671548
37158.0,0.7035064
37160.02,0.6479148
37162.0,0.5971068
37164.0,0.5503774
37166.0,0.5052598
37168.0,0.4601418
37170.0,0.4279148
37172.02,0.3932204
37174.0,0.3956373
37176.0,0.3360173
37178.02,0.30943
37180.0,0.2820371
37182.0,0.2651178
37184.0,0.2417532
37186.0,0.22322264
37188.0,0.2054474
37190.02,0.1901396
37192.0,0.1780545
37194.0,0.1611353
37196.0,0.15066144
37198.0,0.139382
