t_us,volt
32414.02,0.07653924
32416.0,0.06848246
32418.01,0.06525976
32419.992,0.0644541
32422.0,0.05639736
32424.01,0.05236894
32426.0,0.0475349
32428.0,0.04511786
32430.01,0.04189516
32432.02,0.03706112
32434.0,0.03544975
32436.01,0.03222704
32437.992,0.03142138
32440.0,0.02981002
32442.01,0.02739299
32444.0,0.024975968
32446.0,0.02417028
32448.01,0.023364616
32450.02,0.02175326
32452.0,0.2836484
32454.01,0.5479606
32456.0,0.788908
32458.01,1.0072968
32460.01,1.206349
32462.0,1.389288
32464.0,1.5520848
32465.992,1.7036024
32468.02,1.8405672
32470.0,1.9663036
32472.01,2.08237
32474.0,2.191137
32476.01,2.28384
32478.01,2.370048
32480.0,2.449809
32482.0,2.522371
32483.992,2.5884368
32486.02,2.648056
32488.01,2.706115
32490.01,2.758484
32492.0,2.8044076
32494.01,2.8454976
32496.01,2.885781
32498.0,2.925309
32500.0,2.952703
32501.992,2.984124
32504.02,3.013129
32506.01,3.038104
32508.01,3.059858
32510.0,3.079193
32512.01,3.099386
32514.01,3.114693
32516.0,3.132418
32518.01,3.147726
32519.992,3.161423
32522.02,3.1710908
32524.01,3.183981
32526.01,3.193651
32528.0,3.206541
32530.0,3.211375
32532.01,3.221043
32534.0,3.2291
32536.01,3.235545
32537.992,3.241185
32540.02,3.24199
32542.01,3.250854
32544.01,3.254882
32546.0,3.259715
32548.0,3.26455
32550.01,3.269384
32552.0,3.274218
32554.01,3.274218
32555.992,3.275829
32558.02,3.278246
32560.01,3.280663
32562.01,3.28308
32564.0,3.286303
32566.01,3.287109
32568.02,3.290331
32570.0,3.291137
32572.01,3.291942
32573.992,3.14531
32576.0,2.872085
32578.01,2.623886
32580.01,2.39583
32582.0,2.190332
32584.01,2.0001416
32586.02,1.8284824
32588.0,1.668152
32590.01,1.5287204
32591.992,1.397345
32594.0,1.2797156
32596.01,1.1660652
32598.02,1.066967
32600.0,0.9790982
32602.01,0.8953076
32604.02,0.8154954
32606.0,0.7478186
32608.01,0.6865872
32610.0,0.6277726
32612.0,0.576159
32614.01,0.5278188
32616.02,0.4835064
32618.0,0.4432226
32620.01,0.4053056
32621.992,0.3722726
32624.0,0.3400456
32626.01,0.311847
32628.0,0.2876767
32630.0,0.2618951
32632.01,0.24014184
32634.02,0.21838864
32636.0,0.2030304
32638.01,0.1869169
32639.992,0.171609
32642.01,0.15710684
32644.01,0.1450217
32646.0,0.13051952
32648.0,0.1192401
32650.01,0.11360036
32652.02,0.1047379
32654.0,0.0950698
32656.01,0.08701304
32658.0,0.0813733
32660.01,0.07492788
32662.01,0.06928818
32664.0,0.06203707
32666.0,0.05881435
32667.992,0.05559165
32670.02,0.05317464
32672.0,0.04834056
32674.01,0.04270084
32676.0,0.0410895
32678.01,0.03544975
32680.01,0.03464409
32682.0,0.03303272
32684.0,0.02981002
32685.992,0.029004348
32688.02,0.02658732
32690.01,0.024975968
32692.01,0.024975968
32694.0,0.02255893
32696.01,0.03625542
32698.01,0.3223209
32700.0,0.581799
32702.0,0.8154954
32703.992,1.0331284
32706.02,1.2281024
32708.01,1.4070128
32710.01,1.5706156
32712.0,1.722133
32714.0,1.8550692
32716.01,1.981611
32718.0,2.096873
32720.01,2.199999
32721.992,2.292702
32724.02,2.379716
32726.01,2.457866
32728.01,2.530427
32730.0,2.598104
32732.0,2.65853
32734.01,2.713366
32736.0,2.762513
32738.01,2.808436
32739.992,2.851943
32742.02,2.890665
32744.01,2.92692
32746.01,2.958342
32748.0,2.988153
32750.0,3.015545
32752.02,3.03891
32754.0,3.061469
32756.01,3.083222
32757.992,3.102608
32760.02,3.117111
32762.01,3.136446
32764.01,3.148532
32766.0,3.162229
32768.0,3.174314
32770.02,3.185593
32772.0,3.192845
32774.0,3.205736
32776.0,3.214598
32778.0,3.221849
32780.0,3.2291
32782.02,3.237156
32784.0,3.240379
32786.0,3.246826
32788.02,3.251659
32790.0,3.252465
32792.0,3.262133
32794.0,3.265355
32796.0,3.266161
32798.0,3.267772
32800.02,3.274218
32802.0,3.278246
32804.0,3.279052
32806.02,3.281469
32808.0,3.284691
32810.0,3.285497
32812.0,3.282275
32814.0,3.287914
32816.0,3.290331
32818.02,3.291942
32820.0,3.111471
32822.0,2.842275
32824.0,2.595687
32826.0,2.372465
32828.0,2.167773
32830.0,1.979194
32832.0,1.809952
32834.0,1.6552616
32836.02,1.512607
32838.0,1.383648
32840.0,1.266825
32842.0,1.153174
32844.0,1.0581048
32846.0,0.9678184
32848.0,0.8896678
32850.0,0.8106614
32852.0,0.7421788
32854.02,0.6809472
32856.0,0.6253556
32858.0,0.5672968
32860.0,0.5229844
32862.0,0.479478
32864.0,0.437583
32866.0,0.4004715
32868.0,0.3666331
32869.99,0.3368229
32872.02,0.30943
32874.0,0.2828427
32876.0,0.2586724
32878.0,0.2409475
32880.0,0.2191943
32882.0,0.2006134
32884.0,0.1844998
32886.0,0.169192
32887.99,0.1546898
32890.02,0.144216
32892.0,0.1321309
32894.0,0.12165708
32896.0,0.1111833
32898.0,0.1039322
32900.0,0.0950698
32902.0,0.0886244
32904.0,0.07895626
32905.99,0.07573358
32908.02,0.06928818
32910.0,0.0636484
32912.0,0.05962004
32914.0,0.05317464
32916.0,0.0507576
32918.0,0.04592355
32920.0,0.0410895
32922.0,0.03625542
32923.99,0.03706112
32926.02,0.03625542
32928.0,0.0306157
32930.0,0.03222704
32932.0,0.029004348
32934.0,0.02739299
32936.02,0.025781632
32938.0,0.02255893
32940.0,0.02417028
32941.99,0.07251084
32944.02,0.3545479
32946.0,0.6099976
32948.0,0.8421326
32950.0,1.057299
32952.0,1.253934
32954.02,1.4303776
32956.0,1.590757
32958.0,1.738246
32959.99,1.8720384
32962.0,1.994502
32964.0,2.104929
32966.02,2.211279
32968.0,2.304787
32970.0,2.39019
32972.02,2.469146
32974.0,2.53929
32976.0,2.60455
32978.0,2.663364
32980.0,2.7182
32982.0,2.769763
32984.02,2.815688
32986.0,2.855166
32988.0,2.8955
32990.02,2.929337
32992.0,2.959954
32994.0,2.987347
32996.0,3.017962
32998.0,3.042939
33000.0,3.065498
33002.02,3.085639
33004.0,3.102608
33006.0,3.119527
33008.02,3.1356408
33010.0,3.148532
33012.0,3.159811
33014.0,3.1767308
33016.0,3.18801
33018.0,3.197679
33020.02,3.206541
33022.0,3.216209
33024.0,3.221849
33026.0,3.2291
33028.0,3.237156
33030.0,3.242797
33032.0,3.2476308
33034.0,3.251659
33036.0,3.255687
33038.02,3.259715
33040.0,3.261327
33042.0,3.268578
33044.0,3.2718
33046.0,3.275024
33048.0,3.27744
33050.0,3.279052
33052.0,3.278246
33054.0,3.283885
33056.02,3.285497
33058.0,3.287914
33060.0,3.289525
33062.0,3.291942
33064.0,3.292748
33066.0,3.073554
33068.0,2.808436
33070.0,2.561848
33071.99,2.344265
33074.02,2.141991
33076.0,1.957441
33078.0,1.7890036
33080.0,1.6358752
33082.0,1.49891
33084.0,1.36834
33086.0,1.251517
33088.0,1.1443116
33089.99,1.0460192
33092.02,0.9581504
33094.0,0.8759716
33096.0,0.7953532
33098.0,0.7365392
33100.0,0.6712794
33102.0,0.6156374
33104.0,0.5624626
33106.0,0.5205676
33107.99,0.4714212
33110.02,0.4335544
33112.0,0.3948317
33114.0,0.3634103
33116.0,0.3327946
33118.0,0.302179
33120.02,0.2804257
33122.0,0.2562554
33124.0,0.2353078
33125.99,0.2143602
33128.02,0.2030304
33130.0,0.1820828
33132.0,0.1683863
33134.0,0.15710684
33136.0,0.141799
33138.02,0.1313252
33140.0,0.12004576
33142.0,0.1111833
33143.99,0.1039322
33146.02,0.09345846
33148.0,0.08540166
33150.0,0.07976194
33152.0,0.07492788
33154.0,0.06525976
33156.02,0.06606544
33158.0,0.05881435
33160.0,0.05478598
33161.99,0.0507576
33164.0,0.04672923
33166.0,0.04270084
33168.02,0.04028382
33170.0,0.03625542
33172.0,0.025781632
33174.02,0.03383841
33176.0,0.0306157
33178.0,0.02658732
33180.0,0.02739299
33182.0,0.025781632
33184.0,0.02417028
33186.02,0.02255893
33188.0,0.10876628
33190.0,0.3883863
33192.02,0.641469
33194.0,0.8727484
33196.0,1.082275
33198.0,1.2748816
33200.0,1.448958
33202.0,1.608482
33204.02,1.7519432
33206.0,1.8897636
33208.0,2.012227
33210.0,2.122654
33212.0,2.22417
33214.0,2.316873
33216.0,2.399052
33218.0,2.477252
33220.0,2.548958
33222.02,2.613412
33224.0,2.674643
33226.0,2.726257
33228.0,2.775402
33230.0,2.81891
33232.0,2.85436
33234.0,2.899528
33236.0,2.934978
33238.0,2.966399
33240.02,2.995404
33242.0,3.021185
33244.0,3.043744
33246.0,3.066303
33248.0,3.088056
33250.0,3.1058316
33252.0,3.12275
33254.0,3.13967
33256.0,3.153366
33258.02,3.166257
33260.0,3.1767308
33262.0,3.186399
33264.0,3.198485
33266.0,3.208152
33268.0,3.217015
33270.0,3.22346
33272.0,3.227488
33273.99,3.23635
33276.02,3.242797
33278.0,3.248436
33280.0,3.2532708
33282.0,3.258105
33284.0,3.262939
33286.0,3.266161
33288.0,3.269384
33290.0,3.273412
33291.99,3.2709952
33294.02,3.27744
33296.0,3.280663
33298.0,3.28308
33300.0,3.284691
33302.0,3.285497
33304.0,3.287914
33306.0,3.28872
33308.0,3.290331
33309.99,3.292748
33312.02,3.046161
33314.0,2.778627
33316.0,2.538484
33318.0,2.3192908
33320.0,2.125072
33322.02,1.9356872
33324.0,1.771279
33326.0,1.618956
33327.99,1.4803796
33330.02,1.3538376
33332.0,1.237821
33334.0,1.1306152
33336.0,1.0355456
33338.0,0.9500934
33340.02,0.867109
33342.0,0.793742
33344.0,0.7268708
33345.99,0.6648338
33348.02,0.609192
33350.0,0.5584344
33352.02,0.5125108
33354.0,0.4673928
33356.0,0.4287204
33358.02,0.3916089
33360.0,0.3601876
33362.0,0.331989
33363.99,0.302179
33366.0,0.2780088
33368.0,0.2546441
33370.02,0.23289076
33372.0,0.2143602
33374.0,0.19739064
33376.02,0.1820828
33378.0,0.1683863
33380.0,0.15388416
33382.0,0.141799
33384.0,0.1281025
33386.0,0.11682304
33388.02,0.10957196
33390.0,0.1007095
33392.0,0.0918471
33394.02,0.08620734
33396.0,0.07895626
33398.0,0.07412224
33400.0,0.06767682
33402.0,0.06203707
33404.0,0.05881435
33406.02,0.05156327
33408.0,0.04914626
33410.0,0.04592355
33412.0,0.04270084
33414.0,0.04028382
33416.0,0.03706112
33418.0,0.03544975
33420.0,0.03222704
33422.0,0.02981002
33424.02,0.02819868
33426.0,0.02739299
33428.0,0.023364616
33430.0,0.023364616
33432.0,0.02255893
33434.0,0.14341032
33436.0,0.4198579
33438.0,0.6680566
33440.0,0.9057816
33442.02,1.104028
33444.0,1.2974408
33446.0,1.4707116
33448.0,1.627819
33450.0,1.772085
33452.0,1.902655
33454.0,2.0235068
33456.0,2.131517
33458.0,2.234644
33460.02,2.325735
33462.0,2.410331
33464.0,2.486115
33466.0,2.557015
33468.0,2.619857
33470.0,2.674643
33472.0,2.730286
33474.0,2.77782
33475.99,2.825355
33478.02,2.867251
33480.0,2.905167
33482.0,2.9382
33484.0,2.96801
33486.0,2.992987
33488.0,3.023602
33490.0,3.047773
33492.0,3.071137
33493.99,3.09289
33496.02,3.108248
33498.0,3.123556
33500.0,3.138058
33502.0,3.152561
33504.0,3.165451
33506.0,3.178342
33508.0,3.189621
33510.0,3.200901
33511.99,3.207346
33514.02,3.216209
33516.0,3.224265
33518.0,3.231516
33520.0,3.238768
33522.0,3.245214
33524.02,3.249242
33526.0,3.254076
33528.0,3.258105
33529.99,3.261327
33532.02,3.263744
33534.0,3.269384
33536.0,3.272606
33538.0,3.273412
33540.0,3.280663
33542.02,3.279857
33544.0,3.282275
33546.0,3.279052
33547.99,3.285497
33550.02,3.287914
33552.0,3.290331
33554.02,3.291137
33556.0,3.293554
33558.0,3.012323
33560.02,2.749622
33562.0,2.511091
33564.0,2.294314
33566.0,2.097679
33568.0,1.91474
33570.0,1.7559716
33572.02,1.6004252
33574.0,1.464266
33576.0,1.336919
33578.02,1.222463
33580.0,1.1185304
33582.0,1.02341
33584.0,0.9380084
33586.0,0.855024
33588.0,0.783268
33590.02,0.7188142
33592.0,0.6591944
33594.0,0.6019408
33596.02,0.554406
33598.0,0.5092882
33600.0,0.4625589
33602.0,0.4246921
33604.0,0.3851636
33606.0,0.3529366
33608.02,0.3255436
33610.0,0.2989562
33612.0,0.272369
33614.0,0.2514214
33616.0,0.23127948
33618.0,0.21194324
33620.0,0.196585
33622.0,0.17966576
33624.0,0.16516368
33626.02,0.15227284
33628.0,0.1409933
33630.0,0.1272968
33632.0,0.11843436
33634.0,0.10876628
33636.0,0.1007095
33638.0,0.09265276
33640.0,0.084596
33642.0,0.07815058
33644.02,0.0708995
33646.0,0.06687112
33648.0,0.06284276
33650.0,0.05881435
33652.0,0.05317464
33654.0,0.05156327
33656.0,0.04270084
33658.0,0.04189516
33659.99,0.03867246
33662.02,0.03706112
33664.0,0.03383841
33666.0,0.03222704
33668.0,0.029004348
33670.0,0.0306157
33672.0,0.024975968
33674.0,0.02417028
33676.0,0.023364616
33677.99,0.02255893
33680.02,0.1772488
33682.0,0.4512796
33684.0,0.6986724
33686.0,0.9259234
33688.0,1.1306152
33690.0,1.32
33692.0,1.490853
33694.0,1.6455432
33695.99,1.786587
33698.02,1.918768
33700.0,2.038008
33702.0,2.150853
33704.0,2.249952
33706.0,2.33782
33708.0,2.42
33710.0,2.494977
33712.0,2.564266
33713.99,2.630331
33716.02,2.685974
33718.0,2.739148
33720.0,2.787489
33722.0,2.830996
33724.0,2.867251
33726.02,2.905973
33728.0,2.942229
33730.0,2.9728448
33731.99,3.001849
33734.02,3.02763
33736.0,3.050995
33738.0,3.071137
33740.0,3.091278
33742.0,3.109054
33744.02,3.125973
33746.0,3.142892
33748.0,3.156589
33749.99,3.16948
33752.02,3.179147
33754.0,3.187204
33756.02,3.200096
33758.0,3.209764
33760.0,3.217821
33762.02,3.225071
33764.0,3.232322
33766.0,3.237962
33768.0,3.243602
33770.0,3.245214
33772.0,3.255687
33774.02,3.258911
33776.0,3.263744
33778.0,3.265355
33780.02,3.268578
33782.0,3.272606
33784.0,3.276635
33786.0,3.276635
33788.0,3.279857
33790.0,3.287914
33792.02,3.284691
33794.0,3.287109
33796.0,3.289525
33798.02,3.28872
33800.0,3.291942
33802.0,3.263744
33804.0,2.976873
33806.0,2.7182
33808.0,2.484504
33810.02,2.268482
33812.0,2.0743132
33814.0,1.895403
33816.0,1.733412
33818.0,1.5835064
33820.0,1.446541
33822.0,1.3232224
33824.0,1.210378
33826.0,1.1072512
33828.02,1.013742
33830.0,0.9291462
33832.0,0.8485786
33834.0,0.7760172
33836.0,0.7107576
33838.0,0.6511374
33840.0,0.5971068
33842.0,0.5455436
33844.0,0.4980085
33846.02,0.4585305
33848.0,0.4158296
33850.0,0.3835522
33852.0,0.3505195
33854.0,0.3231265
33856.0,0.2941222
33858.0,0.2707576
33860.0,0.2481986
33861.99,0.2288624
33864.02,0.21033176
33866.0,0.19175096
33868.0,0.1772488
33870.0,0.1627466
33872.0,0.14985576
33874.0,0.1377706
33876.0,0.1264912
33878.0,0.11843436
33879.99,0.10634928
33882.02,0.0982925
33884.0,0.09023572
33886.0,0.0837903
33888.0,0.07815058
33890.0,0.07331654
33892.0,0.06687112
33894.0,0.0604257
33896.0,0.05317464
33897.99,0.05236894
33900.02,0.04914626
33902.0,0.0443122
33904.0,0.04350652
33906.0,0.03867246
33908.0,0.03625542
33910.02,0.03464409
33912.0,0.03142138
33914.0,0.029004348
33915.99,0.02819868
33918.02,0.025781632
33920.0,0.02417028
33922.0,0.023364616
33924.0,0.02094758
33926.0,0.2127489
33928.02,0.4810894
33930.0,0.7276764
33932.0,0.9492878
33933.99,1.1523684
33936.02,1.339336
33938.0,1.509384
33940.0,1.6649296
33942.0,1.8059236
33944.0,1.934076
33946.02,2.050093
33948.0,2.154881
33950.0,2.256397
33951.99,2.345877
33954.02,2.426445
33956.0,2.504646
33958.02,2.572323
33960.0,2.635166
33962.0,2.690807
33964.02,2.740759
33966.0,2.791518
33968.0,2.835024
33970.0,2.876113
33972.0,2.913224
33974.0,2.946257
33976.02,2.976067
33978.0,3.001044
33980.0,3.028436
33982.02,3.053413
33984.0,3.075971
33986.0,3.093696
33988.0,3.112276
33990.0,3.129196
33992.0,3.143698
33994.02,3.158201
33996.0,3.168674
33998.0,3.181565
34000.02,3.192039
34002.0,3.201707
34004.0,3.21057
34006.0,3.217821
34008.0,3.226683
34010.0,3.231516
34012.02,3.240379
34014.0,3.245214
34016.0,3.250048
34018.0,3.255687
34020.0,3.259715
34022.0,3.263744
34024.0,3.262939
34026.0,3.27019
34028.0,3.274218
34030.02,3.276635
34032.0,3.278246
34034.0,3.281469
34036.0,3.282275
34038.0,3.28308
34040.0,3.28308
34042.0,3.28872
34044.0,3.289525
34046.0,3.291942
34048.02,3.2291
34050.0,2.945451
34052.0,2.690807
34054.0,2.453838
34056.0,2.245923
34058.0,2.050093
34060.0,1.8744556
34062.0,1.7148816
34063.99,1.5665868
34066.02,1.4336
34068.0,1.3103316
34070.0,1.1974868
34072.0,1.09436
34074.0,1.002463
34076.0,0.917061
34078.0,0.8397158
34080.0,0.7703774
34081.99,0.7027006
34084.02,0.6463036
34086.0,0.58905
34088.0,0.539904
34090.0,0.4955916
34092.0,0.4528908
34094.0,0.4150238
34096.0,0.3811353
34098.0,0.3481025
34099.99,0.3199038
34102.02,0.2933164
34104.0,0.2667292
34106.0,0.24255884
34108.0,0.2264454
34110.0,0.20872048
34112.02,0.19175096
34114.0,0.1748318
34116.0,0.1611353
34117.99,0.1490501
34120.02,0.13615924
34122.0,0.1248798
34124.0,0.1152117
34126.0,0.10715492
34128.0,0.0974868
34130.02,0.09023572
34132.0,0.082179
34134.0,0.0773449
34135.99,0.07251084
34138.02,0.0644541
34140.0,0.0604257
34142.0,0.05639736
34144.0,0.04995193
34146.0,0.04914626
34148.02,0.04511786
34150.0,0.04270084
34152.0,0.03867246
34153.99,0.03786679
34156.0,0.03142138
34158.0,0.03142138
34160.02,0.02981002
34162.0,0.029004348
34164.0,0.02658732
34166.02,0.02417028
34168.0,0.023364616
34170.0,0.02094758
34172.0,0.24900424
34174.0,0.5125108
34176.0,0.756681
34178.02,0.975875
34180.0,1.1781504
34182.0,1.3635064
34184.02,1.5287204
34186.0,1.681043
34188.0,1.822037
34190.0,1.947772
34192.0,2.066257
34194.0,2.173413
34196.02,2.268482
34198.0,2.357156
34200.0,2.437724
34202.02,2.509479
34204.0,2.583602
34206.0,2.643222
34208.0,2.698863
34210.0,2.7512324
34212.0,2.798768
34214.02,2.840663
34216.0,2.879336
34218.0,2.90839
34220.0,2.950285
34222.0,2.980095
34224.0,3.007489
34226.0,3.034075
34228.0,3.057441
34230.0,3.077583
34232.02,3.093696
34234.0,3.113888
34236.0,3.131612
34238.0,3.146116
34240.0,3.1590052
34242.0,3.1710908
34244.0,3.180759
34246.0,3.192039
34248.0,3.202513
34250.02,3.21057
34252.0,3.220237
34254.0,3.227488
34256.0,3.233934
34258.0,3.240379
34260.0,3.246826
34262.0,3.250854
34264.0,3.254076
34265.99,3.259715
34268.02,3.263744
34270.0,3.267772
34272.0,3.272606
34274.0,3.274218
34276.0,3.275024
34278.0,3.274218
34280.0,3.280663
34282.0,3.283885
34283.99,3.285497
34286.02,3.287914
34288.0,3.289525
34290.0,3.291942
34292.0,3.290331
34294.0,3.189621
34296.0,2.912419
34298.0,2.657725
34300.0,2.428057
34301.99,2.2217532
34304.02,2.026729
34306.0,1.8526524
34308.0,1.693128
34310.0,1.548862
34312.0,1.4158756
34314.02,1.2958296
34316.0,1.1837904
34318.0,1.083081
34319.99,0.989572
34322.02,0.9065874
34324.0,0.8316592
34326.0,0.7599038
34328.0,0.6954496
34330.0,0.6374408
34332.02,0.5834104
34334.0,0.5350696
34336.0,0.4907576
34337.99,0.4464453
34340.02,0.4109452
34342.0,0.3763011
34344.02,0.344074
34346.0,0.3174868
34348.0,0.2876767
34350.02,0.2667292
34352.0,0.24336452
34354.0,0.22322264
34355.99,0.201419
34358.0,0.1893339
34360.0,0.1724147
34362.02,0.16032952
34364.0,0.1458274
34366.0,0.13535364
34368.02,0.1224628
34370.0,0.11440604
34372.0,0.1047379
34374.0,0.0974868
34376.0,0.09023572
34378.0,0.0813733
34380.02,0.07573358
34382.0,0.0708995
34384.0,0.0636484
34386.02,0.0604257
34388.0,0.05559165
34390.0,0.05236894
34392.0,0.0475349
34394.0,0.04270084
34396.0,0.04189516
34398.02,0.03625542
34400.0,0.03625542
34402.0,0.03464409
34404.02,0.03383841
34406.0,0.024975968
34408.0,0.02819868
34410.0,0.025781632
34412.0,0.024975968
34414.0,0.02255893
34416.02,0.02255893
34418.0,0.2804257
34420.0,0.5471548
34422.0,0.784074
34424.0,1.0032684
34426.0,1.199098
34428.0,1.37962
34430.0,1.5480564
34432.0,1.7003796
34434.02,1.838956
34436.0,1.9638864
34438.0,2.079954
34440.0,2.184692
34442.0,2.279811
34444.0,2.366825
34446.0,2.447393
34448.0,2.522371
34450.0,2.589242
34452.02,2.651279
34454.0,2.703698
34456.0,2.756067
34458.0,2.802797
34460.0,2.8454976
34462.0,2.882558
34464.0,2.918058
34466.0,2.953508
34467.99,2.983318
34470.02,3.010711
34472.0,3.034881
34474.0,3.059858
34476.0,3.079999
34478.0,3.09858
34480.0,3.116305
34482.0,3.132418
34484.0,3.146116
34485.99,3.161423
34488.02,3.1710908
34490.0,3.183981
34492.0,3.195261
34494.0,3.208958
34496.0,3.213792
34498.0,3.221043
34500.0,3.227488
34502.0,3.233934
34503.99,3.240379
34506.02,3.246826
34508.0,3.250854
34510.0,3.256493
34512.0,3.258911
34514.0,3.262939
34516.02,3.266161
34518.0,3.265355
34520.0,3.273412
34521.99,3.275829
34524.02,3.279857
34526.0,3.282275
34528.0,3.284691
34530.0,3.28308
34532.0,3.287109
34534.02,3.28872
34536.0,3.290331
34538.0,3.29436
34539.99,3.158201
34542.02,2.8809468
34544.0,2.630331
34546.02,2.405497
34548.0,2.196777
34550.0,2.006587
34552.02,1.8349276
34554.0,1.6770144
34556.0,1.532749
34558.0,1.402179
34560.0,1.283744
34562.0,1.1725104
34564.02,1.0709956
34566.0,0.9807094
34568.0,0.89853
34570.02,0.8235522
34572.0,0.7526528
34574.0,0.689004
34576.0,0.6309956
34578.0,0.5785762
34580.0,0.5286244
34582.02,0.484312
34584.0,0.4432226
34586.0,0.4053056
34588.02,0.3698557
34590.0,0.3416571
34592.0,0.3134584
34594.0,0.2860654
34596.0,0.2643122
34598.0,0.2409475
34600.02,0.2216113
34602.0,0.2054474
34604.0,0.1844998
34606.0,0.1756374
34608.0,0.1587182
34610.0,0.1458274
34612.0,0.13293656
34614.0,0.12407414
34616.0,0.11360036
34618.02,0.1039322
34620.0,0.09587548
34622.0,0.09023572
34624.0,0.082179
34626.0,0.07412224
34628.0,0.06767682
34630.0,0.06525976
34632.0,0.05962004
34634.0,0.05317464
34636.02,0.04834056
34638.0,0.04592355
34640.0,0.0443122
34642.0,0.0410895
34644.0,0.03706112
34646.0,0.03383841
34648.0,0.03383841
34650.0,0.0306157
34652.0,0.02981002
34654.02,0.02739299
34656.0,0.02819868
34658.0,0.023364616
34660.0,0.02255893
34662.0,0.00805676
34664.0,0.314264
34666.0,0.5729364
34668.0,0.8066328
34669.99,1.025827
34672.02,1.223268
34674.0,1.4054016
34676.0,1.5665868
34678.0,1.716493
34680.0,1.853458
34682.0,1.9759716
34684.0,2.092844
34686.0,2.196777
34687.99,2.292702
34690.02,2.37891
34692.0,2.457866
34694.0,2.528817
34696.0,2.591659
34698.0,2.656113
34700.02,2.710948
34702.0,2.763317
34704.0,2.806825
34705.99,2.8511376
34708.02,2.88986
34710.0,2.925309
34712.0,2.963982
34714.0,2.989764
34716.0,3.014739
34718.02,3.040522
34720.0,3.06308
34722.0,3.082416
34723.99,3.100191
34726.02,3.117916
34728.0,3.13403
34730.0,3.148532
34732.0,3.162229
34734.0,3.175119
34736.02,3.184787
34738.0,3.195261
34740.0,3.204124
34741.99,3.213792
34744.02,3.220237
34746.0,3.2299052
34748.02,3.23474
34750.0,3.241185
34752.0,3.246826
34754.02,3.250854
34756.0,3.2532708
34758.0,3.259715
34760.0,3.26455
34762.0,3.268578
34764.0,3.2718
34766.02,3.274218
34768.0,3.276635
34770.0,3.279052
34772.02,3.280663
34774.0,3.283885
34776.0,3.285497
34778.0,3.28872
34780.0,3.290331
34782.0,3.291137
34784.02,3.291137
34786.0,3.117916
34788.0,2.84872
34790.02,2.596493
34792.0,2.375688
34794.0,2.171801
34796.0,1.983222
34798.0,1.8139804
34800.0,1.65929
34802.02,1.514218
34804.0,1.3860648
34806.0,1.2684368
34808.0,1.15962
34810.0,1.0589104
34812.0,0.9702354
34814.0,0.8888622
34816.0,0.8106614
34818.0,0.74379
34820.02,0.6849756
34822.0,0.6229388
34824.0,0.5705194
34826.0,0.5237902
34828.0,0.4786724
34830.0,0.4383886
34832.0,0.4020827
34834.0,0.3674387
34836.0,0.3384343
34838.02,0.307013
34840.0,0.2836484
34842.0,0.259478
34844.0,0.23853052
34846.0,0.2167772
34848.0,0.1998077
34850.0,0.1853055
34852.0,0.16999768
34853.99,0.15630116
34856.02,0.141799
34858.0,0.1321309
34860.0,0.12165708
34862.0,0.11440604
34864.0,0.1039322
34866.0,0.0942641
34868.0,0.08943008
34870.0,0.08056764
34871.99,0.07412224
34874.02,0.06848246
34876.0,0.0644541
34878.0,0.05800869
34880.0,0.0539803
34882.0,0.0507576
34884.0,0.0475349
34886.0,0.04511786
34888.0,0.0410895
34889.99,0.03706112
34892.02,0.03383841
34894.0,0.03625542
34896.0,0.0306157
34898.0,0.02819868
34900.0,0.02658732
34902.02,0.025781632
34904.0,0.02094758
34906.0,0.01933623
34907.99,0.0644541
34910.02,0.3481025
34912.0,0.606775
34914.0,0.841327
34916.0,1.0540764
34918.0,1.2482944
34920.02,1.4231264
34922.0,1.589951
34924.0,1.735829
34925.99,1.869622
34928.02,1.995307
34930.0,2.107346
34932.0,2.209668
34934.0,2.303176
34936.0,2.388578
34938.02,2.465923
34940.0,2.53929
34942.0,2.60455
34943.99,2.66417
34946.02,2.719005
34948.0,2.767346
34950.02,2.812464
34952.0,2.853554
34954.0,2.893082
34956.02,2.929337
34958.0,2.961564
34960.0,2.991375
34962.0,3.021185
34964.0,3.040522
34966.0,3.063886
34968.02,3.084028
34970.0,3.10422
34972.0,3.121139
34974.02,3.140476
34976.0,3.150144
34978.0,3.163034
34980.0,3.175119
34982.0,3.186399
34984.0,3.197679
34986.02,3.207346
34988.0,3.215403
34990.0,3.221849
34992.02,3.228294
34994.0,3.235545
34996.0,3.241185
34998.0,3.248436
35000.0,3.251659
35002.0,3.258105
35004.02,3.263744
35006.0,3.265355
35008.0,3.269384
35010.0,3.272606
35012.0,3.275829
35014.0,3.278246
35016.0,3.280663
35018.0,3.28308
35020.0,3.283885
35022.02,3.289525
35024.0,3.287914
35026.0,3.28872
35028.0,3.289525
35030.0,3.291137
35032.0,3.088056
35034.0,2.816492
35036.0,2.573129
35038.0,2.349905
35040.02,2.151658
35042.0,1.962275
35044.0,1.7946436
35046.0,1.6399036
35048.0,1.4981048
35050.0,1.3723684
35052.0,1.2555452
35054.0,1.1467288
35055.99,1.0492416
35058.02,0.9605674
35060.0,0.8783884
35062.0,0.8034102
35064.0,0.7365392
35066.0,0.6736964
35068.0,0.6172486
35070.0,0.5697136
35072.0,0.518956
35073.99,0.4738381
35076.02,0.4343601
35078.0,0.3980543
35080.0,0.3658272
35082.0,0.3336003
35084.0,0.3062074
35086.0,0.2804257
35088.0,0.257061
35090.0,0.23691908
35091.99,0.2167772
35094.02,0.1998077
35096.0,0.1820828
35098.0,0.1659693
35100.0,0.16032952
35102.0,0.141799
35104.02,0.13051952
35106.0,0.1176287
35108.0,0.1111833
35109.99,0.1023209
35112.02,0.09345846
35114.0,0.08701304
35116.0,0.08056764
35118.0,0.07251084
35120.0,0.06848246
35122.02,0.0636484
35124.0,0.05881435
35126.0,0.0539803
35127.99,0.0475349
35130.02,0.04834056
35132.0,0.0443122
35134.02,0.04189516
35136.0,0.03867246
35138.0,0.03464409
35140.02,0.03303272
35142.0,0.03142138
35144.0,0.02819868
35145.99,0.024975968
35148.02,0.02417028
35150.0,0.02417028
35152.02,0.02255893
35154.0,0.09990386
35156.0,0.3763011
35158.02,0.6342184
35160.0,0.8679146
35162.0,1.074218
35164.0,1.270048
35166.0,1.4457356
35168.0,1.6052596
35170.02,1.7511376
35172.0,1.888152
35174.0,2.006587
35176.02,2.125878
35178.0,2.220948
35180.0,2.312844
35182.0,2.398246
35184.0,2.476447
35186.0,2.546541
35188.02,2.611801
35190.0,2.673032
35192.0,2.722228
35194.02,2.772986
35196.0,2.81891
35198.0,2.86
35200.0,2.898722
35202.0,2.933366
35204.0,2.966399
35206.02,2.991375
35208.0,3.021185
35210.0,3.04455
35212.0,3.067914
35214.0,3.08725
35216.0,3.1058316
35218.0,3.121139
35220.0,3.134835
35222.0,3.151755
35224.02,3.161423
35226.0,3.1767308
35228.0,3.188815
35230.0,3.198485
35232.0,3.206541
35234.0,3.214598
35236.0,3.221043
35238.0,3.233934
35240.0,3.23635
35242.02,3.242797
35244.0,3.249242
35246.0,3.2532708
35248.0,3.258105
35250.0,3.260521
35252.0,3.26455
35254.0,3.269384
35256.0,3.273412
35257.99,3.275829
35260.02,3.275829
35262.0,3.281469
35264.0,3.282275
35266.0,3.279857
35268.0,3.285497
35270.0,3.287914
35272.0,3.29436
35274.0,3.291137
35275.99,3.292748
35278.02,3.052607
35280.0,2.787489
35282.0,2.544124
35284.0,2.32493
35286.0,2.125878
35288.0,1.941327
35290.0,1.7777244
35292.0,1.6213732
35293.99,1.483602
35296.02,1.3546436
35298.0,1.241849
35300.0,1.1338384
35302.0,1.0379624
35304.0,0.9500934
35306.02,0.8695258
35308.0,0.7953532
35310.0,0.7276764
35311.99,0.667251
35314.02,0.6099976
35316.0,0.5584344
35318.0,0.511705
35320.0,0.4657815
35322.0,0.4295261
35324.02,0.3932204
35326.0,0.3601876
35328.0,0.3311832
35329.99,0.3029846
35332.02,0.277203
35334.0,0.2546441
35336.02,0.23127948
35338.0,0.2151659
35340.0,0.19739064
35342.02,0.1812771
35344.0,0.1675806
35346.0,0.1546898
35348.0,0.1377706
35350.02,0.13051952
35352.0,0.12004576
35354.02,0.1079606
35356.0,0.0982925
35358.0,0.09265276
35360.02,0.08540166
35362.0,0.07815058
35364.0,0.07331654
35366.0,0.06848246
35368.0,0.06203707
35370.0,0.05800869
35372.02,0.0539803
35374.0,0.04995193
35376.0,0.0475349
35378.02,0.04028382
35380.0,0.04028382
35382.0,0.03786679
35384.0,0.03383841
35386.0,0.0306157
35388.0,0.02981002
35390.02,0.02819868
35392.0,0.025781632
35394.0,0.023364616
35396.02,0.02255893
35398.0,0.023364616
35400.0,0.13374224
35402.0,0.4126069
35404.0,0.6664454
35406.0,0.8904734
35408.02,1.101611
35410.0,1.292607
35412.0,1.4650716
35414.0,1.6237904
35416.0,1.7672508
35418.0,1.9010428
35420.0,2.0235068
35422.0,2.137157
35424.0,2.233838
35426.02,2.32493
35428.0,2.408719
35430.0,2.490949
35432.0,2.554597
35434.0,2.619051
35436.0,2.678672
35438.0,2.731091
35440.0,2.780238
35442.0,2.824549
35444.02,2.865639
35446.0,2.903556
35448.0,2.9382
35450.0,2.968816
35452.0,2.99782
35454.0,3.026824
35456.0,3.047773
35458.0,3.069526
35459.99,3.089668
35462.02,3.107442
35464.0,3.123556
35466.0,3.140476
35468.0,3.154172
35470.0,3.166257
35472.0,3.177536
35474.0,3.185593
35476.0,3.197679
35477.99,3.208958
35480.02,3.218626
35482.0,3.225071
35484.0,3.232322
35486.0,3.23635
35488.0,3.241185
35490.0,3.248436
35492.0,3.2532708
35494.0,3.259715
35495.99,3.262133
35498.02,3.266161
35500.0,3.2718
35502.0,3.2709952
35504.0,3.273412
35506.0,3.275829
35508.02,3.279857
35510.0,3.28308
35512.0,3.28872
35513.99,3.287109
35516.02,3.287914
35518.0,3.289525
35520.0,3.291137
35522.0,3.295165
35524.0,3.017962
35526.02,2.755261
35528.0,2.516731
35530.0,2.298342
35531.99,2.100095
35534.02,1.919574
35536.0,1.749526
35538.02,1.6036484
35540.0,1.466683
35542.0,1.3409472
35544.02,1.226491
35546.0,1.121753
35548.0,1.026633
35550.0,0.9404252
35552.0,0.8590522
35554.0,0.7856854
35556.02,0.7204256
35558.0,0.6591944
35560.0,0.6035522
35562.02,0.5536004
35564.0,0.506871
35566.0,0.4625589
35568.0,0.4238865
35570.0,0.3924147
35572.0,0.3561592
35574.02,0.3263492
35576.0,0.2989562
35578.0,0.2739803
35580.02,0.2522271
35582.0,0.23127948
35584.0,0.2135545
35586.0,0.1957793
35588.0,0.17886016
35590.0,0.16516368
35592.02,0.15227284
35594.0,0.1377706
35596.0,0.12971384
35598.02,0.11843436
35600.0,0.10876628
35602.0,0.09990386
35604.0,0.09265276
35606.0,0.082179
35608.0,0.07815058
35610.02,0.07251084
35612.0,0.06525976
35614.0,0.06203707
35616.0,0.05881435
35618.0,0.05317464
35620.0,0.04914626
35622.0,0.04592355
35624.0,0.04270084
35626.0,0.0410895
35628.02,0.03464409
35630.0,0.03383841
35632.0,0.03303272
35634.0,0.02981002
35636.0,0.02819868
35638.0,0.025781632
35640.0,0.02417028
35642.0,0.02255893
35644.0,0.02255893
35646.02,0.17080332
35648.0,0.4456396
35650.0,0.6914212
35652.0,0.9178666
35654.0,1.12417
35656.0,1.3071084
35658.0,1.4852136
35660.0,1.641515
35661.99,1.786587
35664.02,1.9155456
35666.0,2.03398
35668.0,2.143602
35670.0,2.241895
35672.0,2.336209
35674.0,2.416776
35676.0,2.4941716
35678.0,2.561848
35679.99,2.626303
35682.02,2.683556
35684.0,2.730286
35686.0,2.784266
35688.0,2.828577
35690.0,2.870473
35692.02,2.910001
35694.0,2.940618
35696.0,2.971233
35697.99,3.000238
35700.02,3.022796
35702.0,3.050189
35704.0,3.071943
35706.0,3.09289
35708.0,3.111471
35710.02,3.126778
35712.0,3.1412816
35714.0,3.152561
35715.99,3.166257
35718.02,3.179147
35720.0,3.190427
35722.0,3.200901
35724.0,3.211375
35726.0,3.218626
35728.02,3.225071
35730.0,3.233128
35732.0,3.237962
35733.99,3.244408
35736.02,3.250048
35738.0,3.254076
35740.02,3.258105
35742.0,3.262133
35744.0,3.263744
35746.02,3.268578
35748.0,3.2718
35750.0,3.275829
35752.0,3.279052
35754.0,3.280663
35756.0,3.282275
35758.02,3.284691
35760.0,3.282275
35762.0,3.287109
35764.02,3.290331
35766.0,3.291137
35768.0,3.27019
35770.0,2.985735
35772.0,2.723033
35774.0,2.487727
35776.02,2.274978
35778.0,2.078342
35780.0,1.8994316
35782.02,1.735829
35784.0,1.5875348
35786.0,1.451375
35788.0,1.3288624
35790.0,1.216823
35792.0,1.109668
35794.02,1.0153532
35796.0,0.931563
35798.0,0.8509956
35800.0,0.7776286
35802.0,0.7123688
35804.0,0.6487204
35806.0,0.598718
35808.0,0.5479606
35810.0,0.5012316
35812.02,0.4593362
35814.0,0.4214692
35816.0,0.3851636
35818.0,0.3521308
35820.0,0.3239322
35822.0,0.2965392
35824.0,0.2731746
35826.0,0.24900424
35828.0,0.2288624
35830.02,0.21033176
35832.0,0.19336224
35834.0,0.1772488
35836.0,0.1659693
35838.0,0.15227284
35840.0,0.1377706
35842.0,0.1272968
35844.0,0.11682304
35846.0,0.10634928
35848.02,0.09909816
35850.0,0.0886244
35852.0,0.0837903
35854.0,0.07976194
35856.0,0.06848246
35858.0,0.06606544
35860.0,0.06203707
35862.0,0.05800869
35863.99,0.05559165
35866.02,0.04834056
35868.0,0.04511786
35870.0,0.04189516
35872.0,0.03947813
35874.0,0.03706112
35876.0,0.03464409
35878.0,0.02981002
35880.0,0.02739299
35881.99,0.02739299
35884.02,0.024975968
35886.0,0.02175326
35888.0,0.02417028
35890.0,0.02014191
35892.0,0.2054474
35894.02,0.4722268
35896.0,0.7180086
35898.0,0.9452594
35899.99,1.149146
35902.02,1.3377244
35904.0,1.50455
35906.0,1.6609012
35908.0,1.80109
35910.0,1.930853
35912.02,2.048482
35914.0,2.155687
35916.0,2.256397
35917.99,2.345877
35920.02,2.4256392
35922.0,2.501422
35924.02,2.5691
35926.0,2.631137
35928.0,2.689196
35930.02,2.743176
35932.0,2.791518
35934.0,2.835024
35935.99,2.874502
35938.02,2.911613
35940.0,2.945451
35942.02,2.973649
35944.0,3.005072
35946.0,3.030853
35948.02,3.053413
35950.0,3.075165
35952.0,3.09289
35954.0,3.111471
35956.0,3.127584
35958.0,3.143698
35960.02,3.158201
35962.0,3.16948
35964.0,3.182371
35966.02,3.191233
35968.0,3.200096
35970.0,3.208958
35972.0,3.217821
35974.0,3.225877
35976.0,3.233934
35978.02,3.240379
35980.0,3.245214
35982.0,3.249242
35984.02,3.258911
35986.0,3.258105
35988.0,3.262133
35990.0,3.266967
35992.0,3.2709952
35994.0,3.27019
35996.02,3.275829
35998.0,3.27744
36000.0,3.279052
36002.0,3.283885
36004.0,3.285497
36006.0,3.287914
36008.0,3.28872
36010.0,3.289525
36012.0,3.289525
36014.02,3.233128
36016.0,2.949479
36018.0,2.693224
36020.0,2.459478
36022.0,2.24834
36024.0,2.052511
36026.0,1.8776784
36028.0,1.7172988
36030.0,1.5698096
36032.02,1.4352112
36034.0,1.312749
36036.0,1.199098
36038.0,1.095166
36040.0,1.0089084
36042.0,0.919478
36044.0,0.8405214
36046.0,0.7695718
36047.99,0.704312
36050.02,0.644692
36052.0,0.5914672
36054.0,0.5407096
36056.0,0.4963972
36058.0,0.4536965
36060.0,0.4174409
36062.0,0.3811353
36064.0,0.3489082
36065.99,0.3207094
36068.02,0.2941222
36070.0,0.2683405
36072.0,0.2465873
36074.0,0.2272511
36076.0,0.2071091
36078.0,0.1909453
36080.0,0.1756374
36082.0,0.1619409
36083.99,0.14824448
36086.02,0.13696492
36088.0,0.1264912
36090.0,0.11601738
36092.0,0.10634928
36094.0,0.0982925
36096.02,0.0918471
36098.0,0.08540166
36100.0,0.07653924
36101.99,0.07170516
36104.02,0.06687112
36106.0,0.06284276
36108.0,0.05639736
36110.0,0.05317464
36112.0,0.04914626
36114.02,0.04511786
36116.0,0.0410895
36118.0,0.03947813
36119.99,0.03625542
36122.02,0.03383841
36124.0,0.0306157
36126.02,0.029004348
36128.0,0.02739299
36130.0,0.025781632
36132.02,0.023364616
36134.0,0.02255893
36136.0,0.02175326
36138.0,0.24255884
36140.02,0.5076766
36142.0,0.7534584
36144.02,0.9734582
36146.0,1.173316
36148.0,1.357866
36150.02,1.5238864
36152.0,1.6794316
36154.0,1.822037
36156.0,1.9469664
36158.0,2.065452
36160.0,2.170995
36162.02,2.266065
36164.0,2.353934
36166.0,2.436114
36168.02,2.511091
36170.0,2.583602
36172.0,2.640806
36174.0,2.6980584
36176.0,2.748816
36178.0,2.796351
36180.02,2.838247
36182.0,2.881752
36184.0,2.917252
36186.02,2.949479
36188.0,2.980095
36190.0,3.007489
36192.0,3.032464
36194.0,3.055829
36196.0,3.076777
36198.02,3.096969
36200.0,3.115499
36202.0,3.130001
36204.0,3.147726
36206.0,3.158201
36208.0,3.165451
36210.0,3.181565
36212.0,3.192845
36214.0,3.200096
36216.02,3.2121808
36218.0,3.221043
36220.0,3.227488
36222.0,3.233128
36224.0,3.237962
36226.0,3.245214
36228.0,3.250048
36230.0,3.255687
36232.0,3.259715
36234.02,3.263744
36236.0,3.26455
36238.0,3.266161
36240.0,3.2718
36242.0,3.275829
36244.0,3.276635
36246.0,3.282275
36248.0,3.283885
36249.99,3.284691
36252.02,3.287109
36254.0,3.291942
36256.0,3.278246
36258.0,3.291942
36260.0,3.198485
36262.0,2.9196692
36264.0,2.664976
36266.0,2.436114
36267.99,2.227393
36270.02,2.033175
36272.0,1.8583424
36274.0,1.699574
36276.0,1.5520848
36278.0,1.416681
36280.0,1.299858
36282.0,1.1878188
36284.0,1.089526
36285.99,0.9944058
36288.02,0.90981
36290.0,0.8324648
36292.0,0.7615152
36294.0,0.6970612
36296.0,0.6390522
36298.02,0.5850216
36300.0,0.5374866
36302.0,0.4907576
36303.99,0.4496682
36306.02,0.4126069
36308.0,0.3779124
36310.0,0.3456854
36312.0,0.3174868
36314.0,0.2900938
36316.02,0.2659236
36318.0,0.2409475
36320.0,0.2216113
36321.99,0.20630344
36324.02,0.1893339
36326.0,0.1740261
36328.02,0.1619409
36330.0,0.1474387
36332.0,0.13535364
36334.02,0.1248798
36336.0,0.11601738
36338.0,0.10634928
36340.0,0.09668114
36342.02,0.08943008
36344.0,0.08298464
36346.02,0.0773449
36348.0,0.07412224
36350.0,0.06687112
36352.02,0.0604257
36354.0,0.05639736
36356.0,0.05478598
36358.0,0.04995193
36360.0,0.04350652
36362.0,0.04270084
36364.02,0.03867246
36366.0,0.03625542
36368.0,0.03303272
36370.02,0.03142138
36372.0,0.02981002
36374.0,0.029004348
36376.0,0.02658732
36378.0,0.024975968
36380.0,0.02255893
36382.02,0.02255893
36384.0,0.2691461
36386.0,0.5374866
36388.02,0.7776286
36390.0,0.9952114
36392.0,1.1958752
36394.0,1.37962
36396.0,1.544834
36398.0,1.697963
36400.02,1.8349276
36402.0,1.957441
36404.0,2.075925
36406.0,2.182275
36408.0,2.277395
36410.0,2.365213
36412.0,2.444975
36414.0,2.519953
36416.0,2.586019
36418.02,2.648862
36420.0,2.704503
36422.0,2.756067
36424.0,2.802797
36426.0,2.844692
36428.0,2.88417
36430.0,2.9196692
36432.0,2.948675
36434.0,2.980095
36436.02,3.009905
36438.0,3.036494
36440.0,3.059052
36442.0,3.080805
36444.0,3.097775
36446.0,3.114693
36448.0,3.130806
36450.0,3.146116
36451.99,3.161423
36454.02,3.170286
36456.0,3.184787
36458.0,3.195261
36460.0,3.204124
36462.0,3.21057
36464.0,3.220237
36466.0,3.227488
36468.0,3.23474
36469.99,3.241185
36472.02,3.246826
36474.0,3.251659
36476.0,3.255687
36478.0,3.258911
36480.0,3.262939
36482.02,3.267772
36484.0,3.2709952
36486.0,3.274218
36487.99,3.276635
36490.02,3.279857
36492.0,3.280663
36494.0,3.284691
36496.0,3.285497
36498.0,3.287914
36500.02,3.28872
36502.0,3.291137
36504.0,3.292748
36505.99,3.163034
36508.02,2.888249
36510.0,2.635971
36512.0,2.4079148
36514.0,2.199999
36516.0,2.010616
36518.02,1.83815
36520.0,1.680237
36522.0,1.531137
36523.99,1.4062072
36526.02,1.28455
36528.0,1.1725104
36530.02,1.074218
36532.0,0.9831266
36534.0,0.9009476
36536.02,0.8235522
36538.0,0.7534584
36540.0,0.6881984
36542.0,0.6326068
36544.02,0.579382
36546.0,0.5302356
36548.02,0.4851177
36550.0,0.4456396
36552.0,0.4077225
36554.02,0.371467
36556.0,0.3416571
36558.0,0.3134584
36560.0,0.2876767
36562.0,0.2627007
36564.0,0.2417532
36566.02,0.22080568
36568.0,0.2046418
36570.0,0.1877226
36572.02,0.1724147
36574.0,0.1579125
36576.0,0.1450217
36578.0,0.13374224
36580.0,0.12568552
36582.0,0.11440604
36584.02,0.10634928
36586.0,0.0974868
36588.0,0.08943008
36590.02,0.082179
36592.0,0.07573358
36594.0,0.07009382
36596.0,0.06525976
36598.0,0.05962004
36600.0,0.05559165
36602.02,0.05156327
36604.0,0.0475349
36606.0,0.04270084
36608.0,0.04189516
36610.0,0.03786679
36612.0,0.03625542
36614.0,0.03222704
36616.0,0.03222704
36618.0,0.0306157
36620.02,0.02658732
36622.0,0.02658732
36624.0,0.02417028
36626.0,0.023364616
36628.0,0.02255893
36630.0,0.307013
36632.0,0.5697136
36634.0,0.8074384
36636.0,1.02341
36638.02,1.220851
36640.0,1.401373
36642.0,1.563364
36644.0,1.7132704
36646.0,1.851041
36648.0,1.9759716
36650.0,2.092844
36652.0,2.195971
36653.99,2.287868
36656.02,2.37891
36658.0,2.455449
36660.0,2.528011
36662.0,2.595687
36664.0,2.656113
36666.0,2.710143
36668.0,2.761707
36670.0,2.805213
36671.99,2.852748
36674.02,2.888249
36676.0,2.924504
36678.0,2.959148
36680.0,2.986541
36682.0,3.013934
36684.02,3.038104
36686.0,3.060664
36688.0,3.081611
36689.99,3.100191
36692.02,3.117916
36694.0,3.136446
36696.0,3.148532
36698.0,3.161423
36700.0,3.174314
36702.02,3.185593
36704.0,3.197679
36706.0,3.20493
36707.99,3.212986
36710.02,3.221849
36712.0,3.2291
36714.0,3.237156
36716.0,3.240379
36718.0,3.246826
36720.02,3.252465
36722.0,3.256493
36724.0,3.261327
36725.99,3.26455
36728.02,3.267772
36730.0,3.2709952
36732.02,3.2709952
36734.0,3.275829
36736.0,3.27744
36738.02,3.281469
36740.0,3.285497
36742.0,3.285497
36744.0,3.284691
36746.0,3.287914
36748.0,3.28872
36750.02,3.292748
36752.0,3.127584
36754.0,2.85436
36756.02,2.606966
36758.0,2.382133
36760.0,2.178247
36762.0,1.9880564
36764.0,1.817203
36766.0,1.6625124
36768.02,1.519858
36770.0,1.390094
36772.0,1.272465
36774.02,1.161231
36776.0,1.062133
36778.0,0.9742638
36780.0,0.8888622
36782.0,0.8146898
36784.0,0.7445958
36786.02,0.6817532
36788.0,0.6277726
36790.0,0.5729364
36792.02,0.519762
36794.0,0.479478
36796.0,0.4408056
36798.0,0.4028885
36800.0,0.3690501
36802.0,0.3400456
36804.02,0.30943
36806.0,0.2836484
36808.0,0.2651178
36810.0,0.23853052
36812.0,0.2191943
36814.0,0.201419
36816.0,0.1853055
36818.0,0.17080332
36820.0,0.1587182
36822.02,0.14824448
36824.0,0.1321309
36826.0,0.12326848
36828.0,0.1127947
36830.0,0.10634928
36832.0,0.0942641
36834.0,0.0878187
36836.0,0.0813733
36838.02,0.07412224
36840.02,0.06928818
36842.0,0.0636484
36844.0,0.05962004
36846.0,0.05639736
36848.0,0.05156327
36850.0,0.04672923
36852.0,0.0410895
36854.0,0.0410895
36855.99,0.03706112
36858.02,0.03464409
36860.0,0.03303272
36862.0,0.03222704
36864.0,0.029004348
36866.0,0.02739299
36868.0,0.02739299
36870.0,0.02417028
36872.0,0.02175326
36873.99,0.05639736
36876.02,0.3400456
36878.0,0.601135
36880.0,0.8332704
36882.0,1.041991
36884.0,1.2426544
36886.02,1.419904
36888.0,1.5835064
36890.0,1.732606
36891.99,1.866399
36894.02,1.9904736
36896.0,2.103318
36898.0,2.211279
36900.0,2.299148
36902.0,2.386967
36904.02,2.464312
36906.0,2.540902
36908.0,2.603744
36909.99,2.662558
36912.02,2.714977
36914.0,2.764123
36916.02,2.812464
36918.0,2.855166
36920.0,2.892277
36922.02,2.925309
36924.0,2.959954
36926.0,2.988959
36928.0,3.014739
36930.02,3.042133
36932.0,3.063886
36934.02,3.085639
36936.0,3.105026
36938.0,3.119527
36940.02,3.1356408
36942.0,3.147726
36944.0,3.160617
36946.0,3.175119
36948.0,3.186399
36950.0,3.197679
36952.02,3.206541
36954.0,3.212986
36956.0,3.222655
36958.02,3.225071
36960.0,3.235545
36962.0,3.242797
36964.0,3.250048
36966.0,3.252465
36968.0,3.257299
36970.02,3.260521
36972.0,3.26455
36974.0,3.27019
36976.02,3.2718
36978.0,3.274218
36980.0,3.27744
36982.0,3.279857
36984.0,3.281469
36986.0,3.28308
36988.02,3.284691
36990.0,3.287109
36992.0,3.28872
36994.0,3.289525
36996.0,3.291942
36998.0,3.093696
37000.0,2.824549
37002.0,2.58038
37004.0,2.355545
37006.02,2.152464
37008.0,1.967109
37010.0,1.798673
37012.0,1.6447376
37014.0,1.5029384
37016.0,1.376397
37018.0,1.2555452
37020.0,1.149146
37022.0,1.05327
37024.02,0.9621788
37026.0,0.88
37028.0,0.8058272
37030.0,0.7373448
37032.0,0.6736964
37034.0,0.6180542
37036.0,0.5672968
37038.0,0.5181504
37040.02,0.4714212
37042.02,0.4351657
37044.0,0.3980543
37046.0,0.3650216
37048.0,0.334406
37050.0,0.307013
37052.0,0.2812313
37054.0,0.2578668
37056.0,0.23691908
37057.99,0.21758284
37060.02,0.199002
37062.0,0.1836942
37064.0,0.169192
37066.0,0.1554955
37068.0,0.14341032
37070.0,0.1313252
37072.0,0.12165708
37074.0,0.11037764
37075.99,0.10312654
37078.02,0.09265276
37080.0,0.08701304
37082.0,0.07976194
37084.0,0.07412224
37086.0,0.0708995
37088.02,0.06284276
37090.0,0.05881435
37092.0,0.05559165
37093.99,0.0507576
37096.02,0.04592355
37098.0,0.04350652
37100.0,0.0410895
37102.0,0.03786679
37104.0,0.03303272
37106.02,0.03303272
37108.0,0.03222704
37110.0,0.02819868
37111.99,0.02417028
37114.02,0.024975968
37116.0,0.02417028
37118.02,0.02255893
37120.0,0.09345846
37122.0,0.3706614
37124.02,0.6277726
37126.0,0.8614692
37128.0,1.075829
37130.0,1.2660196
37132.02,1.4424624
37134.0,1.6036484
37136.02,1.747915
37138.0,1.881707
37140.0,2.003364
37142.02,2.117015
37144.0,2.216919
37146.0,2.309621
37148.0,2.39583
37150.0,2.473174
37152.0,2.54493
37154.02,2.610189
37156.0,2.669004
37158.0,2.723839
37160.02,2.772986
37162.0,2.81891
37164.0,2.859194
37166.0,2.89711
37168.0,2.93256
37170.0,2.965593
37172.02,2.994598
37174.0,3.021185
37176.0,3.04455
37178.02,3.065498
37180.0,3.086444
37182.0,3.10422
37184.0,3.121945
37186.0,3.136446
37188.0,3.151755
37190.02,3.166257
37192.0,3.175925
37194.0,3.18801
37196.0,3.200901
37198.0,3.206541
37200.0,3.215403
37202.0,3.222655
37204.0,3.2291
37206.0,3.237156
37208.02,3.24199
37210.0,3.246826
37212.0,3.2476308
37214.0,3.2532708
37216.0,3.261327
37218.0,3.266161
37220.0,3.269384
37222.0,3.2718
37224.0,3.274218
37226.02,3.278246
37228.0,3.278246
37230.0,3.282275
37232.0,3.285497
37234.0,3.287109
37236.0,3.290331
37238.0,3.289525
37240.0,3.290331
37242.02,3.287109
37244.02,3.059052
37246.0,2.790712
37248.0,2.548152
37250.0,2.328152
37252.0,2.1291
37254.0,1.9445492
37256.0,1.7769184
37258.0,1.624596
37259.99,1.483602
37262.02,1.357866
37264.0,1.2434604
37266.0,1.137061
37268.0,1.0387684
37270.0,0.951705
37272.02,0.8638862
37274.0,0.796159
37276.0,0.729288
37277.99,0.6680566
37280.02,0.6124146
37282.0,0.5608514
37284.0,0.5125108
37286.0,0.4698098
37288.0,0.4319431
37290.02,0.3924147
37292.0,0.3601876
37294.0,0.331989
37295.99,0.3013732
37298.02,0.2780088
37300.0,0.2554497
37302.0,0.23127948
37304.0,0.2151659
37306.0,0.1981963
37308.02,0.1812771
37310.0,0.16677496
37312.0,0.15388416
37313.99,0.14018764
37316.02,0.1281025
37318.0,0.1192401
37320.02,0.11360036
37322.0,0.1007095
37324.0,0.09345846
37326.02,0.08540166
37328.0,0.07895626
37330.0,0.07331654
37332.0,0.06606544
37334.02,0.06284276
37336.0,0.05559165
37338.02,0.05478598
37340.0,0.04995193
37342.0,0.04672923
37344.02,0.04270084
37346.0,0.04350652
37348.0,0.0410895
37350.0,0.03464409
37352.0,0.03222704
37354.0,0.02819868
37356.02,0.029004348
37358.0,0.02658732
37360.0,0.025781632
37362.02,0.01933623
37364.0,0.02175326
37366.0,0.12971384
37368.0,0.4061112
37370.0,0.6575828
37372.0,0.8864452
37374.02,1.0959712
37376.0,1.287773
37378.0,1.4650716
37380.02,1.6197616
37382.0,1.7664452
37384.0,1.89782
37386.0,2.0178668
37388.0,2.1291
37390.0,2.229004
37392.02,2.323319
37394.0,2.405497
37396.0,2.480476
37398.0,2.554597
37400.0,2.6182452
37402.0,2.6770608
37404.0,2.728674
37406.0,2.777014
37408.0,2.822938
37410.02,2.864028
37412.0,2.90275
37414.0,2.9373948
37416.0,2.96801
37418.0,2.995404
37420.0,3.024408
37422.0,3.048579
37424.0,3.06872
37426.0,3.088056
37428.02,3.108248
37430.0,3.124361
37432.0,3.138863
37434.0,3.152561
37436.0,3.164646
37438.0,3.177536
37440.0,3.18801
37442.0,3.200096
37443.99,3.208152
37446.02,3.217821
37448.0,3.224265
37450.0,3.2299052
37452.0,3.23635
37454.0,3.241185
37456.0,3.248436
37458.0,3.254076
37460.0,3.257299
37461.99,3.261327
37464.02,3.26455
37466.0,3.268578
37468.0,3.2709952
37470.0,3.275024
37472.0,3.278246
37474.02,3.283885
37476.0,3.282275
37478.0,3.284691
37479.99,3.287109
37482.02,3.287109
37484.0,3.289525
37486.0,3.291137
37488.0,3.295165
37490.0,3.0260184
37492.02,2.761707
37494.0,2.524788
37496.0,2.305593
37497.99,2.105735
37500.02,1.9252136
37502.0,1.759194
37504.0,1.6076768
37506.0,1.4707116
37508.0,1.345781
37510.02,1.2272964
37512.0,1.121753
37514.0,1.0298552
37515.99,0.941231
37518.02,0.8614692
37520.0,0.788908
37522.02,0.7188142
37524.0,0.6608056
37526.0,0.606775
37528.02,0.5560176
37530.0,0.5076766
37532.0,0.4657815
37534.0,0.4254978
37536.02,0.3899975
37538.0,0.356965
37540.02,0.3287663
37542.0,0.3013732
37544.0,0.2755915
37546.02,0.2514214
37548.0,0.2320851
37550.0,0.2127489
37552.0,0.19336224
37554.0,0.17966576
37556.0,0.1659693
37558.02,0.15307848
37560.0,0.139382
37562.0,0.12971384
37564.02,0.11843436
37566.0,0.10957196
37568.0,0.1007095
37570.0,0.0950698
37572.0,0.084596
37574.0,0.07895626
37576.02,0.07251084
37578.0,0.06767682
37580.0,0.06203707
37582.02,0.05720302
37584.0,0.05317464
37586.0,0.0507576
37588.0,0.04672923
37590.0,0.04189516
37592.0,0.04028382
37594.02,0.03706112
37596.0,0.03383841
37598.0,0.03706112
37600.0,0.02981002
37602.0,0.02819868
37604.0,0.029004348
37606.0,0.02739299
37608.0,0.023364616
37610.0,0.02255893
37612.02,0.164358
37614.0,0.437583
37616.0,0.6849756
37618.0,0.9130326
37620.0,1.1193364
37622.0,1.3095256
37624.0,1.481991
37626.0,1.6374868
37628.0,1.784975
37630.02,1.9115172
37632.0,2.031563
37634.0,2.141185
37636.0,2.241895
37638.0,2.333792
37640.0,2.415971
37642.0,2.490949
37644.0,2.559431
37645.99,2.624692
37648.02,2.681945
37650.0,2.735119
37652.0,2.784266
37654.0,2.83019
37656.0,2.867251
37658.0,2.906779
37660.0,2.935784
37662.0,2.969621
37663.99,3.001044
37666.02,3.026824
37668.0,3.050995
37670.0,3.073554
37672.0,3.089668
37674.0,3.108248
37676.02,3.120333
37678.0,3.13967
37680.0,3.155783
37681.99,3.16948
37684.02,3.180759
37686.0,3.191233
37688.0,3.201707
37690.0,3.20493
37692.0,3.217821
37694.02,3.226683
37696.0,3.232322
37698.0,3.237962
37699.99,3.244408
37702.02,3.2476308
37704.0,3.250048
37706.02,3.254076
37708.0,3.262133
37710.0,3.266161
37712.02,3.27019
37714.0,3.2718
37716.0,3.275829
37717.99,3.27744
37720.02,3.279052
37722.0,3.280663
37724.02,3.283885
37726.0,3.287109
37728.0,3.28872
37730.02,3.291137
37732.0,3.290331
37734.0,3.276635
37736.0,2.992987
37738.02,2.730286
37740.0,2.493366
37742.02,2.279006
37744.0,2.079954
37746.0,1.902655
37748.02,1.7398576
37750.0,1.585923
37752.0,1.4537924
37754.0,1.3288624
37756.0,1.2152116
37758.0,1.1112796
37760.02,1.0177704
37762.0,0.9259234
37764.0,0.8526068
37766.02,0.7800456
37768.0,0.7123688
37770.0,0.6527486
37772.0,0.5971068
37774.0,0.5503774
37776.0,0.5020372
37778.02,0.4601418
37780.0,0.4230805
37782.0,0.3859692
37784.02,0.3537423
37786.0,0.3239322
37788.0,0.2957336
37790.0,0.2747859
37792.0,0.2506158
37794.0,0.2304737
37796.02,0.2095261
37798.0,0.1925566
37800.0,0.1780545
37802.0,0.1619409
37804.0,0.14985576
37806.0,0.139382
37808.0,0.1264912
37810.0,0.1176287
37812.0,0.1079606
37814.02,0.09909816
37816.0,0.09265276
37818.0,0.08540166
37820.0,0.07976194
37822.0,0.07170516
37824.0,0.06928818
37826.0,0.06203707
37828.0,0.05559165
37830.02,0.05236894
37832.02,0.04914626
37834.0,0.04511786
37836.0,0.04350652
37838.0,0.04028382
37840.0,0.03625542
37842.0,0.03383841
37844.0,0.03303272
37846.0,0.029004348
37847.99,0.03222704
37850.02,0.02658732
37852.0,0.024975968
37854.0,0.024975968
37856.0,0.024975968
37858.0,0.1998077
37860.0,0.4706156
37862.0,0.7163972
37864.0,0.9420366
37865.99,1.1443116
37868.02,1.331279
37870.0,1.499716
37872.0,1.658484
37874.0,1.799478
37876.0,1.928436
37878.02,2.048482
37880.0,2.155687
37882.0,2.252368
37883.99,2.341849
37886.02,2.4256392
37888.0,2.500617
37890.0,2.569905
37892.0,2.632749
37894.0,2.690002
37896.02,2.740759
37898.0,2.789906
37900.0,2.831802
37901.99,2.87289
37904.02,2.912419
37906.0,2.943035
37908.02,2.976067
37910.0,3.00346
37912.0,3.029242
37914.02,3.051801
37916.0,3.073554
37918.0,3.09289
37920.0,3.112276
37922.02,3.127584
37924.0,3.14531
37926.02,3.157395
37928.0,3.16948
37930.0,3.179953
37932.02,3.191233
37934.0,3.201707
37936.0,3.211375
37938.0,3.217821
37940.0,3.225877
37942.0,3.232322
37944.02,3.237156
37946.0,3.243602
37948.0,3.248436
37950.02,3.254882
37952.0,3.259715
37954.0,3.262133
37956.0,3.266161
37958.0,3.27019
37960.0,3.273412
37962.02,3.272606
37964.0,3.279857
37966.0,3.281469
37968.02,3.28308
37970.0,3.284691
37972.0,3.285497
37974.0,3.28872
37976.0,3.28872
37978.0,3.291942
37980.02,3.24199
37982.0,2.958342
37984.0,2.701281
37986.02,2.469146
37988.0,2.258008
37990.0,2.059761
37992.0,1.883318
37994.0,1.719716
37996.0,1.5730324
37998.02,1.4392396
38000.0,1.3167776
38002.0,1.2023208
38004.0,1.0999996
38006.0,1.0072968
38008.0,0.9218948
38010.0,0.8453554
38012.0,0.7679604
38014.0,0.7059234
38016.02,0.6463036
38018.0,0.5930784
38020.0,0.5423208
38022.0,0.4963972
38024.0,0.4553079
38026.0,0.4182466
38028.0,0.3811353
38030.0,0.3497138
38032.02,0.3215152
38034.02,0.2949278
38036.0,0.2691461
38038.0,0.2481986
38040.0,0.23127948
38042.0,0.2079148
38044.0,0.19175096
38046.0,0.1756374
38048.0,0.1619409
38049.99,0.1490501
38052.02,0.13696492
38054.0,0.1264912
38056.0,0.11601738
38058.0,0.10715492
38060.0,0.09909816
38062.02,0.09023572
38064.0,0.082179
38066.0,0.0773449
38067.99,0.07170516
38070.02,0.06687112
38072.0,0.0604257
38074.0,0.05639736
38076.0,0.05236894
38078.0,0.04914626
38080.02,0.04672923
38082.0,0.04189516
38084.0,0.03867246
38085.99,0.03544975
38088.02,0.03544975
38090.0,0.03222704
38092.0,0.029004348
38094.0,0.0306157
38096.0,0.025781632
38098.02,0.023364616
38100.0,0.02255893
38102.0,0.02094758
38103.99,0.23127948
38106.02,0.5004256
38108.0,0.7429844
38110.02,0.96379
38112.0,1.166871
38114.0,1.3530324
38116.02,1.5214692
38118.0,1.6762088
38120.0,1.8155916
38122.0,1.942938
38124.02,2.058956
38126.0,2.166967
38128.02,2.265259
38130.0,2.353934
38132.0,2.434502
38134.02,2.510285
38136.0,2.576352
38138.0,2.638388
38140.0,2.69403
38142.0,2.747204
38144.0,2.797157
38146.02,2.838247
38148.0,2.87853
38150.0,2.914835
38152.02,2.947869
38154.0,2.976873
38156.0,3.005877
38158.0,3.03327
38160.0,3.055829
38162.0,3.076777
38164.02,3.09289
38166.0,3.113082
38168.0,3.12839
38170.02,3.144504
38172.0,3.155783
38174.0,3.1710908
38176.0,3.183175
38178.0,3.193651
38180.0,3.203318
38182.02,3.211375
38184.0,3.218626
38186.0,3.226683
38188.0,3.233934
38190.0,3.239573
38192.0,3.245214
38194.0,3.248436
38196.0,3.255687
38198.0,3.259715
38200.02,3.262133
38202.0,3.267772
38204.0,3.2709952
38206.0,3.273412
38208.0,3.276635
38210.0,3.279052
38212.0,3.27744
38214.0,3.282275
38216.0,3.283885
38218.02,3.287109
38220.0,3.287914
38222.0,3.291137
38224.0,3.293554
38226.0,3.205736
38228.0,2.926114
38230.0,2.67142
38232.0,2.440142
38234.02,2.229004
38236.02,2.036397
38238.0,1.8615652
38240.0,1.7027968
38242.0,1.556113
38244.0,1.428766
38246.0,1.302275
38248.0,1.18943
38250.0,1.0887204
38251.99,0.996017
38254.02,0.9114214
38256.0,0.8348818
38258.0,0.763932
38260.0,0.6986724
38262.0,0.6358296
38264.02,0.5866328
38266.0,0.536681
38268.0,0.4915632
38269.99,0.4496682
38272.02,0.4142182
38274.0,0.3771068
38276.0,0.3456854
38278.0,0.3182924
38280.0,0.2900938
38282.02,0.2667292
38284.0,0.2441703
38286.0,0.2248341
38287.99,0.2071091
38290.02,0.19336224
38292.0,0.17322036
38294.0,0.1611353
38296.0,0.14824448
38298.0,0.1345479
38300.02,0.12407414
38302.0,0.11440604
38304.0,0.1079606
38305.99,0.09668114
38308.02,0.0886244
38310.0,0.082179
38312.02,0.07653924
38314.0,0.0708995
38316.0,0.06525976
38318.02,0.0604257
38320.0,0.05639736
38322.0,0.05236894
38324.0,0.04834056
38326.02,0.04511786
38328.0,0.04350652
38330.02,0.03867246
38332.0,0.03625542
38334.0,0.03383841
38336.02,0.03303272
38338.0,0.03222704
38340.0,0.02739299
38342.0,0.025781632
38344.0,0.024975968
38346.0,0.02175326
38348.02,0.02014191
38350.0,0.2659236
38352.0,0.5326526
38354.02,0.7736002
38356.0,0.9944058
38358.0,1.1926524
38360.0,1.3772028
38362.0,1.5383884
38364.0,1.692322
38366.02,1.831705
38368.0,1.958247
38370.0,2.076731
38372.02,2.180663
38374.0,2.276589
38376.0,2.364407
38378.0,2.446587
38380.0,2.517536
38382.0,2.585214
38384.02,2.647251
38386.0,2.702892
38388.0,2.755261
38390.0,2.801991
38392.0,2.842275
38394.0,2.879336
38396.0,2.918058
38398.0,2.952703
38400.0,2.981706
38402.02,3.010711
38404.0,3.038104
38406.0,3.059052
38408.0,3.081611
38410.0,3.096969
38412.0,3.115499
38414.0,3.132418
38416.0,3.147726
38418.0,3.159811
38420.02,3.173508
38422.0,3.179147
38424.0,3.189621
38426.0,3.204124
38428.0,3.21057
38430.0,3.221043
38432.0,3.227488
38434.0,3.233934
38436.02,3.239573
38438.02,3.240379
38440.0,3.250048
38442.0,3.255687
38444.0,3.260521
38446.0,3.265355
38448.0,3.267772
38450.0,3.2709952
38452.0,3.275829
38453.99,3.274218
38456.02,3.278246
38458.0,3.282275
38460.0,3.283885
38462.0,3.286303
38464.0,3.287109
38466.02,3.28872
38468.0,3.285497
38470.0,3.290331
38471.99,3.170286
38474.02,2.88986
38476.0,2.642416
38478.0,2.413554
38480.0,2.20725
38482.0,2.013838
38484.02,1.8421784
38486.0,1.682654
38488.0,1.539194
38489.99,1.4070128
38492.02,1.2885788
38494.0,1.181373
38496.02,1.076635
38498.0,0.9790982
38500.0,0.9009476
38502.02,0.8260194
38504.0,0.754264
38506.0,0.6914212
38507.99,0.6318012
38510.02,0.5769646
38512.0,0.534264
38514.02,0.484312
38516.0,0.4464453
38518.0,0.4077225
38520.02,0.3738841
38522.0,0.3472969
38524.0,0.314264
38526.0,0.286871
38528.02,0.2627007
38530.0,0.24255884
38532.02,0.22322264
38534.0,0.2046418
38536.0,0.1877226
38538.02,0.171609
38540.0,0.16032952
38542.0,0.1474387
38544.0,0.13535364
38546.0,0.12326848
38548.0,0.1152117
38550.02,0.10554354
38552.0,0.0982925
38554.0,0.0886244
38556.02,0.0813733
38558.0,0.07573358
38560.0,0.06928818
38562.0,0.0644541
38564.0,0.05962004
38566.0,0.05559165
38568.02,0.05156327
38570.0,0.04592355
38572.0,0.0443122
38574.02,0.03867246
38576.0,0.03786679
38578.0,0.03544975
38580.0,0.03303272
38582.0,0.03222704
38584.0,0.029004348
38586.02,0.02739299
38588.0,0.02658732
38590.0,0.02417028
38592.0,0.023364616
38594.0,0.02175326
38596.0,0.2981506
38598.0,0.5600458
38600.0,0.7993818
38602.0,1.016159
38604.02,1.210378
38606.0,1.391705
38608.0,1.560947
38610.0,1.7108532
38612.0,1.847818
38614.0,1.9727484
38616.0,2.08801
38618.0,2.190332
38620.02,2.287063
38622.02,2.37327
38624.0,2.453032
38626.0,2.527205
38628.0,2.592465
38630.0,2.653696
38632.0,2.707726
38634.0,2.757678
38636.0,2.805213
38637.99,2.84872
38640.02,2.888249
38642.0,2.925309
38644.0,2.9551192
38646.0,2.98493
38648.0,3.013129
38650.0,3.0372992
38652.0,3.060664
38654.0,3.082416
38655.99,3.101803
38658.02,3.117916
38660.0,3.13403
38662.0,3.147726
38664.0,3.158201
38666.0,3.172702
38668.02,3.185593
38670.0,3.197679
38672.0,3.203318
38673.99,3.212986
38676.02,3.221043
38678.0,3.2299052
38680.0,3.233934
38682.0,3.241185
38684.0,3.246826
38686.02,3.251659
38688.0,3.257299
38690.0,3.260521
38691.99,3.262939
38694.02,3.266161
38696.0,3.2709952
38698.02,3.274218
38700.0,3.27744
38702.0,3.279857
38704.02,3.278246
38706.0,3.28308
38708.0,3.285497
38710.0,3.286303
38712.02,3.289525
38714.0,3.291942
38716.02,3.291137
38718.0,3.134835
38720.0,2.861611
38722.02,2.614217
38724.0,2.383745
38726.0,2.180663
38728.0,1.993696
38730.02,1.8212316
38732.0,1.666541
38734.02,1.522275
38736.0,1.391705
38738.0,1.271659
38740.02,1.1652596
38742.0,1.0653556
38744.0,0.9782926
38746.0,0.8928906
38748.0,0.8163012
38750.0,0.7478186
38752.02,0.6833644
38754.0,0.6285782
38756.0,0.573742
38758.02,0.5254014
38760.0,0.4810894
38762.0,0.4408056
38764.0,0.4028885
38766.0,0.3698557
38768.0,0.3456854
38770.02,0.3110413
38772.0,0.2820371
38774.0,0.2618951
38776.02,0.24014184
38778.0,0.2191943
38780.0,0.2030304
38782.0,0.1853055
38784.0,0.16999768
38786.0,0.15710684
38788.02,0.14341032
38790.0,0.13615924
38792.0,0.12165708
38794.0,0.1127947
38796.0,0.10312654
38798.0,0.09587548
38800.0,0.0886244
38802.0,0.08056764
38804.0,0.07573358
38806.02,0.07009382
38808.0,0.0636484
38810.0,0.05962004
38812.0,0.0539803
38814.0,0.0507576
38816.0,0.0475349
38818.0,0.04511786
38820.0,0.04592355
38822.02,0.03867246
38824.02,0.03625542
38826.0,0.03222704
38828.0,0.03544975
38830.0,0.02981002
38832.0,0.02819868
38834.0,0.024975968
38836.0,0.02255893
38838.0,0.02175326
38839.99,0.04834056
38842.02,0.3327946
38844.0,0.5906612
38846.0,0.8300476
38848.0,1.041185
38850.0,1.239432
38852.0,1.417487
38854.0,1.578672
38856.0,1.726161
38857.99,1.8615652
38860.02,1.986445
38862.0,2.102512
38864.0,2.204833
38866.0,2.298342
38868.0,2.383745
38870.02,2.4627
38872.0,2.537678
38874.0,2.599716
38875.99,2.660141
38878.02,2.713366
38880.0,2.766541
38882.0,2.812464
38884.0,2.853554
38886.0,2.891471
38888.02,2.92692
38890.0,2.959954
38892.0,2.989764
38893.99,3.017157
38896.02,3.041328
38898.0,3.06308
38900.02,3.083222
38902.0,3.100191
38904.0,3.117916
38906.02,3.136446
38908.0,3.150144
38910.0,3.163034
38912.0,3.175119
38914.02,3.186399
38916.0,3.195261
38918.02,3.201707
38920.0,3.212986
38922.0,3.225877
38924.02,3.2291
38926.0,3.235545
38928.0,3.242797
38930.0,3.2476308
38932.02,3.250048
38934.0,3.256493
38936.02,3.262133
38938.0,3.265355
38940.0,3.269384
38942.02,3.2709952
38944.0,3.275024
38946.0,3.276635
38948.0,3.278246
38950.0,3.281469
38952.0,3.28308
38954.02,3.287109
38956.0,3.28872
38958.0,3.28872
38960.02,3.28872
38962.0,3.286303
38964.0,3.096969
38966.0,2.828577
38968.0,2.583602
38970.0,2.359574
38972.02,2.156493
38974.0,1.967109
38976.0,1.802701
38978.02,1.643126
38980.0,1.50455
38982.0,1.3772028
38984.0,1.26038
38986.0,1.153174
38988.0,1.05327
38990.02,0.9645956
38992.0,0.8808056
38994.0,0.8050216
38996.0,0.738956
38998.0,0.6753076
39000.0,0.6189104
39002.0,0.5672968
39004.0,0.519762
39006.0,0.4762554
39008.02,0.4335544
39010.0,0.3972487
39012.0,0.3706614
39014.0,0.3352117
39016.0,0.3062074
39018.0,0.2828427
39020.0,0.2578668
39022.0,0.2393362
39024.02,0.21758284
39026.02,0.1998077
39028.0,0.1836942
39030.0,0.1683863
39032.0,0.1554955
39034.0,0.1426047
39036.0,0.1313252
39038.0,0.1224628
39040.0,0.10957196
39041.99,0.1023209
39044.02,0.0942641
39046.0,0.0878187
39048.0,0.08056764
39050.0,0.07331654
39052.0,0.06848246
39054.02,0.06525976
39056.0,0.05881435
39058.0,0.05317464
39059.99,0.04995193
39062.02,0.04672923
39064.0,0.04350652
39066.0,0.0410895
39068.0,0.03464409
39070.0,0.03947813
39072.02,0.03383841
39074.0,0.0306157
39076.0,0.029004348
39077.99,0.02739299
39080.02,0.025781632
39082.0,0.02094758
39084.0,0.02255893
39086.0,0.08540166
39088.0,0.3666331
39090.02,0.6237444
39092.0,0.8558296
39094.0,1.066967
39095.99,1.261991
39098.02,1.4336
39100.0,1.5980084
39102.02,1.747109
39104.0,1.880901
39106.0,1.99853
39108.02,2.114598
39110.0,2.216113
39112.0,2.307205
39114.0,2.393412
39116.02,2.471563
39118.0,2.544124
39120.02,2.608578
39122.0,2.668198
39124.0,2.721423
39126.02,2.771374
39128.0,2.809242
39130.0,2.857582
39132.0,2.89711
39134.0,2.931754
39136.0,2.963982
39138.02,2.992181
39140.0,3.017962
39142.0,3.043744
39144.02,3.06308
39146.0,3.085639
39148.0,3.105026
39150.0,3.121945
39152.0,3.137252
39154.0,3.152561
39156.02,3.159811
39158.0,3.175925
39160.0,3.187204
39162.02,3.198485
39164.0,3.207346
39166.0,3.215403
39168.0,3.22346
39170.0,3.2299052
39172.0,3.237962
39174.02,3.24199
39176.0,3.2476308
39178.0,3.2532708
39180.02,3.258105
39182.0,3.261327
39184.0,3.26455
39186.0,3.268578
39188.0,3.2718
39190.0,3.274218
39192.02,3.276635
39194.0,3.280663
39196.0,3.282275
39198.0,3.28308
39200.0,3.287109
39202.0,3.291137
39204.0,3.289525
39206.0,3.290331
39208.0,3.293554
39210.02,3.066303
39212.0,2.797963
39214.0,2.555403
39216.0,2.335404
39218.0,2.134739
39220.0,1.9501892
39222.0,1.7825584
39224.0,1.6254016
39226.02,1.489242
39228.02,1.3635064
39230.0,1.2474888
39232.0,1.138672
39234.0,1.042797
39236.0,0.956539
39238.0,0.8735546
39240.0,0.7993818
39242.0,0.7317048
39243.99,0.669668
39246.02,0.6108032
39248.0,0.5624626
39250.0,0.5149276
39252.0,0.4706156
39254.0,0.4319431
39256.02,0.3948317
39258.0,0.3609933
39260.0,0.3336003
39261.99,0.302179
39264.02,0.2780088
39266.0,0.2562554
39268.0,0.2353078
39270.0,0.2143602
39272.0,0.19739064
39274.02,0.1820828
39276.0,0.1659693
39278.0,0.15307848
39279.99,0.141799
39282.02,0.12971384
39284.0,0.1192401
39286.02,0.10876628
39288.0,0.10312654
39290.0,0.09345846
39292.02,0.08701304
39294.0,0.07895626
39296.0,0.07412224
39297.99,0.06767682
39300.02,0.0636484
39302.0,0.05881435
39304.02,0.05639736
39306.0,0.05478598
39308.0,0.04592355
39310.02,0.04350652
39312.0,0.03947813
39314.0,0.03786679
39316.0,0.03464409
39318.02,0.03222704
39320.0,0.0306157
39322.02,0.02819868
39324.0,0.02658732
39326.0,0.024975968
39328.02,0.02417028
39330.0,0.02175326
39332.0,0.1208514
39334.0,0.3980543
39336.0,0.6454976
39338.0,0.8808056
39340.02,1.0903316
39342.0,1.28455
39344.0,1.4578208
39346.02,1.6165388
39348.0,1.762417
39350.0,1.89218
39352.0,2.009005
39354.0,2.125878
39356.0,2.230616
39358.02,2.320095
39360.0,2.404691
39362.0,2.482087
39364.02,2.550569
39366.0,2.615023
39368.0,2.673032
39370.0,2.728674
39372.0,2.777014
39374.0,2.822132
39376.02,2.864028
39378.0,2.899528
39380.0,2.934978
39382.02,2.967204
39384.0,2.995404
39386.0,3.02199
39388.0,3.046967
39390.0,3.06872
39392.0,3.088862
39394.02,3.10422
39396.0,3.12275
39398.0,3.138058
39400.0,3.152561
39402.0,3.166257
39404.0,3.178342
39406.0,3.192039
39408.0,3.197679
39410.02,3.207346
39412.02,3.217015
39414.0,3.22346
39416.0,3.231516
39418.0,3.237156
39420.0,3.244408
39422.0,3.251659
39424.0,3.252465
39426.0,3.255687
39428.02,3.261327
39430.02,3.266161
39432.0,3.269384
39434.0,3.273412
39436.0,3.275024
39438.0,3.276635
39440.0,3.279052
39442.0,3.275829
39444.0,3.284691
39445.99,3.286303
39448.02,3.28872
39450.0,3.290331
39452.0,3.291942
39454.0,3.291942
39456.0,3.03327
39458.02,2.766541
39460.0,2.527205
39462.0,2.309621
39463.99,2.109764
39466.02,1.9268248
39468.0,1.7640284
39470.0,1.6100932
39472.0,1.4731284
39474.0,1.3473928
39476.02,1.231325
39478.0,1.125781
39480.0,1.0306612
39481.99,0.9444536
39484.02,0.8630806
39486.0,0.786491
39488.02,0.7236482
39490.0,0.662417
39492.0,0.6059692
39494.02,0.5560176
39496.0,0.5100938
39498.0,0.4665872
39500.0,0.427109
39502.02,0.3859692
39504.0,0.3585762
39506.02,0.3279606
39508.0,0.3005676
39510.0,0.277203
39512.02,0.2522271
39514.0,0.23127948
39516.0,0.2143602
39518.0,0.1957793
39520.02,0.17966576
39522.0,0.16516368
39524.02,0.15227284
39526.0,0.1409933
39528.0,0.13051952
39530.02,0.12004576
39532.0,0.11037764
39534.0,0.1007095
39536.0,0.09265276
39538.0,0.08540166
39540.0,0.07815058
39542.02,0.07412224
39544.0,0.06848246
39546.0,0.06203707
39548.02,0.05720302
39550.0,0.0539803
39552.0,0.04995193
39554.0,0.04592355
39556.0,0.04270084
39558.0,0.0410895
39560.02,0.03786679
39562.0,0.025781632
39564.0,0.03303272
39566.02,0.0306157
39568.0,0.029004348
39570.0,0.024975968
39572.0,0.02658732
39574.0,0.02417028
39576.0,0.02255893
39578.02,0.1579125
39580.0,0.4327487
39582.0,0.6825588
39584.0,0.9090044
39586.0,1.115308
39588.0,1.3054972
39590.0,1.477157
39592.0,1.6342636
39594.0,1.7793356
39596.02,1.909906
39598.0,2.032369
39600.0,2.141185
39602.0,2.2394776
39604.0,2.328152
39606.0,2.417583
39608.0,2.489337
39610.0,2.558626
39612.02,2.625498
39614.02,2.68275
39616.0,2.735119
39618.0,2.782655
39620.0,2.830996
39622.0,2.867251
39624.0,2.905167
39626.0,2.939812
39628.0,2.969621
39630.02,2.999432
39632.02,3.0260184
39634.0,3.046967
39636.0,3.070331
39638.0,3.090474
39640.0,3.10986
39642.0,3.126778
39644.0,3.140476
39646.0,3.156589
39647.99,3.167868
39650.02,3.179147
39652.0,3.188815
39654.0,3.201707
39656.0,3.21057
39658.0,3.217821
39660.02,3.225877
39662.0,3.232322
39664.0,3.237962
39665.99,3.24199
39668.02,3.2476308
39670.0,3.2532708
39672.0,3.258105
39674.0,3.262939
39676.0,3.266161
39678.02,3.266161
39680.0,3.267772
39682.0,3.274218
39683.99,3.276635
39686.02,3.280663
39688.0,3.283885
39690.02,3.283885
39692.0,3.285497
39694.0,3.287109
39696.02,3.282275
39698.0,3.290331
39700.0,3.290331
39702.0,2.999432
39704.02,2.738343
39706.0,2.500617
39708.02,2.284645
39710.0,2.085594
39712.0,1.907489
39714.02,1.746303
39716.0,1.5939796
39718.0,1.4578208
39720.0,1.3328908
39722.02,1.2184344
39724.0,1.1136964
39726.02,1.016159
39728.0,0.93398
39730.0,0.8558296
39732.02,0.7808512
39734.0,0.7155916
39736.0,0.6567772
39738.0,0.6003294
39740.0,0.5463492
39742.0,0.5036484
39744.02,0.4601418
39746.0,0.4222749
39748.0,0.386775
39750.02,0.3545479
39752.0,0.3247378
39754.0,0.2965392
39756.0,0.2707576
39758.0,0.24980992
39760.0,0.22805676
39762.02,0.20872048
39764.0,0.19416792
39766.0,0.17966576
39768.02,0.16355224
39770.0,0.14824448
39772.0,0.1377706
39774.0,0.1281025
39776.0,0.11843436
39778.0,0.10876628
39780.02,0.09909816
39782.0,0.09345846
39784.0,0.08540166
39786.0,0.07976194
39788.0,0.07009382
39790.0,0.06848246
39792.0,0.06203707
39794.0,0.05720302
39796.0,0.05236894
39798.02,0.0475349
39800.0,0.04350652
39802.0,0.0410895
39804.0,0.03947813
39806.0,0.03706112
39808.0,0.03383841
39810.0,0.03222704
39812.0,0.0306157
39814.02,0.029004348
39816.02,0.02658732
39818.0,0.024975968
39820.0,0.025781632
39822.0,0.02255893
39824.0,0.1909453
39826.0,0.4633645
39828.0,0.7075348
39830.0,0.9355914
39831.99,1.138672
39834.02,1.3264452
39836.0,1.4964936
39838.0,1.6528448
39840.0,1.795449
39842.0,1.9236024
39844.02,2.040426
39846.0,2.148436
39848.0,2.250758
39849.99,2.340237
39852.02,2.424029
39854.0,2.499006
39856.0,2.565876
39858.0,2.6295268
39860.0,2.687584
39862.02,2.739953
39864.0,2.788294
39866.0,2.833413
39867.99,2.870473
39870.02,2.910807
39872.0,2.94384
39874.0,2.973649
39876.0,3.001849
39878.0,3.026824
39880.02,3.052607
39882.0,3.075165
39884.0,3.094551
39885.99,3.112276
39888.02,3.127584
39890.0,3.142892
39892.02,3.156589
39894.0,3.172702
39896.0,3.182371
39898.02,3.192039
39900.0,3.201707
39902.0,3.21057
39904.0,3.215403
39906.02,3.22346
39908.0,3.232322
39910.02,3.238768
39912.0,3.245214
39914.0,3.250048
39916.02,3.254076
39918.0,3.258105
39920.0,3.261327
39922.0,3.265355
39924.02,3.269384
39926.0,3.274218
39928.02,3.275829
39930.0,3.278246
39932.0,3.279857
39934.02,3.282275
39936.0,3.283885
39938.0,3.286303
39940.0,3.28872
39942.0,3.290331
39944.0,3.291137
39946.02,3.250048
39948.0,2.965593
39950.0,2.707726
39952.02,2.472369
39954.0,2.258814
39956.0,2.066257
39958.0,1.8865408
39960.0,1.726161
39962.0,1.578672
39964.02,1.441657
39966.0,1.319194
39968.0,1.205543
39970.02,1.1024168
39972.0,1.0081024
39974.0,0.926729
39976.0,0.846161
39978.0,0.7727946
39980.0,0.7091464
39982.02,0.6471092
39984.0,0.5930784
39986.0,0.5455436
39988.0,0.4996199
39990.0,0.4561135
39992.0,0.4174409
39994.0,0.386775
39996.0,0.3497138
39998.0,0.3207094
0.0,1.5818948
2.0,1.735829
4.0,1.866399
6.0,1.9904736
8.0,2.10654
10.0,2.208056
12.0,2.299953
14.000004,2.385355
16.0,2.4627
18.0,2.531233
20.0,2.601327
22.0,2.661753
24.0,2.716588
26.0,2.764123
28.00001,2.811659
30.0,2.856777
32.0,2.890665
34.0,2.931754
36.0,2.959148
38.0,2.988153
40.0,3.020379
42.0,3.03891
44.0,3.061469
46.0,3.075971
48.0,3.100997
50.0,3.118721
52.0,3.134835
54.0,3.151755
56.00002,3.1590052
58.0,3.171896
60.0,3.188815
62.0,3.194456
64.0,3.192039
66.00004,3.2121808
68.0,3.220237
70.0,3.224265
72.0,3.230711
74.0,3.244408
76.0,3.249242
78.0,3.2532708
80.0,3.260521
82.00004,3.262133
84.0,3.265355
86.00004,3.269384
88.0,3.27019
90.0,3.275829
92.0,3.275829
94.0,3.279857
96.0,3.282275
98.00004,3.280663
100.0,3.286303
102.00004,3.285497
104.0,3.285497
106.00004,3.28872
108.0,3.279052
110.0,3.086444
112.00004,2.81891
114.00004,2.577157
116.0,2.349905
118.00004,2.156493
120.0,1.9638864
122.00004,1.793032
124.0,1.6350696
126.00004,1.501327
128.0,1.3747856
130.0,1.2595736
132.0001,1.149146
134.0001,1.0476304
136.0,0.9613732
138.0,0.8783884
140.0,0.8122728
142.0001,0.7373448
144.0,0.6712794
146.0,0.622133
148.0,0.566491
150.0,0.5173448
152.0,0.4746439
154.0,0.4351657
156.0,0.3980543
158.0,0.3650216
160.0,0.329572
162.0001,0.307013
164.0001,0.2900938
166.0001,0.2586724
168.0,0.2304737
170.0,0.2127489
172.0001,0.1998077
174.0001,0.18047144
176.0,0.16999768
178.0,0.15630116
180.0,0.1426047
182.0001,0.13051952
184.0,0.1313252
186.0,0.11198896
188.0,0.10634928
190.0,0.0950698
192.0,0.08701304
194.0001,0.07251084
196.0001,0.07492788
198.0,0.06928818
200.0,0.06687112
202.0001,0.05962004
204.0001,0.04914626
206.0,0.04995193
208.0,0.04672923
210.0,0.04270084
212.0001,0.0410895
214.0,0.03786679
216.0,0.03544975
218.0,0.04511786
220.0,0.03464409
222.0,0.04592355
224.0001,0.025781632
226.0001,0.024975968
228.0001,0.02417028
230.0,0.023364616
232.0,0.09909816
234.0001,0.3722726
236.0001,0.6334124
238.0,0.867109
240.0,1.0782464
242.0,1.270853
244.0001,1.4545976
246.0,1.6036484
248.0,1.752749
250.0,1.888152
252.0001,2.008199
254.0001,2.121044
256.0,2.225782
258.0,2.315262
260.0,2.410331
262.0,2.475642
264.0002,2.54493
266.0002,2.613412
268.0002,2.672226
270.0,2.723839
272.0,2.773792
274.0,2.819716
276.0,2.861611
278.0,2.892277
280.0,2.933366
282.0002,2.96801
284.0002,2.993792
286.0,3.02199
288.0,3.032464
290.0,3.067914
292.0,3.085639
294.0,3.103414
296.0,3.126778
298.0,3.138863
300.0,3.150949
301.9999,3.154172
304.0,3.1767308
306.0,3.185593
308.0,3.200901
310.0,3.207346
312.0,3.221043
314.0,3.22346
316.0,3.233128
318.0,3.239573
320.0,3.244408
322.0,3.250048
324.0002,3.2532708
326.0002,3.254076
328.0002,3.262133
330.0002,3.266161
332.0002,3.275024
334.0,3.272606
336.0,3.275024
338.0,3.27744
340.0,3.282275
342.0,3.281469
344.0002,3.287109
346.0002,3.295165
348.0002,3.291137
350.0,3.28872
352.0,3.290331
354.0,3.3
356.0,3.051801
358.0,2.783461
360.0,2.542512
362.0002,2.323319
364.0002,2.125072
366.0,1.942938
368.0,1.776113
370.0,1.6213732
372.0,1.481991
374.0,1.3562548
376.0,1.251517
378.0,1.1346436
380.0,1.0339344
382.0,0.9500934
384.0,0.8687202
386.0002,0.776823
388.0002,0.7300936
390.0002,0.6664454
392.0002,0.6099976
394.0002,0.5584344
396.0,0.5157336
398.0,0.4698098
400.0,0.4295261
402.0,0.3924147
404.0002,0.359382
406.0002,0.3311832
408.0002,0.3005676
410.0002,0.277203
412.0,0.2514214
414.0,0.23289076
416.0,0.21758284
418.0,0.1957793
420.0,0.1828885
422.0,0.169192
424.0002,0.1554955
426.0002,0.1409933
428.0,0.1313252
430.0,0.1192401
432.0,0.09990386
434.0,0.1007095
436.0,0.09265276
438.0,0.0918471
440.0,0.07976194
442.0,0.07251084
444.0,0.07492788
446.0002,0.05962004
448.0002,0.0475349
450.0002,0.0539803
452.0002,0.05156327
454.0002,0.04672923
456.0002,0.04028382
458.0002,0.03142138
460.0,0.03625542
462.0,0.03464409
464.0,0.03222704
466.0002,0.0306157
468.0002,0.02819868
470.0002,0.0
472.0002,0.02658732
474.0002,0.02417028
476.0,0.029004348
478.0,0.13374224
480.0,0.4093339
482.0,0.6608056
484.0,0.8904734
486.0002,1.0975824
488.0002,1.2942184
490.0002,1.481185
492.0,1.6326524
494.0002,1.7728904
496.0,1.8994316
498.0002,2.020284
500.0,2.131517
502.0002,2.233033
504.0002,2.323319
506.0003,2.409525
508.0002,2.485309
509.9999,2.555403
512.0,2.619051
514.0,2.676255
516.0,2.730286
518.0,2.779433
520.0,2.824549
522.0,2.866445
524.0,2.9019448
526.0,2.9373948
528.0004,2.968816
530.0,2.99782
532.0004,3.02199
534.0,3.047773
536.0004,3.06872
538.0,3.088862
540.0,3.112276
541.9998,3.123556
544.0,3.13403
545.9998,3.149338
548.0,3.166257
550.0,3.179147
552.0,3.188815
554.0,3.200096
556.0,3.207346
558.0,3.215403
560.0,3.22346
562.0,3.226683
564.0004,3.237156
566.0,3.243602
568.0004,3.233128
570.0,3.254882
572.0,3.254882
574.0,3.260521
576.0,3.26455
578.0,3.27019
580.0,3.273412
582.0,3.274218
584.0,3.276635
586.0,3.278246
588.0,3.279857
590.0004,3.285497
592.0,3.284691
594.0004,3.287914
596.0,3.298388
598.0004,3.291137
600.0,3.3
602.0004,3.019574
603.9998,2.755261
606.0,2.519147
608.0,2.298342
610.0,2.0920384
612.0,1.9179628
614.0,1.757583
616.0,1.6044536
618.0,1.4691
620.0,1.360283
622.0,1.2256852
624.0,1.121753
626.0004,1.014548
628.0,0.9396196
630.0004,0.8638862
632.0,0.788908
634.0004,0.7196198
636.0,0.649526
638.0,0.6019408
640.0,0.554406
642.0,0.5044542
644.0,0.4641702
646.0,0.4295261
648.0004,0.3883863
650.0,0.356965
652.0004,0.3263492
654.0,0.2997619
656.0004,0.2747859
658.0,0.2554497
660.0004,0.2320851
662.0,0.2054474
664.0004,0.1957793
665.9998,0.1844998
668.0,0.164358
670.0,0.15146716
672.0,0.1450217
674.0,0.13051952
676.0,0.1192401
678.0,0.11037764
680.0,0.1007095
682.0,0.0942641
684.0,0.084596
686.0,0.0773449
688.0004,0.06606544
690.0,0.06848246
692.0004,0.04189516
694.0,0.05962004
696.0004,0.05478598
698.0,0.0475349
700.0,0.04592355
702.0,0.0443122
704.0,0.03544975
706.0,0.03947813
708.0,0.03383841
710.0004,0.03464409
712.0,0.03142138
714.0004,0.02739299
716.0,0.02739299
718.0004,0.025781632
720.0,0.013696496
722.0004,0.02417028
724.0004,0.169192
726.0004,0.4480566
728.0004,0.6914212
730.0,0.9154496
732.0,1.122559
734.0,1.311943
736.0,1.4884364
738.0,1.641515
740.0,1.786587
742.0,1.9139344
744.0,2.033175
746.0,2.142796
748.0,2.241895
750.0004,2.332986
752.0,2.417583
754.0004,2.493366
756.0,2.565071
758.0004,2.623886
760.0,2.683556
762.0,2.739953
764.0,2.786683
766.0,2.83583
768.0,2.873696
770.0,2.907585
772.0004,2.943035
774.0,2.9728448
776.0004,3.001849
778.0,3.02763
780.0004,3.052607
782.0,3.082416
784.0004,3.091278
786.0004,3.107442
788.0004,3.124361
790.0004,3.140476
792.0,3.155783
794.0,3.168674
796.0,3.183175
798.0,3.192039
800.0,3.200901
802.0,3.216209
804.0,3.221043
806.0,3.220237
808.0004,3.230711
810.0,3.23635
812.0004,3.244408
814.0,3.250048
816.0004,3.252465
818.0,3.244408
820.0004,3.262133
822.0,3.266161
824.0,3.2709952
826.0,3.273412
828.0,3.27019
830.0,3.27744
832.0,3.278246
834.0004,3.28308
836.0,3.283885
838.0004,3.287109
840.0,3.290331
842.0004,3.291942
844.0,3.28872
846.0004,3.279857
848.0004,2.990569
850.0004,2.717394
852.0004,2.488532
854.0004,2.275783
856.0,2.083982
858.0,1.8986256
860.0,1.738246
862.0,1.585923
864.0,1.452181
866.0,1.3272508
868.0,1.2152116
870.0004,1.09436
872.0,1.0153532
874.0004,0.9299518
876.0,0.855024
878.0004,0.7784342
880.0,0.709952
882.0004,0.6543602
884.0,0.5979124
886.0004,0.5487662
888.0,0.4980085
890.0,0.4601418
892.0004,0.4254978
894.0,0.3827466
896.0004,0.3545479
898.0,0.3231265
900.0004,0.2957336
902.0,0.2715632
904.0004,0.2506158
906.0,0.2288624
908.0004,0.2143602
910.0004,0.19175096
912.0004,0.17644308
914.0004,0.16355224
916.0004,0.15388416
918.0,0.1377706
920.0,0.1264912
922.0,0.11198896
924.0,0.1079606
926.0,0.09990386
928.0,0.09265276
930.0,0.084596
932.0004,0.08943008
934.0,0.0708995
936.0004,0.06687112
938.0,0.05639736
940.0004,0.05962004
942.0,0.05156327
944.0004,0.05236894
946.0004,0.04592355
948.0004,0.0475349
950.0,0.03947813
952.0,0.03303272
954.0004,0.03544975
956.0,0.03222704
958.0004,0.03222704
960.0,0.029004348
962.0004,0.025781632
964.0,0.02417028
966.0004,0.023364616
968.0,0.02094758
970.0004,0.2046418
972.0004,0.4722268
974.0004,0.7212314
976.0004,0.9476762
978.0004,1.150757
980.0004,1.3433644
982.0,1.5077724
984.0,1.6633184
986.0004,1.80109
988.0004,1.931659
990.0,2.047676
992.0,2.158104
994.0006,2.2572024
996.0004,2.347489
998.0004,2.430474
1000.0,2.504646
1002.0006,2.575546
1004.0004,2.635166
1006.0004,2.691613
1008.0004,2.743176
1010.0006,2.7923224
1012.0006,2.833413
1014.0004,2.875307
1016.0004,2.913224
1018.0,2.945451
1019.9998,2.976067
1021.9998,3.002654
1024.0,3.030853
1026.0,3.052607
1028.0,3.073554
1029.9996,3.09289
1032.0,3.112276
1034.0,3.131612
1036.0,3.13967
1038.0,3.153366
1040.0,3.178342
1042.0,3.180759
1044.0,3.191233
1046.0,3.200096
1048.0,3.21057
1050.0,3.217821
1052.0,3.221849
1054.0,3.228294
1056.0008,3.240379
1058.0,3.24602
1060.0,3.251659
1062.0,3.262133
1064.0008,3.262133
1066.0008,3.263744
1068.0,3.266967
1070.0,3.27019
1072.0008,3.275829
1074.0008,3.273412
1076.0,3.279052
1078.0,3.281469
1080.0,3.28308
1082.0,3.287109
1083.9996,3.283885
1086.0,3.285497
1088.0,3.287914
1090.0,3.290331
1091.9996,3.235545
1094.0,2.949479
1096.0,2.703698
1098.0,2.463506
1100.0,2.249952
1102.0,2.053316
1104.0,1.878484
1106.0,1.7172988
1108.0,1.5698096
1110.0,1.4239324
1112.0,1.3135544
1114.0,1.200709
1116.0,1.091943
1118.0008,1.00488
1120.0,0.919478
1122.0,0.8316592
1124.0,0.7687662
1126.0008,0.699478
1128.0008,0.6535544
1130.0,0.5914672
1132.0,0.5439324
1134.0008,0.4963972
1136.0008,0.4553079
1138.0,0.4158296
1140.0,0.3803295
1142.0008,0.3376286
1144.0,0.3199038
1145.9996,0.2949278
1148.0,0.2691461
1150.0,0.247393
1152.0,0.2264454
1154.0,0.20872048
1156.0,0.2095261
1158.0,0.1748318
1160.0,0.1611353
1162.0,0.1490501
1164.0,0.13696492
1166.0,0.1281025
1168.0,0.11440604
1170.0,0.10554354
1172.0,0.1079606
1174.0,0.09265276
1176.0,0.08620734
1178.0,0.07653924
1180.0008,0.07170516
1182.0,0.084596
1184.0,0.06203707
1186.0,0.05639736
1188.0008,0.05156327
1190.0008,0.04914626
1192.0,0.04995193
1194.0,0.05156327
1196.0008,0.03867246
1198.0008,0.03706112
1200.0,0.03867246
1202.0,0.0306157
1204.0008,0.02981002
1206.0,0.02819868
1207.9996,0.025781632
1210.0,0.024975968
1212.0,0.023364616
1214.0,0.02175326
1216.0,0.2393362
1218.0,0.5076766
1220.0,0.7607096
1222.0,0.9734582
1224.0,1.174122
1226.0,1.3570608
1228.0,1.5238864
1230.0,1.6842652
1232.0,1.81962
1234.0008,1.947772
1236.0,2.06384
1238.0,2.171801
1240.0,2.266871
1242.0008,2.353128
1244.0,2.433696
1246.0,2.514313
1248.0,2.578768
1250.0008,2.641611
1252.0008,2.696447
1254.0,2.746399
1256.0,2.793128
1258.0008,2.838247
1260.0008,2.875307
1262.0,2.9140292
1264.0,2.948675
1266.0008,2.973649
1268.0008,3.005877
1269.9996,3.03891
1272.0,3.055024
1274.0,3.077583
1276.0,3.096969
1278.0,3.113888
1280.0,3.130001
1282.0,3.147726
1284.0,3.154977
1286.0,3.165451
1288.0,3.183175
1290.0,3.192845
1292.0,3.202513
1294.0,3.211375
1296.0008,3.217821
1298.0,3.221043
1300.0,3.233934
1302.0,3.24199
1304.0008,3.250048
1306.0,3.252465
1308.0,3.254076
1310.0,3.261327
1312.0008,3.265355
1314.0008,3.263744
1316.0,3.2709952
1318.0,3.272606
1320.0008,3.275024
1322.0008,3.282275
1324.0,3.275024
1326.0,3.287109
1328.0008,3.285497
1330.0008,3.289525
1331.9996,3.284691
1334.0,3.286303
1336.0,3.293554
1338.0,3.201707
1340.0,2.920475
1342.0,2.667392
1344.0,2.437724
1346.0,2.234644
1348.0,2.03398
1350.0,1.8607592
1352.0,1.699574
1354.0,1.556919
1356.0,1.422321
1358.0008,1.3006636
1360.0,1.188624
1362.0,1.080664
1364.0,0.996017
1366.0008,0.9114214
1368.0,0.8332704
1370.0,0.7574866
1372.0,0.6986724
1374.0008,0.6398578
1376.0008,0.5906612
1378.0,0.5358754
1380.0,0.4939802
1382.0008,0.4512796
1384.0008,0.4150238
1386.0,0.3706614
1388.0,0.344074
1390.0008,0.3166811
1392.0008,0.2933164
1394.0008,0.2667292
1396.0,0.2288624
1398.0,0.22322264
1400.0,0.2071091
1402.0,0.1885282
1404.0,0.1748318
1406.0,0.1611353
1408.0,0.1474387
1410.0,0.13615924
1412.0,0.1152117
1414.0,0.1152117
1416.0,0.10634928
1418.0,0.0974868
1420.0008,0.0886244
1422.0,0.08056764
1424.0,0.07653924
1426.0,0.07170516
1428.0008,0.06525976
1430.0,0.0604257
1432.0,0.05800869
1434.0,0.05559165
1436.0008,0.0475349
1438.0008,0.05962004
1440.0,0.04270084
1442.0,0.03786679
1444.0008,0.03544975
1446.0008,0.03303272
1448.0008,0.03947813
1450.0,0.02981002
1452.0008,0.029004348
1454.0008,0.025781632
1456.0008,0.023364616
1458.0,0.02175326
1460.0,0.02094758
1462.0,0.272369
1464.0,0.5358754
1466.0,0.7760172
1468.0,0.9968226
1470.0,1.1982924
1472.0,1.381231
1474.0,1.539194
1476.0,1.697157
1478.0,1.8325108
1480.0,1.956635
1482.0008,2.075119
1484.0,2.181469
1486.0,2.275783
1488.0,2.366825
1490.0008,2.448199
1492.0,2.519147
1494.0,2.587631
1496.0,2.649668
1498.0008,2.701281
1500.0008,2.75365
1502.0,2.801991
1504.0,2.847915
1506.0008,2.882558
1508.0008,2.9196692
1510.0008,2.951897
1512.0,2.977678
1514.0008,3.005877
1516.0008,3.034881
1518.0008,3.059052
1520.0,3.079193
1522.0,3.09858
1524.0,3.116305
1526.0,3.132418
1528.0,3.147726
1530.0,3.153366
1532.0,3.172702
1534.0,3.184787
1536.0,3.193651
1538.0,3.205736
1540.0,3.203318
1542.0,3.220237
1544.0008,3.225877
1546.0,3.233934
1548.0,3.241185
1550.0,3.245214
1552.0008,3.254076
1554.0,3.258105
1556.0,3.258911
1558.0,3.263744
1560.0008,3.268578
1562.0008,3.269384
1564.0,3.275024
1566.0,3.275829
1568.0008,3.279052
1570.0008,3.280663
1572.0008,3.28308
1574.0,3.287914
1576.0008,3.287914
1578.0008,3.29436
1580.0008,3.290331
1582.0,3.293554
1584.0,3.166257
1586.0,2.885781
1588.0,2.635166
1590.0,2.404691
1592.0,2.200805
1594.0,2.009005
1596.0,1.846207
1598.0,1.680237
1600.0,1.532749
1602.0,1.4029844
1604.0,1.281327
1606.0008,1.173316
1608.0,1.0726068
1610.0,0.983932
1612.0,0.900142
1614.0008,0.8219408
1616.0008,0.747013
1618.0,0.6881984
1620.0,0.6358296
1622.0008,0.5777704
1624.0008,0.5302356
1626.0,0.4827008
1628.0,0.4456396
1630.0008,0.4044998
1632.0008,0.371467
1634.0008,0.33924
1636.0,0.3134584
1638.0008,0.2876767
1640.0008,0.2627007
1642.0008,0.24014184
1644.0,0.21758284
1646.0008,0.2054474
1648.0,0.1885282
1650.0,0.1724147
1652.0,0.1579125
1654.0,0.14663308
1656.0,0.13535364
1658.0,0.12568552
1660.0,0.1127947
1662.0,0.1007095
1664.0,0.09587548
1666.0,0.0878187
1668.0008,0.082179
1670.0,0.07412224
1672.0,0.07573358
1674.0,0.05881435
1676.0008,0.05800869
1678.0008,0.0604257
1680.0,0.0507576
1682.0,0.04834056
1684.0008,0.04592355
1686.0008,0.04028382
1688.0,0.04189516
1690.0,0.03867246
1692.0008,0.02417028
1694.0008,0.03142138
1696.0008,0.029004348
1698.0,0.02658732
1700.0008,0.025781632
1702.0008,0.023364616
1704.0008,0.023364616
1706.0,0.023364616
1708.0008,0.30943
1710.0,0.5705194
1712.0,0.8082444
1714.0,1.0226048
1716.0,1.2184344
1718.0,1.399762
1720.0,1.5496676
1722.0,1.7108532
1724.0,1.84943
1726.0,1.976777
1728.0,2.092844
1730.0008,2.195165
1732.0,2.287063
1734.0,2.365213
1736.0,2.456255
1738.0008,2.528011
1740.0008,2.599716
1742.0,2.657725
1744.0,2.713366
1746.0008,2.761707
1748.0008,2.8100476
1750.0,2.852748
1752.0,2.888249
1754.0008,2.924504
1756.0008,2.961564
1758.0008,2.987347
1760.0,3.016351
1762.0008,3.050995
1764.0008,3.063886
1766.0008,3.085639
1768.0,3.102608
1770.0008,3.118721
1772.0008,3.138058
1774.0,3.149338
1776.0,3.163034
1778.0,3.173508
1780.0,3.184787
1782.0,3.18801
1784.0008,3.206541
1786.0,3.21057
1788.0,3.224265
1790.0,3.2299052
1792.0008,3.233934
1794.0,3.243602
1796.0,3.249242
1798.0,3.254882
1800.0008,3.258911
1802.0008,3.266161
1804.0,3.268578
1806.0,3.267772
1808.0008,3.27019
1810.0008,3.27744
1812.0,3.27744
1814.0,3.278246
1816.0008,3.280663
1818.0008,3.284691
1820.0008,3.28308
1822.0,3.284691
1824.0008,3.3
1826.0008,3.292748
1828.0008,3.291137
1830.0008,3.130806
1832.0008,2.856777
1834.0008,2.597299
1836.0,2.382939
1838.0,2.176635
1840.0,1.9848332
1842.0,1.817203
1844.0,1.6649296
1846.0008,1.529526
1848.0,1.389288
1850.0,1.2676308
1852.0,1.161231
1854.0008,1.05327
1856.0,0.9726524
1858.0,0.8904734
1860.0,0.813884
1862.0008,0.7462074
1864.0008,0.679336
1866.0,0.6285782
1868.0,0.5721308
1870.0008,0.519762
1872.0008,0.4802837
1874.0,0.44
1876.0,0.3996658
1878.0008,0.3706614
1880.0008,0.3384343
1882.0008,0.3086243
1884.0,0.2836484
1886.0008,0.2586724
1888.0008,0.24014184
1890.0008,0.2191943
1892.0008,0.2264454
1894.0008,0.1853055
1896.0008,0.17080332
1898.0008,0.16677496
1900.0,0.1490501
1902.0,0.1321309
1904.0,0.1208514
1906.0,0.1111833
1908.0008,0.1007095
1910.0,0.09587548
1912.0,0.0773449
1914.0,0.0813733
1916.0008,0.07412224
1918.0,0.05962004
1920.0,0.0636484
1922.0,0.05881435
1924.0008,0.05478598
1926.0008,0.05156327
1928.0,0.04592355
1930.0,0.04511786
1932.0008,0.0410895
1934.0008,0.0410895
1936.0,0.03625542
1938.0,0.0306157
1940.0008,0.0306157
1942.0008,0.02819868
1944.0008,0.02255893
1946.0,0.02658732
1948.0008,0.02417028
1950.0008,0.02658732
1952.0008,0.05478598
1954.0008,0.3577706
1956.0008,0.6003294
1958.001,0.8332704
1960.0008,1.0452132
1962.001,1.241849
1964.0,1.419098
1966.0008,1.5827004
1968.0,1.7318008
1970.0,1.8631764
1972.0008,1.9920848
1974.0,2.101707
1976.0008,2.208862
1977.9996,2.299148
1980.0,2.377299
1981.9996,2.463506
1984.0,2.53365
1986.0008,2.601327
1988.001,2.661753
1990.0,2.721423
1992.0008,2.766541
1994.0,2.808436
1996.0008,2.853554
1997.9996,2.893082
2000.0,2.930949
2002.0008,2.959148
2004.001,2.988959
2006.0,3.016351
2008.0008,3.039716
2010.0,3.062274
2012.0008,3.081611
2014.0,3.101803
2016.0008,3.121139
2018.0008,3.1356408
2020.001,3.149338
2022.0008,3.163034
2024.001,3.171896
2026.0,3.184787
2028.0008,3.194456
2030.0,3.209764
2032.0008,3.214598
2034.0008,3.222655
2036.0,3.226683
2038.0008,3.23635
2039.9996,3.237962
2042.0,3.24602
2043.9996,3.252465
2046.0,3.266161
2048.0,3.261327
2050.001,3.262939
2052.0,3.266967
2054.0,3.2709952
2056.0,3.266967
2058.0,3.285497
2059.999,3.285497
2062.0,3.28308
2064.0,3.28308
2066.001,3.29436
2068.0,3.28872
2070.001,3.287914
2072.0,3.3
2074.0,3.291137
2076.0,3.094551
2078.0,2.825355
2080.0,2.579574
2082.001,2.3490992
2084.0,2.154076
2086.001,1.964692
2088.0,1.798673
2090.0,1.6399036
2092.0,1.500522
2094.0,1.376397
2096.0,1.2676308
2098.0,1.149146
2100.0,1.05327
2102.0,0.9629844
2104.0,0.8719428
2105.999,0.8066328
2108.0,0.738956
2110.0,0.674502
2112.001,0.6189104
2114.0,0.5624626
2116.0,0.5221788
2118.0,0.4762554
2120.0,0.4319431
2121.999,0.3988602
2124.0,0.3658272
2126.0,0.3336003
2128.001,0.30943
2130.0,0.2812313
2132.001,0.2562554
2134.0,0.2361134
2136.0,0.21838864
2138.0,0.2006134
2140.0,0.1836942
2142.0,0.19416792
2144.001,0.1554955
2146.0,0.14018764
2148.001,0.14018764
2150.0,0.1208514
2152.0,0.11198896
2154.0,0.10312654
2156.0,0.0942641
2158.0,0.0837903
2160.0,0.07976194
2162.0,0.07251084
2164.0,0.06928818
2166.0,0.0636484
2167.999,0.06203707
2170.0,0.05478598
2172.0,0.05156327
2174.001,0.04995193
2176.0,0.04028382
2178.0,0.04189516
2180.0,0.03867246
2182.0,0.04672923
2183.999,0.03222704
2186.0,0.03625542
2188.0,0.02981002
2190.001,0.029004348
2192.0,0.01530785
2194.001,0.025781632
2196.0,0.017724876
2198.0,0.09345846
2200.0,0.3730785
2202.0,0.6318012
2204.0,0.854218
2206.001,1.0701896
2208.0,1.2627968
2210.001,1.4408516
2212.0,1.6004252
2214.0,1.747109
2216.0,1.880901
2218.0,2.001752
2220.0,2.109764
2222.0,2.218531
2224.0,2.306399
2226.0,2.39583
2228.0,2.475642
2229.999,2.540902
2232.0,2.606966
2234.0,2.660947
2236.001,2.720617
2238.0,2.772986
2240.0,2.817298
2242.0,2.86
2244.0,2.89711
2245.999,2.925309
2248.0,2.963982
2250.0,2.992987
2252.001,3.021185
2254.0,3.042133
2256.001,3.080805
2258.0,3.088056
2260.0,3.1058316
2262.0,3.117111
2264.0,3.1412816
2266.0,3.149338
2268.001,3.165451
2270.0,3.178342
2272.001,3.18801
2274.0,3.198485
2276.0,3.207346
2278.0,3.214598
2280.0,3.217821
2282.0,3.225877
2284.001,3.235545
2286.0,3.243602
2288.0,3.250048
2290.0,3.254076
2291.999,3.256493
2294.0,3.259715
2296.0,3.26455
2298.001,3.269384
2300.0,3.273412
2302.0,3.274218
2304.0,3.27744
2306.0,3.27019
2308.0,3.280663
2310.0,3.283885
2312.0,3.292748
2314.001,3.287109
2316.0,3.28872
2318.001,3.291137
2320.0,3.292748
2322.0,3.057441
2324.0,2.791518
2326.0,2.549763
2328.0,2.322513
2330.001,2.125878
2332.0,1.942938
2334.001,1.7785304
2336.0,1.624596
2338.0,1.4860192
2340.0,1.3562548
2342.0,1.2434604
2344.0,1.137061
2346.001,1.0484364
2348.0,0.9533166
2350.0,0.8703314
2352.0,0.7929364
2353.999,0.7236482
2356.0,0.6656396
2358.0,0.6124146
2360.001,0.556823
2362.0,0.5133164
2364.0,0.4690042
2366.0,0.4351657
2368.0,0.3924147
2370.0,0.3601876
2372.0,0.3311832
2374.0,0.3029846
2376.001,0.2828427
2378.0,0.2546441
2380.001,0.2353078
2382.0,0.2151659
2384.0,0.196585
2386.0,0.1780545
2388.0,0.16677496
2390.0,0.15388416
2392.001,0.141799
2394.0,0.1289082
2396.001,0.1176287
2398.0,0.1111833
2400.0,0.1015152
2402.0,0.0942641
2404.0,0.08620734
2406.001,0.07895626
2408.001,0.07653924
2410.0,0.06848246
2412.0,0.0636484
2414.0,0.05800869
2415.999,0.06203707
2418.0,0.05156327
2420.0,0.04592355
2422.001,0.03222704
2424.0,0.0410895
2426.0,0.03706112
2428.0,0.03947813
2430.0,0.03222704
2432.0,0.025781632
2434.0,0.02739299
2436.0,0.025781632
2438.001,0.02739299
2440.0,0.023364616
2442.001,0.02175326
2444.0,0.1289082
2446.0,0.4036941
2448.0,0.651943
2450.0,0.884834
2452.0,1.1032224
2454.001,1.289384
2456.0,1.4602376
2458.001,1.6197616
2460.0,1.7656396
2462.0,1.8962084
2464.0,2.016256
2466.0,2.1274884
2468.001,2.22981
2470.001,2.324124
2472.0,2.407109
2474.0,2.483698
2476.0,2.551375
2477.999,2.615023
2480.0,2.673032
2482.0,2.728674
2484.001,2.778627
2486.0,2.822132
2488.0,2.864028
2490.0,2.901139
2492.0,2.934172
2494.0,2.963176
2496.0,2.993792
2498.0,3.022796
2500.001,3.050189
2502.0,3.066303
2504.001,3.088862
2506.0,3.106636
2508.0,3.125167
2510.0,3.138863
2512.0,3.153366
2514.0,3.167062
2516.001,3.178342
2518.0,3.190427
2520.001,3.198485
2522.0,3.204124
2524.0,3.214598
2526.0,3.22346
2528.0,3.232322
2530.001,3.233934
2532.001,3.242797
2534.0,3.245214
2536.001,3.252465
2538.0,3.258105
2539.999,3.2718
2542.0,3.266161
2544.0,3.281469
2546.001,3.274218
2548.0,3.274218
2550.0,3.275024
2552.0,3.278246
2554.0,3.284691
2556.0,3.282275
2558.0,3.286303
2560.0,3.293554
2562.001,3.28872
2564.0,3.291137
2566.001,3.291137
2568.0,3.02199
2570.0,2.760901
2572.0,2.522371
2574.0,2.303981
2576.0,2.092844
2578.001,1.9236024
2580.0,1.7583888
2582.001,1.6100932
2584.0,1.469906
2586.0,1.34417
2588.0,1.228908
2590.0,1.1209476
2592.001,1.028244
2594.001,0.9372028
2596.0,0.8622748
2598.001,0.7856854
2600.0,0.7212314
2601.999,0.66
2604.0,0.6019408
2606.0,0.554406
2608.001,0.4996199
2610.0,0.4698098
2612.0,0.4246921
2614.0,0.3899975
2616.0,0.3585762
2618.0,0.3263492
2620.0,0.304596
2622.0,0.2755915
2624.001,0.2707576
2626.0,0.23127948
2628.001,0.21033176
2630.0,0.1981963
2632.0,0.17886016
2634.0,0.15388416
2636.0,0.15227284
2638.0,0.13535364
2640.001,0.1313252
2642.0,0.1152117
2644.001,0.11360036
2646.0,0.09990386
2648.0,0.09345846
2650.0,0.08540166
2652.0,0.07895626
2654.001,0.07251084
2656.001,0.06848246
2658.0,0.06606544
2660.001,0.05720302
2662.0,0.07331654
2663.999,0.04995193
2666.0,0.04270084
2668.0,0.04350652
2670.001,0.04270084
2672.0,0.03947813
2674.0,0.03383841
2676.0,0.03222704
2678.0,0.02981002
2680.0,0.02819868
2682.0,0.029004348
2684.0,0.02417028
2686.001,0.023364616
2688.0,0.029004348
2690.001,0.16677496
2692.0,0.4279148
2694.0,0.6865872
2696.0,0.9130326
2698.0,1.116919
2700.0,1.3079144
2702.001,1.490853
2704.0,1.6423204
2706.001,1.781753
2708.0,1.9082944
2710.0,2.030757
2712.0,2.137157
2714.0,2.2394776
2716.001,2.33218
2718.001,2.415165
2720.0,2.483698
2722.001,2.562654
2724.0,2.625498
2725.999,2.685168
2728.0,2.733508
2730.0,2.787489
2732.001,2.829383
2734.0,2.876113
2736.0,2.910807
2738.0,2.939812
2740.0,2.963982
2742.0,3.001849
2744.0,3.024408
2746.0,3.054218
2748.001,3.071943
2750.0,3.095357
2752.001,3.109054
2754.0,3.125167
2756.0,3.133224
2758.0,3.153366
2760.0,3.166257
2762.0,3.179147
2764.001,3.191233
2766.0,3.200901
2768.001,3.208958
2770.0,3.212986
2772.0,3.2291
2774.0,3.233128
2776.0,3.237962
2778.001,3.244408
2780.001,3.250854
2782.0,3.24602
2784.001,3.256493
2786.0,3.262133
2788.001,3.284691
2790.0,3.2709952
2792.0,3.26455
2794.001,3.275829
2796.0,3.27744
2798.0,3.2709952
2800.0,3.281469
2802.0,3.291942
2804.0,3.286303
2806.0,3.28872
2808.0,3.290331
2810.001,3.290331
2812.0,3.284691
2814.001,2.9962092
2816.0,2.731897
2818.0,2.4941716
2820.0,2.2782008
2822.0,2.083176
2824.0,1.893792
2826.001,1.7374404
2828.0,1.589146
2830.001,1.4570148
2832.0,1.331279
2834.001,1.2152116
2836.0,1.1112796
2838.0,1.0185764
2840.001,0.9251178
2842.001,0.8509956
2844.0,0.7800456
2846.001,0.7236482
2848.0,0.6527486
2850.001,0.6019408
2852.0,0.5455436
2854.0,0.5028428
2856.001,0.4657815
2858.0,0.4222749
2860.0,0.3859692
2862.0,0.3553536
2864.0,0.3263492
2866.0,0.2908994
2868.0,0.2715632
2870.0,0.2538384
2872.001,0.2127489
2874.0,0.2127489
2876.001,0.19336224
2878.0,0.16999768
2880.0,0.16355224
2882.0,0.13696492
2884.0,0.13374224
2886.0,0.1289082
2888.001,0.1127947
2890.0,0.1039322
2892.001,0.09990386
2894.0,0.09668114
2896.001,0.084596
2898.0,0.07815058
2900.0,0.0708995
2902.001,0.06687112
2904.001,0.06203707
2906.0,0.05236894
2908.001,0.0507576
2910.0,0.0507576
2912.001,0.04350652
2914.0,0.04350652
2916.0,0.04189516
2918.001,0.03867246
2920.0,0.03303272
2922.0,0.03222704
2924.0,0.0306157
2926.0,0.029004348
2928.0,0.02739299
2930.0,0.02417028
2932.0,0.024975968
2934.001,0.023364616
2936.0,0.1981963
2938.001,0.4657815
2940.0,0.709952
2942.0,0.9355914
2944.0,1.143506
2946.0,1.3304736
2948.0,1.510995
2950.001,1.656873
2952.0,1.798673
2954.001,1.9227964
2956.0,2.042842
2958.001,2.155687
2960.0,2.253174
2962.0,2.34346
2964.001,2.424029
2966.001,2.499812
2968.0,2.5691
2970.001,2.628721
2972.0,2.685168
2974.001,2.735119
2976.0,2.790712
2978.0,2.835024
2980.001,2.874502
2982.0,2.910001
2984.0,2.939812
2986.0,2.973649
2988.0,3.005877
2990.0,3.029242
2992.0,3.050995
2994.0,3.073554
2996.001,3.09289
2998.0,3.110665
3000.001,3.125973
3002.0,3.143698
3004.0,3.156589
3006.0,3.170286
3008.0,3.178342
3010.0,3.190427
3012.001,3.19929
3014.0,3.21057
3016.001,3.219431
3018.0,3.226683
3020.001,3.232322
3022.0,3.239573
3024.0,3.244408
3026.001,3.248436
3028.001,3.2532708
3030.0,3.252465
3032.001,3.262939
3034.0,3.266161
3036.001,3.263744
3038.0,3.272606
3040.0,3.274218
3042.001,3.261327
3044.0,3.280663
3046.0,3.28308
3048.0,3.285497
3050.0,3.28872
3052.0,3.291137
3054.0,3.298388
3056.0,3.291137
3058.001,3.24602
3060.0,2.958342
3062.001,2.702892
3064.0,2.469951
3066.0,2.254786
3068.0,2.059761
3070.0,1.8841236
3072.0,1.7229384
3074.001,1.5706156
3076.0,1.443268
3078.001,1.3167776
3080.0,1.203932
3082.001,1.0975824
3084.0,1.0081024
3086.0,0.9227008
3088.001,0.8437442
3090.001,0.771989
3092.0,0.7091464
3094.001,0.6366352
3096.0,0.5922728
3098.001,0.5431264
3100.0,0.4955916
3102.0,0.4569191
3104.001,0.4190522
3106.0,0.3891919
3108.0,0.3497138
3110.0,0.3199038
3112.0,0.2900938
3114.0,0.2691461
3116.0,0.24497592
3118.0,0.23127948
3120.001,0.2079148
3122.0,0.196585
3124.001,0.1772488
3126.0,0.1675806
3128.0,0.15227284
3130.0,0.13374224
3132.0,0.1264912
3134.0,0.1127947
3136.001,0.11037764
3138.0,0.0974868
3140.001,0.08943008
3142.0,0.08701304
3144.001,0.07976194
3146.0,0.0708995
3148.0,0.0644541
3150.001,0.0612314
3152.001,0.05639736
3154.0,0.0507576
3156.001,0.06284276
3158.0,0.0443122
3160.001,0.04350652
3162.0,0.03786679
3164.0,0.03544975
3166.001,0.03222704
3168.0,0.03222704
3170.001,0.03303272
3172.0,0.006445408
3174.0,0.02739299
3176.0,0.02417028
3178.0,0.023364616
3180.0,0.023364616
3182.001,0.2304737
3184.0,0.5044542
3186.001,0.74379
3188.0,0.96379
3190.0,1.1676768
3192.0,1.3538376
3194.0,1.516635
3196.0,1.6770144
3198.001,1.8139804
3200.0,1.9389096
3202.001,2.057345
3204.0,2.162134
3206.001,2.265259
3208.0,2.353934
3210.0,2.43289
3212.001,2.507868
3214.001,2.575546
3216.0,2.639194
3218.001,2.70692
3220.0,2.747204
3222.001,2.797157
3224.0,2.838247
3226.0,2.877724
3228.001,2.9140292
3230.0,2.947869
3232.001,2.979289
3234.0,3.006683
3236.0,3.031659
3238.0,3.055024
3240.0,3.075165
3242.0,3.096163
3244.001,3.125167
3246.0,3.130001
3248.001,3.144504
3250.0,3.158201
3252.0,3.172702
3254.0,3.180759
3256.0,3.193651
3258.0,3.201707
3260.001,3.2121808
3262.0,3.220237
3264.001,3.225877
3266.0,3.255687
3268.001,3.238768
3270.0,3.238768
3272.0,3.257299
3274.001,3.254882
3276.001,3.260521
3278.0,3.26455
3280.001,3.27019
3282.0,3.27019
3284.001,3.27019
3286.0,3.275829
3288.0,3.279052
3290.001,3.282275
3292.001,3.281469
3294.001,3.286303
3296.0,3.287109
3298.0,3.287109
3300.0,3.289525
3302.0,3.291137
3304.0,3.212986
3306.001,2.925309
3308.0,2.673032
3310.001,2.442559
3312.0,2.230616
3314.0,2.036397
3316.0,1.867205
3318.0,1.7036024
3320.0,1.559336
3322.001,1.4239324
3324.0,1.302275
3326.001,1.191041
3328.0,1.0871092
3330.001,1.0040744
3332.0,0.9114214
3334.0,0.834076
3336.001,0.764738
3338.001,0.6986724
3340.0,0.642275
3342.001,0.5858272
3344.0,0.5390978
3346.001,0.4915632
3348.0,0.4504738
3350.0,0.4126069
3352.001,0.3771068
3354.001,0.3456854
3356.001,0.3182924
3358.0,0.3037904
3360.0,0.2675348
3362.0,0.24497592
3364.0,0.199002
3366.0,0.2030304
3368.001,0.1893339
3370.0,0.1740261
3372.001,0.15952384
3374.0,0.13051952
3376.0,0.13615924
3378.0,0.1264912
3380.0,0.1152117
3382.0,0.10554354
3384.001,0.0982925
3386.0,0.09023572
3388.001,0.082179
3390.0,0.07492788
3392.001,0.07412224
3394.0,0.0612314
3396.0,0.0604257
3398.001,0.05317464
3400.001,0.05156327
3402.0,0.04834056
3404.001,0.04511786
3406.0,0.04270084
3408.001,0.0410895
3410.0,0.03544975
3412.0,0.02417028
3414.001,0.03142138
3416.001,0.029004348
3418.001,0.02819868
3420.0,0.02094758
3422.0,0.017724876
3424.0,0.023364616
3426.0,0.016919208
3428.0,0.2675348
3430.001,0.534264
3432.0,0.7736002
3434.001,0.9879604
3436.0,1.1934584
3438.0,1.3723684
3440.0,1.532749
3442.0,1.6915168
3444.0,1.8284824
3446.001,1.957441
3448.0,2.0743132
3450.001,2.180663
3452.0,2.275783
3454.001,2.360379
3456.0,2.4433648
3458.0,2.518341
3460.001,2.586019
3462.001,2.646445
3464.0,2.702892
3466.001,2.75365
3468.0,2.809242
3470.001,2.839858
3472.0,2.8955
3474.0,2.92128
3476.001,2.9551192
3478.001,2.984124
3480.001,3.013129
3482.0,3.0372992
3484.0,3.062274
3486.0,3.075971
3488.0,3.092084
3490.0,3.117111
3492.001,3.131612
3494.0,3.147726
3496.001,3.161423
3498.0,3.173508
3500.0,3.186399
3502.0,3.194456
3504.0,3.203318
3506.0,3.213792
3508.001,3.221849
3510.0,3.2299052
3512.001,3.23635
3514.0,3.241185
3516.001,3.2476308
3518.0,3.251659
3520.0,3.256493
3522.001,3.257299
3524.001,3.26455
3526.0,3.268578
3528.001,3.2718
3530.0,3.2718
3532.001,3.27744
3534.0,3.280663
3536.0,3.279857
3538.001,3.28308
3540.001,3.289525
3542.001,3.287914
3544.001,3.289525
3546.0,3.281469
3548.0,3.292748
3550.0,3.16948
3552.0,2.8955
3554.001,2.641611
3556.0,2.415165
3558.001,2.215308
3560.0,2.013033
3562.0,1.846207
3564.0,1.678626
3566.0,1.539194
3568.001,1.411847
3570.001,1.2885788
3572.0,1.194264
3574.001,1.075829
3576.0,0.9871548
3578.001,0.89853
3580.0,0.8227464
3582.0,0.7550696
3584.001,0.6881984
3586.001,0.6326068
3588.0,0.5801876
3590.001,0.534264
3592.0,0.4859233
3594.001,0.4488622
3596.0,0.4093339
3598.0,0.371467
3600.001,0.344074
3602.001,0.314264
3604.001,0.286871
3606.001,0.2643122
3608.0,0.24255884
3610.0,0.2256398
3612.0,0.2054474
3614.0,0.1885282
3616.001,0.1828885
3618.0,0.15952384
3620.001,0.14985576
3622.0,0.13374224
3624.0,0.1224628
3626.0,0.11037764
3628.0,0.10554354
3630.001,0.09990386
3632.001,0.08943008
3634.0,0.07976194
3636.001,0.0773449
3638.0,0.07573358
3640.001,0.0636484
3642.0,0.05800869
3644.0,0.04995193
3646.001,0.05156327
3648.001,0.0475349
3650.0,0.0443122
3652.001,0.04189516
3654.0,0.03867246
3656.001,0.03625542
3658.0,0.03544975
3660.001,0.029004348
3662.001,0.0306157
3664.001,0.02819868
3666.001,0.029004348
3668.001,0.02417028
3670.0,0.023364616
3672.0,0.014502172
3674.0,0.2965392
3676.0,0.561657
3678.001,0.8026046
3680.0,1.0185764
3682.001,1.222463
3684.0,1.3941224
3686.0,1.559336
3688.0,1.6899052
3690.0,1.8470128
3692.001,1.971137
3694.001,2.100095
3696.0,2.19436
3698.001,2.29512
3700.0,2.37327
3702.001,2.453032
3704.0,2.526399
3706.0,2.589242
3708.001,2.660947
3710.001,2.708532
3712.0,2.758484
3714.001,2.805213
3716.0,2.846303
3718.001,2.886587
3720.0,2.9373948
3722.001,2.9551192
3724.001,2.985735
3726.001,3.013129
3728.001,3.0372992
3730.001,3.055024
3732.0,3.080805
3734.0,3.096163
3736.0,3.119527
3738.0,3.134835
3740.001,3.144504
3742.0,3.163034
3744.001,3.175119
3746.0,3.185593
3748.0,3.195261
3750.0,3.203318
3752.0,3.213792
3754.001,3.221849
3756.001,3.233128
3758.0,3.233128
3760.001,3.241185
3762.0,3.246826
3764.001,3.250048
3766.0,3.255687
3768.0,3.258911
3770.001,3.265355
3772.001,3.266967
3774.0,3.27019
3776.001,3.273412
3778.0,3.275024
3780.001,3.27744
3782.0,3.276635
3784.001,3.286303
3786.001,3.286303
3788.001,3.287914
3790.001,3.295165
3792.001,3.289525
3794.0,3.285497
3796.001,3.13967
3798.0,2.860805
3800.0,2.612606
3802.001,2.390995
3804.0,2.180663
3806.001,1.991279
3808.0,1.8300936
3810.0,1.6657352
3812.0,1.514218
3814.0,1.3957336
3816.001,1.274076
3818.001,1.1700936
3820.0,1.062133
3822.001,0.9742638
3824.0,0.892085
3826.001,0.8163012
3828.0,0.7486244
3830.0,0.6849756
3832.001,0.6261614
3834.001,0.573742
3836.0,0.5254014
3838.001,0.481895
3840.0,0.442417
3842.001,0.4020827
3844.0,0.3819409
3846.001,0.3472969
3848.001,0.3110413
3850.001,0.284454
3852.001,0.2602838
3854.001,0.24255884
3856.0,0.22080568
3858.001,0.2030304
3860.0,0.1853055
3862.0,0.171609
3864.001,0.15630116
3866.0,0.1474387
3868.001,0.13293656
3870.0,0.1192401
3872.0,0.1127947
3874.0,0.1039322
3876.0,0.0886244
3878.001,0.08701304
3880.001,0.0813733
3882.0,0.07251084
3884.001,0.07170516
3886.0,0.0644541
3888.001,0.06928818
3890.0,0.05478598
3892.0,0.03706112
3894.001,0.0475349
3896.001,0.0507576
3898.0,0.03544975
3900.001,0.03867246
3902.0,0.03786679
3904.001,0.03383841
3906.0,0.03142138
3908.001,0.029004348
3910.0,0.02739299
3912.001,0.03625542
3914.001,0.02417028
3916.002,0.023364616
3917.999,0.04995193
3920.001,0.3368229
3922.0,0.5963012
3924.002,0.829242
3926.001,1.041185
3928.0,1.237821
3930.002,1.4094296
3932.001,1.5754496
3934.0,1.726161
3936.0,1.863982
3938.001,1.971943
3940.0,2.100901
3942.0,2.203222
3944.001,2.307205
3946.001,2.383745
3948.0,2.461089
3949.999,2.5352616
3952.001,2.598104
3954.0,2.6593352
3955.999,2.714172
3958.001,2.762513
3960.0,2.810853
3962.002,2.85436
3963.999,2.893888
3966.001,2.930143
3968.0,2.96237
3970.001,2.998626
3972.001,3.017962
3974.0,3.041328
3976.002,3.065498
3978.001,3.083222
3980.0,3.102608
3982.0,3.120333
3984.001,3.1356408
3986.001,3.150144
3988.0,3.162229
3990.001,3.174314
3992.001,3.183175
3994.002,3.196067
3995.999,3.204124
3998.001,3.215403
4000.0,3.220237
4001.999,3.2291
4004.001,3.23474
4006.0,3.241185
4008.002,3.2476308
4009.999,3.252465
4012.0,3.258105
4014.0,3.260521
4016.001,3.266161
4018.0,3.266161
4020.0,3.269384
4022.001,3.272606
4024.001,3.27744
4026.0,3.279857
4028.0,3.282275
4030.001,3.292748
4032.001,3.287109
4034.0,3.290331
4036.001,3.291137
4038.001,3.290331
4040.002,3.295971
4041.999,3.101803
4044.001,2.829383
4046.0,2.583602
4048.002,2.360379
4050.001,2.158104
4052.0,1.971137
4054.002,1.8051184
4056.001,1.6471544
4058.0,1.5061616
4060.0,1.378008
4062.001,1.2579624
4064.001,1.151563
4066.0,1.05327
4068.001,0.9742638
4070.001,0.8824168
4072.0,0.80905
4073.999,0.7341222
4076.001,0.6777246
4078.0,0.6108032
4079.999,0.566491
4082.001,0.5221788
4084.0,0.4714212
4086.002,0.437583
4087.999,0.3988602
4090.001,0.3698557
4092.0,0.3352117
4094.002,0.3182924
4096.0,0.2876767
4098.0,0.257061
4100.002,0.23772484
4102.0,0.2167772
4104.0,0.1957793
4106.0,0.1836942
4108.0,0.1772488
4110.0,0.1611353
4112.0,0.14341032
4114.0,0.1272968
4116.0,0.1208514
4118.002,0.1111833
4119.998,0.11440604
4122.0,0.09345846
4124.0,0.0886244
4126.002,0.082179
4128.0,0.07492788
4130.0,0.06848246
4132.002,0.0644541
4133.998,0.05962004
4136.0,0.05639736
4138.0,0.05156327
4140.002,0.0539803
4142.0,0.04914626
4144.0,0.03786679
4146.002,0.03867246
4148.0,0.03464409
4150.0,0.03303272
4152.0,0.03142138
4154.0,0.029004348
4156.0,0.02739299
4158.0,0.02981002
4160.0,0.024975968
4162.0,0.02255893
4164.002,0.082179
4165.998,0.3666331
4168.0,0.622133
4170.0,0.8526068
4172.002,1.0653556
4174.0,1.26038
4176.0,1.436017
4178.002,1.5980084
4180.0,1.744691
4182.0,1.8768728
4184.0,1.997724
4186.0,2.112181
4188.0,2.216919
4190.0,2.308815
4192.0,2.39583
4194.0,2.478058
4196.0,2.544124
4198.0,2.610189
4200.0,2.66981
4202.0,2.721423
4204.0,2.755261
4206.0,2.814076
4208.0,2.859194
4210.002,2.898722
4211.998,2.931754
4214.0,2.963982
4216.0,2.992987
4218.002,3.017962
4220.0,3.029242
4222.0,3.063886
4224.002,3.086444
4226.0,3.103414
4228.0,3.121945
4230.0,3.140476
4232.0,3.150144
4234.0,3.160617
4236.0,3.175119
4238.0,3.187204
4240.0,3.200096
4242.002,3.207346
4243.998,3.214598
4246.0,3.220237
4248.0,3.2299052
4250.002,3.233128
4252.0,3.243602
4254.0,3.249242
4256.002,3.252465
4257.998,3.259715
4260.0,3.262133
4262.0,3.291137
4264.002,3.268578
4266.0,3.269384
4268.0,3.281469
4270.002,3.27744
4272.0,3.298388
4274.0,3.28308
4276.0,3.284691
4278.0,3.285497
4280.0,3.287914
4282.0,3.282275
4284.0,3.289525
4286.0,3.296776
4288.002,3.067914
4289.998,2.799574
4292.0,2.557015
4294.0,2.336209
4296.002,2.136351
4298.0,1.9469664
4300.0,1.783364
4302.002,1.631041
4304.0,1.490853
4306.0,1.361089
4308.0,1.239432
4310.0,1.138672
4312.0,1.043602
4314.0,0.9525106
4316.0,0.8735546
4318.0,0.7985762
4320.0,0.7341222
4322.0,0.6704736
4324.0,0.5979124
4326.0,0.5608514
4328.0,0.5157336
4330.0,0.4722268
4332.0,0.4319431
4334.002,0.394026
4335.998,0.3617989
4338.0,0.3327946
4340.0,0.307013
4342.002,0.2788144
4344.0,0.257061
4346.0,0.2353078
4348.002,0.21758284
4350.0,0.1998077
4352.0,0.1861112
4354.0,0.1627466
4356.0,0.15307848
4358.0,0.1426047
4360.0,0.12971384
4362.0,0.1208514
4364.0,0.1152117
4366.002,0.10634928
4367.998,0.09345846
4370.0,0.08701304
4372.0,0.07895626
4374.002,0.06203707
4376.0,0.07815058
4378.0,0.05962004
4380.002,0.05639736
4381.998,0.05236894
4384.0,0.05478598
4386.0,0.04592355
4388.002,0.04270084
4390.0,0.03706112
4392.0,0.04189516
4394.002,0.03947813
4396.0,0.03222704
4398.0,0.02981002
4400.0,0.02819868
4402.0,0.02658732
4404.0,0.025781632
4406.0,0.024975968
4408.0,0.024975968
4410.0,0.1208514
4412.002,0.4053056
4413.998,0.6487204
4416.0,0.8727484
4418.0,1.092749
4420.002,1.2861616
4422.0,1.4570148
4424.0,1.6149276
4426.002,1.762417
4428.0,1.895403
4430.0,2.01545
4432.0,2.125072
4434.0,2.228198
4436.0,2.318485
4438.0,2.401469
4440.0,2.47967
4442.0,2.548958
4444.0,2.6182452
4446.0,2.676255
4448.0,2.728674
4450.0,2.774598
4452.0,2.812464
4454.0,2.861611
4456.0,2.901139
4458.002,2.935784
4459.998,2.966399
4462.0,2.9962092
4464.0,3.022796
4466.002,3.046161
4468.0,3.067914
4470.0,3.084028
4472.002,3.108248
4474.0,3.126778
4476.0,3.138058
4478.0,3.152561
4480.0,3.161423
4482.0,3.1767308
4484.0,3.191233
4486.0,3.19929
4488.0,3.209764
4490.002,3.20493
4491.998,3.224265
4494.0,3.225877
4496.0,3.23635
4498.002,3.24199
4500.0,3.2476308
4502.0,3.254076
4504.002,3.256493
4505.998,3.261327
4508.0,3.263744
4510.0,3.260521
4512.002,3.27019
4514.0,3.275024
4516.0,3.278246
4518.002,3.281469
4520.0,3.28308
4522.0,3.28308
4524.0,3.282275
4526.0,3.287914
4528.0,3.289525
4530.0,3.287109
4532.0,3.292748
4534.0,3.034881
4536.002,2.768152
4537.998,2.527205
4540.0,2.294314
4542.0,2.117015
4544.002,1.928436
4546.0,1.7640284
4548.0,1.6141216
4550.002,1.4739344
4552.0,1.3498092
4554.0,1.2321308
4556.0,1.12417
4558.0,1.0306612
4560.0,0.9452594
4562.0,0.8518012
4564.0,0.791325
4566.0,0.7276764
4568.002,0.6648338
4570.0,0.604358
4572.0,0.55924
4574.0,0.5084826
4576.0,0.4673928
4578.0,0.4263034
4580.0,0.3916089
4582.002,0.359382
4583.998,0.329572
4586.0,0.3013732
4588.0,0.2747859
4590.002,0.2546441
4592.0,0.2320851
4594.0,0.21033176
4596.002,0.2054474
4598.0,0.17966576
4600.0,0.16677496
4602.0,0.1546898
4604.0,0.13293656
4606.0,0.12971384
4608.0,0.1208514
4610.0,0.10634928
4612.0,0.1007095
4614.002,0.09345846
4616.0,0.08620734
4618.0,0.07815058
4620.0,0.07815058
4622.002,0.06848246
4624.0,0.06203707
4626.0,0.03464409
4628.002,0.05156327
4630.002,0.0507576
4632.0,0.04834056
4634.0,0.04350652
4636.002,0.05317464
4638.0,0.03706112
4640.0,0.02417028
4642.002,0.03222704
4644.0,0.02981002
4646.0,0.03544975
4648.0,0.02739299
4650.0,0.025781632
4652.0,0.02658732
4654.0,0.02175326
4656.0,0.1579125
4658.0,0.4319431
4660.002,0.6809472
4661.998,0.9041704
4664.0,1.114502
4666.0,1.2966352
4668.002,1.479574
4670.0,1.6342636
4672.0,1.7704736
4674.002,1.909906
4676.0,2.029147
4678.0,2.136351
4680.0,2.237867
4682.0,2.320901
4684.0,2.411943
4686.0,2.487727
4688.0,2.559431
4690.0,2.621469
4692.002,2.690002
4694.0,2.732703
4696.0,2.785072
4698.0,2.824549
4700.0,2.868862
4702.0,2.904362
4704.0,2.941423
4706.002,2.970427
4707.998,2.998626
4710.0,3.0260184
4712.0,3.049384
4714.002,3.070331
4716.0,3.091278
4718.0,3.10986
4720.002,3.118721
4722.0,3.142087
4724.0,3.151755
4726.0,3.167062
4728.0,3.178342
4730.0,3.188815
4732.0,3.200096
4734.0,3.208958
4736.0,3.218626
4738.002,3.22346
4740.0,3.232322
4742.0,3.240379
4744.0,3.246826
4746.002,3.249242
4748.0,3.254076
4750.0,3.256493
4752.002,3.261327
4754.002,3.266161
4756.0,3.27019
4758.0,3.273412
4760.002,3.273412
4762.0,3.27744
4764.0,3.280663
4766.002,3.280663
4768.0,3.284691
4770.0,3.279052
4772.0,3.289525
4774.0,3.291942
4776.0,3.293554
4778.0,3.27019
4780.0,3.001849
4782.0,2.745593
4784.002,2.50384
4785.998,2.273366
4788.0,2.089622
4790.0,1.909906
4792.002,1.745497
4794.0,1.5947852
4796.0,1.467489
4798.002,1.3353072
4800.0,1.21924
4802.0,1.1161132
4804.0,1.0201876
4806.0,0.936397
4808.0,0.8566352
4810.0,0.7824624
4812.002,0.7180086
4814.0,0.6559716
4816.002,0.5954956
4818.0,0.551183
4820.0,0.5084826
4822.0,0.4577248
4824.0,0.4238865
4826.0,0.3875806
4828.0,0.3553536
4830.002,0.3239322
4831.998,0.2965392
4834.0,0.2731746
4836.0,0.2506158
4838.002,0.23127948
4840.0,0.2127489
4842.0,0.196585
4844.002,0.1853055
4846.0,0.16355224
4848.0,0.15146716
4850.0,0.1409933
4852.0,0.1281025
4854.0,0.12568552
4856.0,0.1127947
4858.0,0.09990386
4860.0,0.09023572
4862.002,0.084596
4864.0,0.07976194
4866.0,0.07653924
4868.0,0.06687112
4870.002,0.05317464
4872.0,0.0644541
4874.0,0.05317464
4876.002,0.05478598
4878.002,0.04592355
4880.0,0.04270084
4882.0,0.03947813
4884.002,0.03544975
4886.0,0.03706112
4888.0,0.03222704
4890.002,0.0306157
4892.0,0.017724876
4894.0,0.024975968
4896.0,0.025781632
4898.0,0.023364616
4900.0,0.02255893
4902.0,0.1909453
4904.0,0.4609474
4906.0,0.7083406
4908.002,0.9396196
4909.998,1.141089
4912.0,1.3264452
4914.0,1.4964936
4916.002,1.654456
4918.0,1.807535
4920.0,1.9244076
4922.002,2.042842
4924.0,2.162938
4926.0,2.253174
4928.0,2.340237
4930.0,2.421611
4932.0,2.497394
4934.0,2.578768
4936.002,2.631137
4938.0,2.686778
4940.002,2.744788
4942.0,2.7891
4944.0,2.847915
4946.0,2.876918
4948.0,2.910807
4950.0,2.944646
4952.0,2.969621
4954.002,3.005072
4955.998,3.028436
4958.0,3.053413
4960.0,3.073554
4962.002,3.093696
4964.0,3.10986
4966.0,3.126778
4968.002,3.132418
4970.0,3.153366
4972.0,3.154977
4974.0,3.183175
4976.0,3.192039
4978.0,3.196067
4980.0,3.208958
4982.0,3.217015
4984.0,3.22346
4986.002,3.232322
4988.0,3.237156
4990.0,3.244408
4992.0,3.251659
4994.002,3.250854
4996.0,3.255687
4998.0,3.26455
5000.002,3.265355
5002.002,3.269384
5004.0,3.2718
5006.0,3.275024
5008.002,3.281469
5010.0,3.279052
5012.0,3.28308
5014.002,3.285497
5016.0,3.287914
5018.0,3.28872
5020.0,3.289525
5022.0,3.290331
5024.0,3.249242
5026.0,2.963982
5028.0,2.706115
5030.0,2.465923
5032.002,2.258814
5033.998,2.065452
5036.0,1.895403
5038.0,1.7253552
5040.002,1.565781
5042.0,1.4408516
5044.0,1.3183888
5046.002,1.2047376
5048.0,1.101611
5050.0,1.0105196
5052.0,0.9227008
5054.0,0.8453554
5056.0,0.7736002
5058.0,0.7075348
5060.002,0.6471092
5062.0,0.5971068
5064.002,0.5471548
5066.0,0.4988143
5068.0,0.4569191
5070.0,0.4182466
5072.002,0.3819409
5074.0,0.3513252
5076.0,0.3215152
5078.002,0.2949278
5079.998,0.2659236
5082.0,0.2481986
5084.0,0.2272511
5086.002,0.2079148
5088.0,0.1925566
5090.0,0.1772488
5092.002,0.16355224
5094.0,0.1490501
5096.0,0.1377706
5098.0,0.1281025
5100.0,0.1176287
5102.0,0.10554354
5104.0,0.09909816
5106.0,0.08943008
5108.0,0.08540166
5110.002,0.07895626
5112.0,0.07170516
5114.0,0.0813733
5116.0,0.06203707
5118.002,0.05236894
5120.0,0.05317464
5122.0,0.04914626
5124.002,0.06284276
5126.002,0.04189516
5128.0,0.0539803
5130.0,0.03786679
5132.002,0.03383841
5134.0,0.029004348
5136.0,0.02981002
5138.002,0.02981002
5140.0,0.029004348
5142.0,0.024975968
5144.0,0.02981002
5146.0,0.02175326
5148.0,0.2240283
5150.0,0.4915632
5152.0,0.7381504
5154.0,0.9581504
5156.002,1.1628424
5157.998,1.350615
5160.0,1.516635
5162.0,1.6762088
5164.002,1.811563
5166.0,1.9348816
5168.0,2.054121
5170.002,2.159716
5172.0,2.265259
5174.0,2.351517
5176.0,2.432085
5178.002,2.507062
5180.0,2.575546
5182.0,2.637583
5184.002,2.697253
5186.0,2.746399
5188.002,2.7891
5190.0,2.837441
5192.0,2.876918
5194.0,2.90839
5196.002,2.941423
5198.0,2.975261
5200.0,3.006683
5202.002,3.032464
5203.998,3.054218
5206.0,3.075971
5208.0,3.092084
5210.002,3.111471
5212.0,3.130001
5214.0,3.144504
5216.002,3.157395
5218.0,3.1710908
5220.0,3.1710908
5222.0,3.191233
5224.0,3.19929
5226.0,3.2121808
5228.0,3.219431
5230.0,3.225877
5232.0,3.23474
5234.002,3.237962
5236.0,3.244408
5238.0,3.248436
5240.0,3.258911
5242.002,3.261327
5244.0,3.262939
5246.0,3.269384
5248.002,3.27019
5250.002,3.263744
5252.0,3.2718
5254.0,3.274218
5256.002,3.282275
5258.0,3.28308
5260.0,3.287109
5262.002,3.287914
5264.0,3.291942
5266.0,3.291137
5268.0,3.290331
5270.0,3.220237
5272.0,2.93256
5274.0,2.678672
5276.0,2.445781
5278.0,2.236255
5280.002,2.046065
5281.998,1.868816
5284.0,1.7052136
5286.0,1.563364
5288.002,1.4263492
5290.0,1.3087204
5292.0,1.1926524
5294.002,1.091943
5296.0,0.9968226
5298.0,0.9138382
5300.0,0.8381044
5302.002,0.776823
5304.0,0.7002836
5306.0,0.641469
5308.002,0.5930784
5310.0,0.5390978
5312.002,0.4939802
5314.0,0.4504738
5316.0,0.4150238
5318.0,0.3811353
5320.002,0.3561592
5322.0,0.319098
5324.0,0.2892881
5326.002,0.2675348
5327.998,0.2457816
5330.0,0.2296681
5332.0,0.20630344
5334.002,0.196585
5336.0,0.17966576
5338.0,0.16032952
5340.002,0.1458274
5342.0,0.13696492
5344.0,0.12407414
5346.0,0.1152117
5348.0,0.10554354
5350.0,0.10957196
5352.0,0.08701304
5354.0,0.1015152
5356.0,0.07492788
5358.002,0.07412224
5360.0,0.05720302
5362.0,0.06203707
5364.0,0.05639736
5366.002,0.06928818
5368.0,0.04914626
5370.0,0.0475349
5372.002,0.04511786
5374.002,0.03786679
5376.0,0.03625542
5378.0,0.03544975
5380.002,0.02819868
5382.0,0.0306157
5384.0,0.029004348
5386.002,0.024975968
5388.0,0.025781632
5390.0,0.02255893
5392.0,0.009668114
5394.0,0.259478
5396.0,0.5237902
5398.0,0.7671548
5400.0,0.9863492
5402.0,1.187013
5404.002,1.3699516
5405.998,1.53436
5408.0,1.6899052
5410.0,1.8276764
5412.002,1.9534128
5414.0,2.081565
5416.0,2.179052
5418.002,2.273366
5420.0,2.36199
5422.0,2.436919
5424.0,2.519953
5426.002,2.585214
5428.0,2.650473
5430.0,2.702087
5432.002,2.752038
5434.0,2.8044076
5436.002,2.842275
5438.0,2.886587
5440.0,2.922086
5442.0,2.949479
5444.002,2.975261
5446.0,3.0091
5448.0,3.034881
5450.002,3.057441
5451.998,3.078388
5454.0,3.095357
5456.0,3.116305
5458.002,3.132418
5460.0,3.149338
5462.0,3.159811
5464.002,3.166257
5466.0,3.183175
5468.0,3.192845
5470.0,3.20493
5472.0,3.215403
5474.0,3.221043
5476.0,3.228294
5478.0,3.232322
5480.0,3.227488
5482.002,3.245214
5484.0,3.250048
5486.0,3.256493
5488.0,3.258105
5490.002,3.269384
5492.0,3.267772
5494.0,3.268578
5496.002,3.272606
5498.002,3.276635
5500.0,3.278246
5502.0,3.282275
5504.002,3.28308
5506.0,3.284691
5508.0,3.285497
5510.002,3.287109
5512.0,3.291942
5514.0,3.29436
5516.0,3.179147
5518.0,2.9019448
5520.0,2.649668
5522.0,2.42
5524.0,2.208056
5526.0,2.019478
5528.002,1.847818
5529.998,1.68346
5532.0,1.543222
5534.0,1.413458
5536.002,1.287773
5538.0,1.180567
5540.0,1.075024
5542.002,0.9879604
5544.0,0.9025592
5546.0,0.8332704
5548.0,0.7574866
5550.002,0.6881984
5552.0,0.6374408
5554.0,0.5809932
5556.002,0.5439324
5558.0,0.4883406
5560.002,0.4520852
5562.0,0.4101395
5564.0,0.3746899
5566.0,0.3352117
5568.002,0.3158754
5570.0,0.2884824
5572.0,0.269952
5574.002,0.24255884
5576.002,0.2167772
5578.0,0.20630344
5580.0,0.1885282
5582.002,0.17886016
5584.0,0.15952384
5586.0,0.1450217
5588.002,0.13535364
5590.0,0.1224628
5592.0,0.1111833
5594.0,0.10715492
5596.0,0.09587548
5598.0,0.09023572
5600.0,0.08298464
5602.0,0.07653924
5604.0,0.07009382
5606.002,0.06525976
5608.0,0.06203707
5610.0,0.05156327
5612.0,0.0539803
5614.002,0.04834056
5616.0,0.04511786
5618.0,0.04592355
5620.002,0.03303272
5622.002,0.03303272
5624.0,0.03867246
5626.0,0.03142138
5628.002,0.03383841
5630.0,0.02739299
5632.0,0.02658732
5634.002,0.03142138
5636.0,0.02417028
5638.002,0.017724876
5640.0,0.2965392
5642.0,0.554406
5644.0,0.7993818
5646.0,1.012131
5648.0,1.209572
5650.0,1.3908992
5652.002,1.553696
5653.998,1.706825
5656.0,1.8445956
5658.0,1.97436
5660.002,2.0863984
5662.0,2.187108
5664.0,2.284645
5666.002,2.370048
5668.002,2.450615
5670.0,2.526399
5672.0,2.59891
5674.002,2.652891
5676.0,2.707726
5678.0,2.756873
5680.002,2.8100476
5682.0,2.847915
5684.002,2.87853
5686.0,2.923698
5688.0,2.956731
5690.0,2.985735
5692.002,3.012323
5694.0,3.034075
5696.0,3.057441
5698.002,3.079999
5700.002,3.10422
5702.0,3.117916
5704.0,3.133224
5706.002,3.14531
5708.0,3.160617
5710.0,3.175119
5712.002,3.183175
5714.0,3.195261
5716.0,3.206541
5718.0,3.213792
5720.0,3.230711
5722.0,3.233128
5724.0,3.233128
5726.0,3.242797
5728.0,3.2476308
5730.002,3.258105
5732.0,3.254882
5734.0,3.258911
5736.0,3.262939
5738.002,3.265355
5740.0,3.269384
5742.0,3.274218
5744.002,3.27744
5746.002,3.279857
5748.0,3.281469
5750.0,3.28308
5752.002,3.285497
5754.0,3.285497
5756.0,3.28872
5758.002,3.290331
5760.0,3.291137
5762.002,3.142892
5764.0,2.869667
5766.0,2.6061608
5768.0,2.39583
5770.0,2.187914
5772.0,1.9993356
5774.0,1.826871
5776.002,1.6697636
5778.0,1.5263036
5780.0,1.398956
5782.0,1.28455
5784.002,1.166871
5786.0,1.061327
5788.0,0.9782926
5790.002,0.8969188
5792.002,0.8203296
5794.0,0.7550696
5796.0,0.68417
5798.002,0.626967
5800.0,0.576159
5802.0,0.534264
5804.002,0.4875347
5806.0,0.4432226
5808.002,0.4085282
5810.0,0.3666331
5812.0,0.3408514
5814.0,0.3166811
5816.002,0.284454
5818.0,0.2618951
5820.0,0.2409475
5822.002,0.20872048
5824.002,0.2046418
5826.0,0.1861112
5828.0,0.16999768
5830.002,0.15630116
5832.0,0.13615924
5834.0,0.13374224
5836.002,0.1224628
5838.0,0.1127947
5840.0,0.1015152
5842.0,0.09668114
5844.0,0.09265276
5846.0,0.0910414
5848.0,0.07573358
5850.0,0.0708995
5852.0,0.06284276
5854.002,0.0475349
5856.0,0.0604257
5858.0,0.0507576
5860.0,0.04672923
5862.002,0.04511786
5864.0,0.03786679
5866.0,0.03786679
5868.002,0.03383841
5870.002,0.03867246
5872.0,0.03464409
5874.0,0.029004348
5876.002,0.02175326
5878.0,0.025781632
5880.0,0.024975968
5882.002,0.02175326
5884.0,0.04028382
5886.002,0.3279606
5888.0,0.5866328
5890.0,0.8203296
5892.0,0.9976286
5894.0,1.2281024
5896.0,1.411041
5898.0,1.5843116
5900.002,1.7245496
5902.0,1.8599536
5904.0,1.983222
5906.0,2.097679
5908.002,2.204028
5910.0,2.294314
5912.0,2.392606
5914.002,2.461089
5916.002,2.544124
5918.0,2.602938
5920.0,2.65853
5922.002,2.700475
5924.0,2.761707
5926.0,2.810853
5928.002,2.852748
5930.0,2.891471
5932.002,2.929337
5934.0,2.9607592
5936.0,2.987347
5938.0,3.02199
5940.002,3.043744
5942.0,3.06308
5944.0,3.088056
5946.002,3.103414
5948.002,3.118721
5950.0,3.136446
5952.0,3.149338
5954.002,3.154977
5956.0,3.175925
5958.0,3.186399
5960.002,3.197679
5962.0,3.205736
5964.0,3.212986
5966.0,3.221043
5968.0,3.2291
5970.0,3.24602
5972.0,3.24199
5974.002,3.250048
5976.0,3.252465
5978.002,3.252465
5980.0,3.26455
5982.0,3.265355
5984.0,3.272606
5986.002,3.274218
5988.0,3.275024
5990.0,3.263744
5992.002,3.280663
5994.002,3.283885
5996.0,3.287109
5998.0,3.286303
6000.002,3.287109
6002.0,3.28872
6004.0,3.290331
6006.002,3.291942
6008.0,3.107442
6010.002,2.838247
6012.0,2.589242
6014.0,2.365213
6016.0,2.162134
6018.0,1.97436
6020.0,1.8083408
6022.0,1.6463488
6024.002,1.509384
6026.0,1.380425
6028.0,1.2627968
6030.0,1.151563
6032.002,1.054882
6034.0,0.968624
6036.0,0.8864452
6038.002,0.8106614
6040.002,0.7486244
6042.0,0.6785304
6044.0,0.6205216
6046.002,0.5697136
6048.0,0.5205676
6050.0,0.4778667
6052.002,0.4391942
6054.0,0.3996658
6056.002,0.3561592
6058.0,0.3448797
6060.0,0.3086243
6062.0,0.2804257
6064.002,0.2586724
6066.0,0.23289076
6068.0,0.22241696
6070.002,0.2006134
6072.002,0.1812771
6074.0,0.1683863
6076.0,0.1683863
6078.002,0.14341032
6080.0,0.1289082
6082.0,0.1192401
6084.002,0.11198896
6086.0,0.10312654
6088.0,0.0942641
6090.0,0.084596
6092.0,0.07815058
6094.0,0.0773449
6096.0,0.07976194
6098.002,0.0644541
6100.0,0.06203707
6102.002,0.05478598
6104.0,0.05639736
6106.0,0.04914626
6108.0,0.04350652
6110.002,0.04189516
6112.0,0.03867246
6114.0,0.03625542
6116.002,0.03383841
6118.002,0.03142138
6120.0,0.016919208
6122.0,0.025781632
6124.002,0.02014191
6126.0,0.02981002
6128.0,0.023364616
6130.002,0.07653924
6132.0,0.359382
6134.002,0.6189104
6136.0,0.8526068
6138.0,1.054882
6140.0,1.252323
6142.002,1.434406
6144.0,1.596397
6146.0,1.7438856
6148.002,1.8768728
6150.0,2.0001416
6152.0,2.112987
6154.0,2.212891
6156.002,2.3080092
6158.0,2.391801
6160.0,2.469951
6162.002,2.541706
6164.002,2.606966
6166.0,2.667392
6168.0,2.717394
6170.002,2.770569
6172.0,2.814882
6174.0,2.860805
6176.002,2.896305
6178.0,2.926114
6180.002,2.963982
6182.0,2.990569
6184.0,3.020379
6186.0,3.042939
6188.002,3.076777
6190.0,3.085639
6192.0,3.105026
6194.002,3.113888
6196.002,3.136446
6198.0,3.14531
6200.0,3.164646
6202.002,3.174314
6204.0,3.191233
6206.0,3.196873
6208.002,3.204124
6210.0,3.215403
6212.0,3.221849
6214.0,3.228294
6216.0,3.23635
6218.0,3.242797
6220.0,3.251659
6222.002,3.2532708
6224.0,3.257299
6226.002,3.261327
6228.0,3.263744
6230.0,3.273412
6232.0,3.27019
6234.002,3.274218
6236.0,3.27744
6238.0,3.279052
6240.002,3.279052
6242.002,3.282275
6244.0,3.287109
6246.0,3.282275
6248.002,3.29436
6250.0,3.293554
6252.0,3.297582
6254.002,3.075971
6256.0,2.815688
6258.002,2.561848
6260.0,2.342655
6262.0,2.141185
6264.0,1.955024
6266.002,1.796255
6268.0,1.6334584
6270.0,1.494882
6272.002,1.346587
6274.0,1.250711
6276.0,1.1427004
6278.0,1.0460192
6280.002,0.9541222
6282.0,0.866303
6284.0,0.8009934
6286.002,0.7462074
6288.002,0.6753076
6290.0,0.6172486
6292.0,0.5576288
6294.002,0.5157336
6296.0,0.4730325
6298.0,0.4416113
6300.002,0.396443
6302.0,0.3617989
6304.002,0.3352117
6306.0,0.3054016
6308.0,0.2747859
6310.0,0.259478
6312.002,0.2345021
6314.0,0.2167772
6316.0,0.199002
6318.002,0.1812771
6320.002,0.1675806
6322.0,0.1554955
6324.0,0.1554955
6326.002,0.1264912
6328.0,0.1208514
6330.0,0.11198896
6332.002,0.1007095
6334.0,0.11037764
6336.0,0.08701304
6338.0,0.07976194
6340.002,0.0708995
6342.0,0.06848246
6344.0,0.05559165
6346.002,0.06687112
6348.0,0.0539803
6350.002,0.05156327
6352.0,0.0475349
6354.0,0.03303272
6356.0,0.04189516
6358.002,0.03786679
6360.0,0.03464409
6362.0,0.03303272
6364.002,0.02658732
6366.002,0.029004348
6368.0,0.02739299
6370.0,0.025781632
6372.002,0.024975968
6374.0,0.023364616
6376.0,0.11360036
6378.002,0.3948317
6380.0,0.642275
6382.002,0.8727484
6384.0,1.0838864
6386.0,1.27891
6388.0,1.4602376
6390.002,1.610899
6392.0,1.7777244
6394.0,1.8897636
6396.002,2.001752
6398.0,2.132323
6400.0,2.22417
6402.0,2.314456
6404.002,2.399858
6406.0,2.478058
6408.0,2.548958
6410.002,2.612606
6412.002,2.66417
6414.0,2.725451
6416.0,2.7689576
6418.002,2.819716
6420.0,2.861611
6422.0,2.899528
6424.002,2.9382
6426.0,2.966399
6428.002,2.992987
6430.0,3.02199
6432.0,3.045356
6434.0,3.069526
6436.002,3.088056
6438.0,3.103414
6440.0,3.123556
6442.002,3.13967
6444.002,3.147726
6446.0,3.164646
6448.0,3.1767308
6450.002,3.18801
6452.0,3.197679
6454.0,3.215403
6456.002,3.217821
6458.0,3.22346
6460.0,3.230711
6462.0,3.235545
6464.002,3.242797
6466.0,3.2476308
6468.0,3.2532708
6470.002,3.250048
6472.0,3.261327
6474.002,3.262939
6476.0,3.267772
6478.0,3.27019
6480.0,3.275829
6482.002,3.27744
6484.0,3.279857
6486.0,3.280663
6488.002,3.283885
6490.002,3.275829
6492.0,3.286303
6494.0,3.287914
6496.002,3.291137
6498.0,3.292748
6500.0,3.038104
6502.002,2.775402
6504.0,2.536067
6506.002,2.316067
6508.0,2.119432
6510.0,1.934076
6512.0,1.7672508
6514.002,1.6141216
6516.0,1.477157
6518.0,1.351421
6520.002,1.2321308
6522.002,1.129004
6524.0,1.0339344
6526.0,0.946065
6528.002,0.8654974
6530.0,0.7872966
6532.0,0.7252596
6534.002,0.6664454
6536.002,0.6083864
6538.0,0.5552116
6540.0,0.4980085
6542.002,0.4673928
6544.0,0.4303318
6546.0,0.3916089
6548.002,0.3585762
6550.0,0.331989
6552.002,0.3029846
6554.0,0.2780088
6556.0,0.2320851
6558.0,0.23289076
6560.002,0.2143602
6562.0,0.1949736
6564.0,0.17644308
6566.002,0.1675806
6568.002,0.15227284
6570.0,0.14018764
6572.0,0.1264912
6574.002,0.1208514
6576.0,0.1289082
6578.0,0.1015152
6580.002,0.09345846
6582.0,0.08540166
6584.002,0.07895626
6586.0,0.07331654
6588.002,0.06767682
6590.0,0.0604257
6592.0,0.05639736
6594.002,0.05639736
6596.0,0.05881435
6598.002,0.04672923
6600.0,0.04270084
6602.0,0.03786679
6604.0,0.03867246
6606.002,0.03383841
6608.0,0.0306157
6610.0,0.03303272
6612.002,0.029004348
6614.002,0.02658732
6616.0,0.03706112
6618.0,0.023364616
6620.002,0.02014191
6622.0,0.14824448
6624.0,0.4263034
6626.002,0.6769188
6628.0,0.9009476
6630.002,1.1088624
6632.0,1.2974408
6634.0,1.469906
6636.0,1.627819
6638.002,1.7793356
6640.0,1.904266
6642.0,2.025923
6644.002,2.141185
6646.002,2.236255
6648.0,2.327347
6650.0,2.410331
6652.002,2.486921
6654.0,2.5529868
6656.0,2.612606
6658.002,2.677866
6660.002,2.724645
6662.0,2.781849
6664.0,2.825355
6666.002,2.867251
6668.0,2.9019448
6670.0,2.9373948
6672.002,2.978484
6674.0,2.995404
6676.002,3.021185
6678.0,3.046161
6680.0,3.069526
6682.0,3.0848332
6684.002,3.108248
6686.0,3.124361
6688.0,3.140476
6690.002,3.154977
6692.002,3.171896
6694.0,3.178342
6696.0,3.188815
6698.002,3.200901
6700.0,3.208958
6702.0,3.220237
6704.002,3.226683
6706.0,3.235545
6708.002,3.238768
6710.0,3.24602
6712.002,3.250048
6714.0,3.252465
6716.0,3.257299
6718.002,3.262133
6720.0,3.274218
6722.002,3.269384
6724.0,3.275024
6726.0,3.275024
6728.0,3.279857
6730.002,3.281469
6732.0,3.283885
6734.0,3.286303
6736.002,3.287109
6738.002,3.287914
6740.0,3.285497
6742.0,3.291942
6744.002,3.28308
6746.0,3.00346
6748.0,2.743176
6750.002,2.507868
6752.0,2.293508
6754.002,2.092844
6756.0,1.919574
6758.0,1.7543604
6760.0,1.596397
6762.002,1.461043
6764.0,1.334502
6766.0,1.222463
6768.002,1.116919
6770.002,1.0226048
6772.0,0.9347856
6774.0,0.8558296
6776.002,0.783268
6778.0,0.717203
6780.0,0.6559716
6782.002,0.5979124
6784.002,0.5536004
6786.0,0.4955916
6788.0,0.4698098
6790.002,0.4214692
6792.0,0.3859692
6794.0,0.3545479
6796.002,0.3263492
6798.0,0.2973448
6800.002,0.2715632
6802.0,0.2506158
6804.0,0.2304737
6806.0,0.21597156
6808.002,0.19416792
6810.0,0.17886016
6812.0,0.15388416
6814.002,0.15146716
6816.002,0.13857636
6818.0,0.1289082
6820.0,0.11843436
6822.002,0.09909816
6824.0,0.0974868
6826.0,0.0942641
6828.002,0.08540166
6830.002,0.0773449
6832.002,0.07412224
6834.0,0.0644541
6836.002,0.0612314
6838.0,0.05639736
6840.0,0.05156327
6842.002,0.04914626
6844.0,0.04511786
6846.002,0.05236894
6848.0,0.03625542
6850.0,0.03786679
6852.0,0.03544975
6854.002,0.02819868
6856.0,0.02819868
6858.0,0.02819868
6860.002,0.02819868
6862.002,0.024975968
6864.0,0.01933623
6866.0,0.02417028
6868.002,0.1820828
6870.0,0.4673928
6872.0,0.7010894
6874.002,0.9291462
6876.0,1.1281984
6878.002,1.321611
6880.0,1.491659
6882.0,1.6487656
6884.0,1.7898092
6886.002,1.9179628
6888.0,2.038814
6890.0,2.152464
6892.002,2.247534
6894.002,2.337015
6896.0,2.424029
6898.0,2.497394
6900.002,2.565071
6902.0,2.628721
6904.0,2.68839
6906.002,2.736731
6908.002,2.785878
6910.0,2.831802
6912.0,2.866445
6914.002,2.909195
6916.0,2.9373948
6918.0,2.976067
6920.002,3.001849
6922.0,3.03327
6924.002,3.050189
6926.0,3.072749
6928.0,3.093696
6930.0,3.10986
6932.002,3.12839
6934.0,3.1412816
6936.0,3.154977
6938.002,3.168674
6940.002,3.181565
6942.0,3.196873
6944.0,3.20493
6946.002,3.207346
6948.0,3.220237
6950.0,3.225071
6952.002,3.224265
6954.002,3.237156
6956.002,3.239573
6958.0,3.249242
6960.002,3.252465
6962.0,3.255687
6964.0,3.261327
6966.002,3.266967
6968.0,3.2709952
6970.002,3.28308
6972.0,3.274218
6974.0,3.27744
6976.0,3.279052
6978.002,3.281469
6980.0,3.285497
6982.0,3.287109
6984.002,3.28872
6986.002,3.291137
6988.0,3.290331
6990.0,3.260521
6992.002,2.973649
6994.0,2.713366
6996.0,2.480476
6998.002,2.263648
7000.0,2.067869
7002.002,1.891375
7004.0,1.722133
7006.0,1.577061
7008.0,1.44493
7010.002,1.321611
7012.0,1.2071544
7014.0,1.104834
7016.002,1.012131
7018.002,0.924312
7020.0,0.8445498
7022.0,0.7744058
7024.002,0.7083406
7026.002,0.649526
7028.0,0.5954956
7030.002,0.5415152
7032.002,0.4988143
7034.0,0.4593362
7036.0,0.4206635
7038.002,0.3827466
7040.0,0.3513252
7042.0,0.3223209
7044.002,0.2941222
7046.0,0.2683405
7048.002,0.2465873
7050.0,0.2296681
7052.0,0.2135545
7054.0,0.1925566
7056.002,0.17644308
7058.0,0.1619409
7060.0,0.14985576
7062.002,0.14341032
7064.002,0.1264912
7066.0,0.11682304
7068.0,0.1039322
7070.002,0.09990386
7072.0,0.09023572
7074.0,0.0837903
7076.002,0.0773449
7078.002,0.07573358
7080.002,0.06687112
7082.0,0.06203707
7084.002,0.05720302
7086.0,0.0539803
7088.002,0.04995193
7090.002,0.04592355
7092.0,0.04270084
7094.002,0.04028382
7096.0,0.03867246
7098.0,0.03706112
7100.0,0.03222704
7102.002,0.02981002
7104.0,0.02175326
7106.0,0.025781632
7108.002,0.02417028
7110.002,0.02658732
7112.0,0.02175326
7114.0,0.2191943
7116.002,0.4899519
7118.0,0.7308992
7120.0,0.946065
7122.002,1.161231
7124.0,1.3449756
7126.002,1.5085784
7128.0,1.6649296
7130.0,1.8083408
7132.0,1.9356872
7134.002,2.052511
7136.002,2.162134
7138.0,2.261231
7140.002,2.348294
7142.002,2.43128
7144.0,2.506256
7146.0,2.572323
7148.002,2.633555
7150.002,2.692418
7152.0,2.746399
7154.002,2.7923224
7156.002,2.836635
7158.0,2.880142
7160.0,2.9140292
7162.002,2.939812
7164.0,2.975261
7166.0,3.009905
7168.002,3.034881
7170.0,3.054218
7172.002,3.075971
7174.0,3.100191
7176.0,3.10986
7178.0,3.129196
7180.002,3.142087
7182.0,3.157395
7184.0,3.1710908
7186.002,3.183981
7188.002,3.193651
7190.0,3.204124
7192.0,3.2121808
7194.002,3.217821
7196.0,3.224265
7198.0,3.233934
7200.002,3.245214
7202.002,3.24602
7204.002,3.250854
7206.0,3.256493
7208.002,3.255687
7210.0,3.262133
7212.002,3.267772
7214.002,3.2709952
7216.0,3.274218
7218.002,3.27019
7220.0,3.279052
7222.0,3.290331
7224.0,3.282275
7226.002,3.284691
7228.0,3.287109
7230.0,3.28872
7232.002,3.290331
7234.002,3.29436
7236.0,3.221043
7238.0,2.933366
7240.002,2.691613
7242.0,2.449809
7244.0,2.2394776
7246.002,2.046871
7248.0,1.869622
7250.002,1.710048
7252.0,1.563364
7254.0,1.4352112
7256.0,1.306303
7258.002,1.1797616
7260.002,1.09436
7262.0,1.012937
7264.002,0.9202836
7266.002,0.8356876
7268.0,0.7679604
7270.0,0.7010894
7272.002,0.642275
7274.002,0.58905
7276.0,0.539904
7278.002,0.4931746
7280.002,0.4536965
7282.0,0.4085282
7284.0,0.3811353
7286.002,0.344074
7288.0,0.3174868
7290.0,0.2925108
7292.002,0.2683405
7294.0,0.2457816
7296.002,0.2240283
7298.0,0.2079148
7300.0,0.1901396
7302.0,0.1756374
7304.002,0.1611353
7306.0,0.13696492
7308.0,0.13615924
7310.002,0.1248798
7312.002,0.11360036
7314.0,0.1079606
7316.0,0.1015152
7318.002,0.09265276
7320.002,0.08540166
7322.0,0.0773449
7324.002,0.0708995
7326.002,0.06284276
7328.002,0.05881435
7330.0,0.0539803
7332.002,0.05236894
7334.0,0.04834056
7336.002,0.04511786
7338.002,0.04189516
7340.0,0.0410895
7342.002,0.03786679
7344.0,0.03464409
7346.0,0.03142138
7348.0,0.02658732
7350.002,0.02819868
7352.0,0.01611352
7354.0,0.024975968
7356.002,0.025781632
7358.002,0.02255893
7360.0,0.2506158
7362.0,0.519762
7364.002,0.7574866
7366.0,0.983932
7368.0,1.1821788
7370.002,1.366729
7372.0,1.530332
7374.002,1.6842652
7376.0,1.82526
7378.0,1.9534128
7380.0,2.06948
7382.002,2.16455
7384.002,2.270144
7386.0,2.357962
7388.002,2.43289
7390.002,2.5118968
7392.0,2.584408
7394.0,2.647251
7396.002,2.700475
7398.002,2.7512324
7400.0,2.797157
7402.002,2.841469
7404.002,2.880142
7406.0,2.922892
7408.0,2.951091
7410.002,2.980901
7412.0,3.008294
7414.0,3.03327
7416.002,3.055829
7418.0,3.076777
7420.002,3.093696
7422.0,3.117111
7424.0,3.131612
7426.0,3.1412816
7428.002,3.158201
7430.0,3.170286
7432.0,3.184787
7434.002,3.194456
7436.002,3.202513
7438.0,3.216209
7440.0,3.220237
7442.002,3.219431
7444.002,3.232322
7446.0,3.235545
7448.002,3.2476308
7450.002,3.251659
7452.002,3.258911
7454.0,3.260521
7456.002,3.259715
7458.0,3.266161
7460.002,3.269384
7462.002,3.273412
7464.0,3.276635
7466.002,3.279857
7468.0,3.280663
7470.0,3.291137
7472.0,3.283885
7474.002,3.292748
7476.0,3.28872
7478.0,3.291942
7480.002,3.291137
7482.002,3.184787
7484.0,2.9196692
7486.0,2.656113
7488.002,2.4256392
7490.0,2.215308
7492.0,2.02109
7494.002,1.851041
7496.0,1.692322
7498.002,1.545639
7500.0,1.414264
7502.002,1.2950236
7504.0,1.1854016
7506.002,1.0838864
7508.002,0.989572
7510.0,0.9065874
7512.002,0.8300476
7514.002,0.7607096
7516.0,0.6938382
7518.0,0.6374408
7520.002,0.5826044
7522.002,0.5334584
7524.0,0.4883406
7526.002,0.4480566
7528.002,0.4077225
7530.002,0.3827466
7532.0,0.3408514
7534.002,0.3150697
7536.0,0.2892881
7538.0,0.2707576
7540.002,0.2506158
7542.0,0.22322264
7544.002,0.20630344
7546.0,0.1836942
7548.0,0.1748318
7550.0,0.15952384
7552.002,0.1546898
7554.0,0.13535364
7556.0,0.12004576
7558.002,0.11440604
7560.002,0.1015152
7562.0,0.09990386
7564.0,0.08943008
7566.002,0.0837903
7568.002,0.07573358
7570.0,0.0708995
7572.002,0.07653924
7574.002,0.06203707
7576.002,0.04834056
7578.0,0.05236894
7580.002,0.04834056
7582.0,0.05317464
7584.002,0.04189516
7586.002,0.03947813
7588.0,0.03544975
7590.002,0.03625542
7592.002,0.03383841
7594.0,0.0410895
7596.0,0.03706112
7598.002,0.02819868
7600.0,0.02417028
7602.0,0.02417028
7604.002,0.02658732
7606.002,0.2876767
7608.0,0.551183
7610.0,0.7905194
7612.002,1.0081024
7614.0,1.206349
7616.0,1.3933164
7618.002,1.547251
7620.0,1.7027968
7622.002,1.8429844
7624.0,1.967109
7626.002,2.091233
7628.0,2.187914
7630.002,2.281423
7632.002,2.369242
7634.0,2.449004
7636.002,2.515925
7638.002,2.590047
7640.0,2.650473
7642.0,2.70692
7644.002,2.756067
7646.002,2.806019
7648.0,2.846303
7650.002,2.884976
7652.002,2.922892
7654.002,2.954314
7656.0,2.984124
7658.002,3.013934
7660.0,3.036494
7662.0,3.052607
7664.002,3.079999
7666.0,3.099386
7668.002,3.117916
7670.0,3.13403
7672.0,3.142892
7674.0,3.161423
7676.002,3.171896
7678.0,3.184787
7680.0,3.194456
7682.002,3.20493
7684.002,3.212986
7686.0,3.220237
7688.0,3.225071
7690.002,3.235545
7692.002,3.241185
7694.0,3.241185
7696.002,3.252465
7698.002,3.255687
7700.002,3.257299
7702.0,3.265355
7704.002,3.266161
7706.0,3.273412
7708.002,3.274218
7710.002,3.27744
7712.0,3.279052
7714.002,3.281469
7716.002,3.28308
7718.0,3.282275
7720.0,3.286303
7722.002,3.29436
7724.0,3.290331
7726.0,3.291942
7728.002,3.131612
7730.002,2.876113
7732.0,2.624692
7734.0,2.39744
7736.002,2.192748
7738.0,1.995307
7740.0,1.8300936
7742.002,1.672986
7744.0,1.5174404
7746.002,1.4102356
7748.0,1.2805216
7750.002,1.170899
7752.0,1.0701896
7754.002,0.976681
7756.002,0.8961132
7758.0,0.8211352
7760.002,0.7510412
7762.002,0.6865872
7764.0,0.6277726
7766.0,0.579382
7768.002,0.5278188
7770.002,0.4738381
7772.0,0.442417
7774.002,0.4053056
7776.002,0.3706614
7778.002,0.3400456
7780.0,0.3126526
7782.002,0.2876767
7784.0,0.2618951
7786.0,0.2272511
7788.002,0.22241696
7790.0,0.2030304
7792.002,0.1853055
7794.0,0.171609
7796.0,0.15710684
7798.0,0.1474387
7800.002,0.1313252
7802.0,0.1264912
7804.0,0.1079606
7806.002,0.1047379
7808.002,0.0974868
7810.0,0.08943008
7812.0,0.0813733
7814.004,0.07251084
7816.002,0.06606544
7817.998,0.0612314
7820.0,0.08056764
7822.0,0.05317464
7824.002,0.04672923
7826.0,0.0475349
7828.002,0.0443122
7830.002,0.04511786
7832.004,0.03867246
7834.0,0.03544975
7835.998,0.03383841
7838.0,0.0306157
7840.002,0.0306157
7842.002,0.02819868
7844.0,0.02658732
7846.002,0.024975968
7848.004,0.02175326
7850.0,0.03383841
7852.002,0.319098
7853.998,0.579382
7856.0,0.8195236
7858.002,1.0298552
7860.004,1.2248796
7862.0,1.4045956
7864.002,1.5690036
7866.0,1.722133
7868.0,1.856731
7870.002,1.9880564
7872.0,2.094455
7874.002,2.197583
7876.002,2.292702
7878.004,2.379716
7880.0,2.456255
7881.998,2.531233
7884.0,2.598104
7886.002,2.656919
7888.002,2.710143
7890.0,2.770569
7892.002,2.809242
7894.004,2.851943
7896.0,2.891471
7898.002,2.926114
7899.998,2.957536
7902.0,2.980901
7904.002,3.013129
7906.004,3.040522
7908.0,3.066303
7910.002,3.084028
7911.998,3.093696
7914.0,3.119527
7916.002,3.133224
7918.0,3.148532
7920.0,3.159811
7922.002,3.171896
7924.004,3.185593
7926.002,3.195261
7927.998,3.20493
7930.0,3.2121808
7932.002,3.220237
7934.002,3.2299052
7936.0,3.23635
7938.002,3.24199
7940.002,3.2476308
7942.0,3.252465
7944.002,3.258105
7945.998,3.258105
7948.0,3.26455
7950.002,3.269384
7952.004,3.2709952
7954.0,3.280663
7956.002,3.276635
7957.998,3.278246
7960.0,3.279052
7962.002,3.283885
7964.0,3.285497
7966.0,3.287914
7968.002,3.290331
7970.004,3.292748
7972.002,3.289525
7973.998,3.116305
7976.0,2.843887
7978.0,2.594881
7980.002,2.376493
7982.0,2.17019
7984.002,1.980805
7986.002,1.810758
7988.004,1.656067
7990.0,1.510995
7991.998,1.383648
7994.0,1.2660196
7996.002,1.1547852
7998.002,1.0581048
8000.0,0.968624
8002.002,0.8816112
8003.998,0.811467
8006.0,0.7429844
8008.002,0.679336
8010.0,0.622133
8012.0,0.568908
8014.002,0.5221788
8016.004,0.4810894
8018.002,0.4391942
8019.998,0.4012771
8022.0,0.3674387
8024.0,0.3368229
8026.002,0.3078187
8028.0,0.2828427
8030.002,0.2635064
8032.002,0.23853052
8034.004,0.2135545
8036.0,0.2006134
8037.998,0.1828885
8040.0,0.1579125
8042.002,0.1554955
8044.002,0.1409933
8046.0,0.13051952
8048.002,0.12165708
8050.004,0.11198896
8052.0,0.1023209
8054.002,0.09587548
8056.0,0.08620734
8058.0,0.07976194
8060.002,0.07170516
8062.004,0.05962004
8064.002,0.0636484
8065.998,0.05881435
8068.0,0.05800869
8070.0,0.0507576
8072.002,0.04672923
8074.0,0.04189516
8076.002,0.0410895
8078.002,0.03867246
8080.004,0.03706112
8082.0,0.03383841
8083.998,0.025781632
8086.0,0.029004348
8088.002,0.02739299
8090.002,0.029004348
8092.0,0.02175326
8094.002,0.0306157
8096.004,0.07976194
8098.0,0.3561592
8100.002,0.6083864
8102.0,0.8437442
8104.0,1.0371568
8106.002,1.249906
8108.004,1.4271548
8110.0,1.589951
8112.002,1.7374404
8114.0,1.8728444
8116.0,2.000947
8118.002,2.105735
8120.0,2.209668
8122.002,2.304787
8124.002,2.389384
8126.004,2.466729
8128.002,2.540096
8129.998,2.6061608
8132.0,2.661753
8134.002,2.7182
8136.002,2.772986
8138.0,2.815688
8140.002,2.850332
8142.004,2.894694
8144.0,2.929337
8146.002,2.9607592
8147.998,2.991375
8150.0,3.017962
8152.002,3.042939
8154.004,3.064692
8156.0,3.0848332
8158.002,3.10422
8159.998,3.117916
8162.0,3.1412816
8164.002,3.150949
8166.0,3.167868
8168.0,3.175925
8170.002,3.183981
8172.004,3.19929
8174.002,3.207346
8175.998,3.214598
8178.0,3.222655
8180.002,3.2291
8182.002,3.2291
8184.0,3.242797
8186.002,3.246826
8188.004,3.2476308
8190.004,3.254882
8192.0,3.250854
8194.0,3.265355
8196.0,3.267772
8198.0,3.258105
8200.006,3.274218
8202.0,3.267772
8204.0,3.278246
8206.0,3.280663
8208.0,3.2718
8210.0,3.285497
8212.0,3.287914
8214.0,3.289525
8216.0,3.28872
8218.006,3.290331
8220.0,3.073554
8221.996,2.810853
8224.0,2.568294
8226.0,2.345877
8228.0,2.146019
8230.0,1.955024
8232.0,1.7914208
8234.006,1.6326524
8236.006,1.499716
8238.0,1.36834
8239.996,1.251517
8242.0,1.143506
8244.0,1.0460192
8246.006,0.9573448
8248.0,0.8783884
8250.0,0.8050216
8252.006,0.7357334
8254.0,0.6728906
8256.0,0.6237444
8258.0,0.5640742
8260.0,0.5173448
8262.0,0.4706156
8264.006,0.4327487
8266.0,0.396443
8267.996,0.3634103
8270.0,0.3336003
8272.0,0.307013
8274.0,0.2804257
8276.0,0.257061
8278.0,0.23691908
8280.006,0.2167772
8282.006,0.2030304
8284.0,0.1869169
8285.996,0.16032952
8288.0,0.15630116
8290.0,0.14341032
8292.006,0.13051952
8294.0,0.1208514
8296.0,0.11360036
8298.006,0.10554354
8300.0,0.0942641
8302.0,0.09990386
8304.0,0.08540166
8306.0,0.07412224
8308.0,0.06284276
8310.006,0.06525976
8312.0,0.05881435
8314.0,0.0539803
8316.0,0.05559165
8318.0,0.04914626
8320.0,0.03947813
8322.0,0.04028382
8324.0,0.0443122
8326.0,0.03625542
8328.006,0.03303272
8330.0,0.03303272
8331.996,0.02658732
8334.0,0.03867246
8336.0,0.024975968
8338.006,0.023364616
8340.0,0.02417028
8342.0,0.10634928
8344.006,0.3730785
8346.0,0.6438864
8348.0,0.8695258
8350.0,1.082275
8352.0,1.272465
8354.0,1.44493
8356.006,1.6076768
8358.0,1.7535544
8360.0,1.885735
8362.0,2.003364
8364.0,2.122654
8366.0,2.222559
8368.0,2.315262
8370.0,2.400663
8372.0,2.476447
8374.006,2.544124
8376.0,2.613412
8377.996,2.673032
8380.0,2.726257
8382.0,2.77218
8384.0,2.819716
8386.0,2.862417
8388.0,2.9019448
8390.006,2.934978
8392.0,2.9728448
8394.0,2.994598
8396.0,3.021185
8398.0,3.046161
8400.0,3.06872
8402.006,3.088862
8404.0,3.105026
8406.0,3.121139
8408.0,3.138863
8410.0,3.153366
8412.0,3.165451
8414.0,3.179953
8416.0,3.182371
8418.0,3.198485
8420.006,3.209764
8422.0,3.228294
8423.996,3.220237
8426.0,3.2299052
8428.0,3.238768
8430.0,3.243602
8432.0,3.262939
8434.0,3.251659
8436.006,3.258105
8438.006,3.266967
8440.0,3.266967
8442.0,3.2718
8444.0,3.2718
8446.0,3.275024
8448.006,3.27744
8450.0,3.279052
8452.0,3.27744
8454.0,3.283885
8456.0,3.286303
8458.0,3.292748
8460.0,3.287914
8462.0,3.291137
8464.0,3.291137
8466.006,3.045356
8468.0,2.781043
8469.996,2.537678
8472.0,2.320901
8474.0,2.119432
8476.0,1.9372984
8478.0,1.7704736
8480.0,1.6173444
8482.006,1.479574
8484.006,1.357866
8486.0,1.2434604
8487.996,1.1314212
8490.0,1.0250216
8492.0,0.948482
8494.006,0.8687202
8496.0,0.7977706
8498.0,0.7268708
8500.006,0.6680566
8502.0,0.609192
8504.0,0.554406
8506.0,0.5108994
8508.0,0.4673928
8510.0,0.4295261
8512.006,0.3932204
8514.0,0.3601876
8515.996,0.3303776
8518.0,0.3029846
8520.0,0.2780088
8522.0,0.2538384
8524.0,0.2336964
8526.0,0.2151659
8528.006,0.2006134
8530.006,0.1683863
8532.0,0.1659693
8533.996,0.15630116
8536.0,0.13615924
8538.0,0.1272968
8540.006,0.11843436
8542.0,0.10957196
8544.0,0.09990386
8546.006,0.0974868
8548.0,0.08620734
8550.0,0.0813733
8552.0,0.07331654
8554.0,0.06767682
8556.0,0.0604257
8558.006,0.06203707
8560.0,0.05317464
8562.0,0.05478598
8564.0,0.04834056
8566.0,0.0443122
8568.0,0.0410895
8570.0,0.03706112
8572.0,0.0306157
8574.0,0.02819868
8576.006,0.03142138
8578.0,0.01611352
8579.996,0.025781632
8582.0,0.023364616
8584.0,0.023364616
8586.006,0.02175326
8588.0,0.1377706
8590.0,0.4206635
8592.006,0.669668
8594.0,0.9017532
8596.0,1.1056396
8598.0,1.2974408
8600.0,1.464266
8602.0,1.626207
8604.006,1.771279
8606.0,1.9018496
8608.0,2.0235068
8610.0,2.134739
8612.0,2.237061
8614.0,2.32493
8616.0,2.4079148
8618.0,2.486115
8620.0,2.556209
8622.006,2.616635
8624.0,2.676255
8625.996,2.731897
8628.0,2.777014
8630.0,2.824549
8632.0,2.864833
8634.0,2.905167
8636.0,2.939006
8638.006,2.973649
8640.0,2.998626
8642.0,3.019574
8644.0,3.050189
8646.0,3.069526
8648.0,3.090474
8650.006,3.107442
8652.0,3.125167
8654.0,3.140476
8656.0,3.154977
8658.0,3.1710908
8660.0,3.178342
8662.0,3.188815
8664.0,3.200096
8666.0,3.212986
8668.006,3.216209
8670.0,3.221849
8671.996,3.2299052
8674.0,3.231516
8676.0,3.244408
8678.0,3.249242
8680.0,3.254882
8682.0,3.258105
8684.006,3.261327
8686.006,3.265355
8688.0,3.268578
8690.0,3.2709952
8692.0,3.274218
8694.0,3.278246
8696.006,3.280663
8698.0,3.283885
8700.0,3.283885
8702.0,3.28308
8704.0,3.285497
8706.0,3.28872
8708.0,3.292748
8710.0,3.293554
8712.0,3.013934
8714.006,2.7512324
8716.0,2.513507
8717.996,2.295925
8720.0,2.104929
8722.0,1.91474
8724.0,1.7519432
8726.0,1.6020368
8728.0,1.466683
8730.006,1.349004
8732.006,1.220851
8734.0,1.1201416
8735.996,1.025827
8738.0,0.9372028
8740.0,0.8735546
8742.006,0.783268
8744.0,0.7349278
8746.0,0.662417
8748.006,0.601135
8750.0,0.5390978
8752.0,0.5060654
8754.0,0.4633645
8756.0,0.4367773
8758.0,0.3843578
8760.006,0.3553536
8762.0,0.3279606
8763.996,0.2997619
8766.0,0.2763974
8768.0,0.2506158
8770.0,0.2304737
8772.0,0.21597156
8774.0,0.1949736
8776.006,0.17966576
8778.006,0.164358
8780.0,0.14985576
8781.996,0.13615924
8784.0,0.1289082
8786.0,0.12568552
8788.006,0.11360036
8790.0,0.1015152
8792.0,0.09345846
8794.006,0.084596
8796.0,0.07653924
8798.0,0.07653924
8800.0,0.06767682
8802.0,0.0636484
8804.0,0.0539803
8806.006,0.0612314
8808.0,0.04914626
8810.0,0.04672923
8812.0,0.03947813
8814.0,0.03867246
8816.0,0.0306157
8818.0,0.02981002
8820.0,0.03303272
8822.0,0.03625542
8824.006,0.0306157
8826.0,0.02658732
8827.996,0.02658732
8830.0,0.02417028
8832.0,0.009668114
8834.006,0.1772488
8836.0,0.4504738
8838.0,0.6978668
8840.006,0.9235064
8842.0,1.126587
8844.0,1.324028
8846.0,1.497299
8848.0,1.6447376
8850.0,1.797866
8852.006,1.9155456
8854.0,2.050899
8856.0,2.149242
8858.0,2.241895
8860.0,2.322513
8862.0,2.419195
8864.0,2.494977
8866.0,2.573129
8868.0,2.627109
8870.006,2.680283
8872.0,2.741565
8873.996,2.785072
8876.0,2.820521
8878.0,2.87289
8880.0,2.906779
8882.0,2.943035
8884.0,2.972039
8886.006,2.997015
8888.0,3.026824
8890.0,3.050995
8892.0,3.076777
8894.0,3.09289
8896.0,3.107442
8898.006,3.126778
8900.0,3.146116
8902.0,3.154172
8904.0,3.168674
8906.0,3.180759
8908.0,3.192845
8910.0,3.200901
8912.0,3.211375
8914.0,3.217015
8916.006,3.219431
8918.0,3.232322
8919.996,3.239573
8922.0,3.239573
8924.0,3.251659
8926.0,3.254882
8928.0,3.259715
8930.0,3.259715
8932.006,3.265355
8934.006,3.2709952
8936.0,3.274218
8938.0,3.279052
8940.0,3.27744
8942.0,3.279052
8944.006,3.2718
8946.0,3.280663
8948.0,3.28308
8950.0,3.289525
8952.0,3.292748
8954.0,3.291137
8956.0,3.262939
8958.0,2.975261
8960.0,2.719811
8962.006,2.483698
8964.0,2.270144
8965.996,2.0743132
8968.0,1.895403
8970.0,1.7390516
8972.0,1.58834
8974.0,1.446541
8976.0,1.324028
8978.006,1.209572
8980.006,1.1056396
8982.0,1.014548
8983.996,0.926729
8986.0,0.8493842
8988.0,0.776823
8990.006,0.7083406
8992.0,0.6527486
8994.0,0.5954956
8996.006,0.544738
8998.0,0.5004256
9000.0,0.4577248
9002.0,0.4190522
9004.0,0.3835522
9006.0,0.3521308
9008.006,0.3263492
9010.0,0.2949278
9011.996,0.2707576
9014.0,0.2481986
9016.0,0.2272511
9018.0,0.20872048
9020.0,0.19175096
9022.0,0.1772488
9024.006,0.1627466
9026.006,0.14985576
9028.0,0.139382
9029.996,0.12004576
9032.0,0.11682304
9034.0,0.1111833
9036.006,0.09909816
9038.0,0.09668114
9040.0,0.08943008
9042.006,0.07815058
9044.0,0.0708995
9046.0,0.06525976
9048.0,0.06203707
9050.0,0.05639736
9052.0,0.04511786
9054.006,0.04914626
9056.0,0.04834056
9058.0,0.04350652
9060.0,0.03947813
9062.0,0.029004348
9064.0,0.04028382
9066.0,0.03383841
9068.0,0.02981002
9070.0,0.03142138
9072.006,0.02658732
9074.0,0.03544975
9075.996,0.02255893
9078.0,0.02175326
9080.0,0.2167772
9082.006,0.4827008
9084.0,0.7373448
9086.0,0.9508994
9088.006,1.15398
9090.0,1.3385304
9092.0,1.50455
9094.0,1.6641236
9096.0,1.807535
9098.0,1.9372984
9100.006,2.053316
9102.0,2.161328
9104.0,2.262037
9106.0,2.348294
9108.0,2.430474
9110.0,2.512702
9112.0,2.573129
9114.0,2.635971
9116.0,2.693224
9118.006,2.743176
9120.0,2.787489
9121.996,2.834218
9124.0,2.874502
9126.0,2.910807
9128.0,2.945451
9130.0,2.976067
9132.0,3.004266
9134.006,3.030853
9136.006,3.052607
9138.0,3.072749
9140.0,3.090474
9142.0,3.111471
9144.0,3.129196
9146.006,3.142892
9148.0,3.157395
9150.0,3.16948
9152.0,3.179147
9154.0,3.188815
9156.0,3.206541
9158.0,3.21057
9160.0,3.2299052
9162.0,3.227488
9164.006,3.233934
9166.0,3.241185
9167.996,3.24602
9170.0,3.242797
9172.0,3.254882
9174.0,3.260521
9176.0,3.26455
9178.0,3.266967
9180.006,3.273412
9182.006,3.272606
9184.0,3.275024
9186.0,3.278246
9188.0,3.279857
9190.0,3.281469
9192.006,3.280663
9194.0,3.282275
9196.0,3.28872
9198.006,3.289525
9200.0,3.287109
9202.0,3.228294
9204.0,2.945451
9206.0,2.68839
9208.0,2.456255
9210.006,2.245118
9212.0,2.049288
9213.996,1.8736504
9216.0,1.714076
9218.0,1.560947
9220.0,1.4336
9222.0,1.3151656
9224.0,1.1974868
9226.006,1.095166
9228.006,0.9927944
9230.0,0.9186724
9232.0,0.8397158
9234.0,0.771989
9236.0,0.7051178
9238.006,0.6438864
9240.0,0.5995238
9242.0,0.5407096
9244.006,0.4923689
9246.0,0.4496682
9248.0,0.4126069
9250.0,0.3795239
9252.0,0.3481025
9254.0,0.3166811
9256.006,0.2925108
9258.0,0.2747859
9260.006,0.2457816
9262.0,0.2256398
9264.0,0.20872048
9266.0,0.19175096
9268.0,0.1748318
9270.0,0.1627466
9272.006,0.14985576
9274.006,0.1377706
9276.0,0.12568552
9277.996,0.11601738
9280.0,0.10715492
9282.0,0.10876628
9284.006,0.09023572
9286.0,0.0837903
9288.0,0.07976194
9290.006,0.07009382
9292.0,0.06928818
9294.0,0.0604257
9296.0,0.05156327
9298.0,0.05236894
9300.0,0.04914626
9302.006,0.04270084
9304.0,0.04189516
9306.0,0.03947813
9308.0,0.03867246
9310.0,0.03464409
9312.0,0.03142138
9314.0,0.029004348
9316.0,0.029004348
9318.006,0.03706112
9320.006,0.02417028
9322.0,0.023364616
9323.996,0.02417028
9326.0,0.2441703
9328.0,0.5149276
9330.006,0.7534584
9332.0,0.975875
9334.0,1.170899
9336.006,1.3627
9338.0,1.5263036
9340.0,1.680237
9342.0,1.822037
9344.0,1.946161
9346.0,2.075119
9348.006,2.171801
9350.0,2.262843
9352.0,2.353128
9354.0,2.437724
9356.0,2.514313
9358.0,2.573934
9360.0,2.641611
9362.0,2.698863
9364.0,2.750428
9366.006,2.793128
9368.0,2.840663
9369.996,2.876918
9372.0,2.9140292
9374.0,2.948675
9376.0,2.982512
9378.0,3.008294
9380.0,3.034075
9382.006,3.056635
9384.006,3.075971
9386.0,3.095357
9388.0,3.114693
9390.0,3.131612
9392.0,3.168674
9394.006,3.158201
9396.0,3.174314
9398.0,3.182371
9400.0,3.191233
9402.0,3.201707
9404.0,3.211375
9406.0,3.221043
9408.0,3.2291
9410.0,3.23474
9412.006,3.237962
9414.0,3.243602
9415.996,3.251659
9418.0,3.250854
9420.0,3.259715
9422.0,3.262133
9424.0,3.266967
9426.0,3.269384
9428.006,3.267772
9430.006,3.275024
9432.0,3.27744
9434.0,3.282275
9436.0,3.28308
9438.0,3.283885
9440.006,3.283885
9442.0,3.283885
9444.0,3.287914
9446.006,3.291137
9448.0,3.192845
9450.0,2.92128
9452.0,2.661753
9454.0,2.429668
9456.0,2.226588
9458.006,2.025118
9460.0,1.84943
9461.996,1.696351
9464.0,1.5496676
9466.0,1.4182928
9468.0,1.2974408
9470.0,1.166871
9472.0,1.081469
9474.006,0.9984342
9476.006,0.9081986
9478.0,0.8308536
9480.0,0.7687662
9482.0,0.6962554
9484.0,0.6189104
9486.006,0.58905
9488.0,0.5350696
9490.0,0.4939802
9492.006,0.4480566
9494.0,0.4101395
9496.0,0.3779124
9498.0,0.3456854
9500.0,0.3126526
9502.0,0.2892881
9504.006,0.2643122
9506.0,0.24014184
9508.006,0.22322264
9510.0,0.2054474
9512.0,0.1869169
9514.0,0.169192
9516.0,0.1611353
9518.0,0.14824448
9520.006,0.13374224
9522.006,0.12326848
9524.0,0.11440604
9525.996,0.10634928
9528.0,0.09668114
9530.0,0.084596
9532.006,0.08298464
9534.0,0.07251084
9536.0,0.0708995
9538.006,0.06284276
9540.0,0.06525976
9542.0,0.05639736
9544.0,0.05156327
9546.0,0.04511786
9548.0,0.04592355
9550.006,0.04189516
9552.0,0.04028382
9554.0,0.03544975
9556.0,0.0507576
9558.0,0.0306157
9560.0,0.02981002
9562.0,0.03303272
9564.0,0.02175326
9566.006,0.02417028
9568.006,0.02417028
9570.0,0.02175326
9571.996,0.2860654
9574.0,0.5431264
9576.0,0.7784342
9578.006,1.0008512
9580.0,1.200709
9582.0,1.3876764
9584.006,1.547251
9586.0,1.7003796
9588.0,1.836539
9590.0,1.95583
9592.0,2.079148
9594.0,2.18872
9596.006,2.288674
9598.0,2.36602
9600.0,2.448199
9602.0,2.519147
9604.0,2.578768
9606.0,2.648862
9608.0,2.704503
9610.0,2.756873
9612.0,2.803603
9614.006,2.837441
9616.0,2.883364
9617.996,2.925309
9620.0,2.953508
9622.0,2.980901
9624.006,3.02199
9626.0,3.03891
9628.0,3.060664
9630.006,3.078388
9632.006,3.09858
9634.0,3.113888
9636.0,3.129196
9638.0,3.146921
9640.0,3.162229
9642.006,3.173508
9644.0,3.185593
9646.0,3.192845
9648.0,3.202513
9650.0,3.212986
9652.0,3.221043
9654.0,3.228294
9656.0,3.233934
9658.0,3.24199
9660.006,3.24602
9662.0,3.252465
9663.996,3.256493
9666.0,3.260521
9668.0,3.265355
9670.0,3.269384
9672.0,3.276635
9674.0,3.275829
9676.006,3.27744
9678.006,3.28872
9680.0,3.281469
9682.0,3.283885
9684.0,3.287109
9686.0,3.28872
9688.006,3.292748
9690.0,3.289525
9692.0,3.292748
9694.006,3.158201
9696.0,2.882558
9698.0,2.631137
9700.0,2.403886
9702.0,2.195971
9704.0,2.0001416
9706.006,1.8325108
9708.0,1.6762088
9709.996,1.536777
9712.0,1.402179
9714.0,1.282938
9716.0,1.174122
9718.0,1.071801
9720.0,0.976681
9722.006,0.8961132
9724.006,0.8203296
9726.0,0.7510412
9728.0,0.6881984
9730.0,0.629384
9732.0,0.5769646
9734.006,0.5302356
9736.0,0.4851177
9738.0,0.4456396
9740.006,0.4093339
9742.0,0.3722726
9744.0,0.3400456
9746.0,0.3134584
9748.0,0.2860654
9750.0,0.2675348
9752.006,0.2409475
9754.0,0.22080568
9756.006,0.20872048
9758.0,0.1925566
9760.0,0.171609
9762.0,0.1587182
9764.0,0.14824448
9766.0,0.13374224
9768.006,0.1281025
9770.006,0.1111833
9772.0,0.1015152
9773.996,0.09587548
9776.0,0.0886244
9778.0,0.0813733
9780.006,0.07251084
9782.0,0.05639736
9784.0,0.06284276
9786.006,0.06284276
9788.0,0.05559165
9790.0,0.05156327
9792.0,0.04592355
9794.0,0.04270084
9796.0,0.04189516
9798.006,0.03867246
9800.0,0.03544975
9802.0,0.02739299
9804.0,0.0306157
9806.0,0.02658732
9808.0,0.02819868
9810.0,0.025781632
9812.0,0.02417028
9814.006,0.024975968
9816.006,0.01047379
9818.0,0.3126526
9819.996,0.5721308
9822.0,0.8074384
9824.0,1.0274384
9826.006,1.2248796
9828.0,1.40379
9830.0,1.5649756
9832.006,1.7253552
9834.0,1.8526524
9836.0,1.9775824
9838.0,2.092844
9840.0,2.195165
9842.0,2.290285
9844.006,2.382133
9846.0,2.454644
9848.0,2.526399
9850.0,2.596493
9852.0,2.656113
9854.0,2.714172
9856.0,2.764123
9858.0,2.807631
9860.0,2.849526
9862.006,2.888249
9864.0,2.927726
9865.996,2.954314
9868.0,2.986541
9870.0,3.025214
9872.006,3.038104
9874.0,3.054218
9876.0,3.091278
9878.006,3.097775
9880.006,3.120333
9882.0,3.138058
9884.0,3.149338
9886.0,3.159811
9888.0,3.1710908
9890.006,3.178342
9892.0,3.195261
9894.0,3.205736
9896.0,3.217015
9898.0,3.224265
9900.0,3.2299052
9902.0,3.237156
9904.0,3.242797
9906.0,3.24602
9908.006,3.251659
9910.0,3.257299
9911.996,3.254882
9914.0,3.266161
9916.0,3.268578
9918.0,3.256493
9920.0,3.273412
9922.0,3.274218
9924.006,3.274218
9926.006,3.281469
9928.0,3.282275
9930.0,3.285497
9932.0,3.287914
9934.0,3.285497
9936.006,3.289525
9938.0,3.292748
9940.0,3.12275
9942.006,2.849526
9944.0,2.59891
9946.0,2.37891
9948.0,2.172607
9950.0,1.9856392
9952.0,1.813175
9954.006,1.6600952
9956.0,1.5174404
9957.996,1.3868708
9960.0,1.270853
9962.0,1.1580088
9964.0,1.059716
9966.0,0.9734582
9968.0,0.887251
9970.006,0.8163012
9972.006,0.7413732
9974.0,0.6817532
9976.0,0.6237444
9978.0,0.5713252
9980.0,0.5350696
9982.006,0.479478
9984.0,0.4383886
9986.0,0.4020827
9988.006,0.3690501
9990.0,0.33924
9992.0,0.3102357
9994.0,0.2836484
9996.0,0.2643122
9998.0,0.23853052
10000.004,0.21758284
10002.0,0.201419
10004.004,0.1828885
10006.0,0.17080332
10008.0,0.1554955
10010.0,0.1426047
10012.0,0.13374224
10014.0,0.1224628
10016.004,0.11198896
10018.004,0.1039322
10020.0,0.0950698
10021.996,0.08701304
10024.0,0.08056764
10026.0,0.07573358
10028.004,0.0644541
10030.0,0.05962004
10032.0,0.05881435
10034.004,0.05156327
10036.0,0.04592355
10038.0,0.04672923
10040.0,0.0636484
10042.0,0.04350652
10044.0,0.03786679
10046.004,0.03303272
10048.0,0.03222704
10050.0,0.03222704
10052.0,0.03383841
10054.0,0.02739299
10056.0,0.01853056
10058.0,0.02255893
10060.0,0.02819868
10062.004,0.0636484
10064.004,0.3481025
10066.0,0.6205216
10067.996,0.8389102
10070.0,1.0500476
10072.0,1.244266
10074.004,1.4239324
10076.0,1.576255
10078.0,1.7390516
10080.004,1.868816
10082.004,1.9920848
10084.0,2.104123
10086.0,2.208056
10088.0,2.30237
10090.0,2.386967
10092.004,2.466729
10094.0,2.527205
10096.0,2.610995
10098.0,2.665781
10100.0,2.714977
10102.0,2.765735
10104.0,2.816492
10106.0,2.855166
10108.0,2.893888
10110.004,2.926114
10112.0,2.96237
10113.996,2.987347
10116.0,3.020379
10118.0,3.042939
10120.004,3.070331
10122.0,3.08725
10124.0,3.103414
10126.004,3.112276
10128.004,3.134835
10130.0,3.149338
10132.0,3.163034
10134.0,3.177536
10136.0,3.184787
10138.004,3.196067
10140.0,3.200096
10142.0,3.21057
10144.004,3.221043
10146.0,3.232322
10148.0,3.235545
10150.0,3.242797
10152.0,3.2476308
10154.0,3.250854
10156.004,3.255687
10158.0,3.263744
10159.996,3.265355
10162.0,3.26455
10164.0,3.2718
10166.0,3.274218
10168.0,3.275829
10170.0,3.274218
10172.004,3.279857
10174.004,3.284691
10176.0,3.287109
10178.0,3.28872
10180.0,3.289525
10182.0,3.291942
10184.004,3.289525
10186.0,3.088056
10188.0,2.81327
10190.004,2.571516
10192.0,2.351517
10194.0,2.14763
10196.0,1.962275
10198.0,1.7946436
10200.0,1.643126
10202.004,1.4981048
10204.0,1.3627
10206.004,1.2555452
10208.0,1.1459232
10210.0,1.0508532
10212.0,0.9581504
10214.0,0.8783884
10216.0,0.8058272
10218.004,0.7357334
10220.004,0.7010894
10222.0,0.6172486
10224.0,0.5640742
10226.0,0.5254014
10228.0,0.4746439
10230.004,0.4343601
10232.0,0.3980543
10234.0,0.3626047
10236.004,0.3287663
10238.0,0.307013
10240.0,0.27962
10242.0,0.2610894
10244.0,0.2353078
10246.0,0.20872048
10248.004,0.199002
10250.0,0.1853055
10252.004,0.16516368
10254.0,0.15388416
10256.0,0.14824448
10258.0,0.1321309
10260.0,0.12165708
10262.0,0.10957196
10264.004,0.09990386
10266.004,0.09587548
10268.0,0.0878187
10269.996,0.07815058
10272.0,0.07412224
10274.0,0.06767682
10276.004,0.06203707
10278.0,0.05881435
10280.0,0.0507576
10282.004,0.04672923
10284.0,0.0475349
10286.0,0.0539803
10288.0,0.03947813
10290.0,0.03867246
10292.0,0.03303272
10294.004,0.03383841
10296.0,0.02981002
10298.004,0.03544975
10300.0,0.02658732
10302.0,0.024975968
10304.0,0.02255893
10306.0,0.023364616
10308.0,0.09668114
10310.004,0.3771068
10312.004,0.6334124
10314.0,0.8646918
10315.996,1.066967
10318.0,1.269242
10320.0,1.4400456
10322.004,1.6020368
10324.0,1.748721
10326.0,1.883318
10328.004,2.003364
10330.004,2.117015
10332.0,2.218531
10334.0,2.310427
10336.0,2.396634
10338.0,2.473979
10340.004,2.544124
10342.0,2.610995
10344.0,2.65853
10346.0,2.722228
10348.0,2.770569
10350.0,2.819716
10352.0,2.861611
10354.0,2.9019448
10356.004,2.934172
10358.004,2.966399
10360.0,3.008294
10361.996,3.021185
10364.0,3.04455
10366.0,3.0671084
10368.004,3.088056
10370.0,3.10986
10372.0,3.12275
10374.004,3.134835
10376.004,3.149338
10378.0,3.167062
10380.0,3.175925
10382.0,3.18801
10384.0,3.197679
10386.004,3.201707
10388.0,3.213792
10390.0,3.221043
10392.004,3.2291
10394.0,3.23635
10396.0,3.241185
10398.0,3.248436
10400.0,3.252465
10402.0,3.257299
10404.004,3.260521
10406.0,3.261327
10407.996,3.268578
10410.0,3.2718
10412.0,3.280663
10414.0,3.279052
10416.0,3.282275
10418.0,3.283885
10420.004,3.284691
10422.004,3.286303
10424.0,3.289525
10426.0,3.286303
10428.0,3.291137
10430.0,3.29436
10432.004,3.054218
10434.0,2.7891
10436.0,2.546541
10438.004,2.322513
10440.0,2.1274884
10442.0,1.942938
10444.0,1.762417
10446.0,1.6229848
10448.0,1.4860192
10450.004,1.3627
10452.0,1.2450716
10454.004,1.151563
10456.0,1.039574
10458.0,0.951705
10460.0,0.8743604
10462.0,0.796159
10464.0,0.729288
10466.004,0.669668
10468.004,0.6132204
10470.0,0.5672968
10472.0,0.5125108
10474.0,0.4665872
10476.0,0.4319431
10478.004,0.3916089
10480.0,0.3642159
10482.0,0.3263492
10484.004,0.304596
10486.0,0.2828427
10488.0,0.2538384
10490.0,0.2361134
10492.0,0.2143602
10494.0,0.1981963
10496.004,0.17966576
10498.0,0.16677496
10500.004,0.14985576
10502.0,0.1426047
10504.0,0.1313252
10506.0,0.1192401
10508.0,0.10957196
10510.0,0.1015152
10512.004,0.09668114
10514.004,0.08620734
10516.0,0.0773449
10518.0,0.07412224
10520.0,0.06767682
10522.0,0.06284276
10524.004,0.05881435
10526.0,0.05478598
10528.0,0.04914626
10530.004,0.05236894
10532.0,0.04350652
10534.0,0.03625542
10536.0,0.03464409
10538.0,0.03544975
10540.0,0.04028382
10542.004,0.03142138
10544.0,0.02981002
10546.004,0.023364616
10548.0,0.024975968
10550.0,0.02417028
10552.0,0.023364616
10554.0,0.13535364
10556.0,0.4190522
10558.004,0.672085
10560.004,0.8880566
10562.0,1.101611
10563.996,1.2942184
10566.0,1.44493
10568.0,1.6221788
10570.004,1.769668
10572.0,1.8994316
10574.0,2.02109
10576.004,2.134739
10578.004,2.233838
10580.0,2.325735
10582.0,2.399858
10584.0,2.486921
10586.0,2.554597
10588.004,2.6182452
10590.0,2.676255
10592.0,2.731897
10594.0,2.77218
10596.0,2.824549
10598.0,2.8632224
10600.0,2.9019448
10602.0,2.93659
10604.004,2.966399
10606.004,2.99782
10608.0,3.022796
10609.996,3.045356
10612.0,3.069526
10614.0,3.092084
10616.004,3.112276
10618.0,3.123556
10620.0,3.138058
10622.004,3.154172
10624.004,3.167062
10626.0,3.178342
10628.0,3.188815
10630.0,3.198485
10632.0,3.205736
10634.004,3.216209
10636.0,3.215403
10638.0,3.233934
10640.004,3.237156
10642.0,3.240379
10644.0,3.246826
10646.0,3.249242
10648.0,3.258911
10650.0,3.261327
10652.004,3.266161
10654.0,3.268578
10655.996,3.2718
10658.0,3.274218
10660.0,3.27744
10662.004,3.291942
10664.0,3.281469
10666.0,3.284691
10668.004,3.290331
10670.004,3.284691
10672.0,3.284691
10674.0,3.291137
10676.0,3.291942
10678.0,3.022796
10680.004,2.756873
10682.0,2.517536
10684.0,2.30237
10686.004,2.104123
10688.0,1.918768
10690.0,1.7559716
10692.0,1.6036484
10694.0,1.466683
10696.0,1.345781
10698.004,1.2256852
10700.0,1.12417
10702.004,1.026633
10704.0,0.9291462
10706.0,0.8606634
10708.0,0.786491
10710.0,0.7252596
10712.0,0.6583886
10714.004,0.604358
10716.004,0.5536004
10718.0,0.506871
10720.0,0.4681985
10722.0,0.4254978
10724.0,0.394026
10726.004,0.3577706
10728.0,0.329572
10730.0,0.3037904
10732.004,0.2755915
10734.0,0.259478
10736.0,0.23772484
10738.0,0.2135545
10740.0,0.1957793
10742.0,0.18047144
10744.004,0.16516368
10746.0,0.15146716
10748.004,0.1377706
10750.0,0.1272968
10752.0,0.1152117
10754.0,0.1079606
10756.0,0.11198896
10758.0,0.0918471
10760.004,0.084596
10762.004,0.07573358
10764.0,0.0708995
10766.0,0.0708995
10768.0,0.06284276
10770.0,0.05720302
10772.004,0.05317464
10774.0,0.04995193
10776.0,0.04672923
10778.004,0.04189516
10780.0,0.03706112
10782.0,0.03303272
10784.0,0.03303272
10786.0,0.03222704
10788.0,0.029004348
10790.004,0.02819868
10792.0,0.024975968
10794.004,0.025781632
10796.0,0.023364616
10798.0,0.02014191
10800.0,0.169192
10802.0,0.4416113
10804.0,0.6930324
10806.004,0.917061
10808.004,1.1201416
10810.0,1.3103316
10811.996,1.484408
10814.0,1.639098
10816.0,1.785781
10818.004,1.917157
10820.0,2.032369
10822.0,2.142796
10824.004,2.241089
10826.004,2.33218
10828.0,2.418389
10830.0,2.497394
10832.0,2.561043
10834.0,2.626303
10836.004,2.683556
10838.0,2.731897
10840.0,2.781849
10842.0,2.830996
10844.0,2.872085
10846.0,2.906779
10848.0,2.942229
10850.0,2.971233
10852.004,3.002654
10854.004,3.036494
10856.0,3.050189
10857.996,3.071943
10860.0,3.09289
10862.0,3.10986
10864.004,3.125973
10866.0,3.136446
10868.0,3.152561
10870.004,3.168674
10872.004,3.182371
10874.0,3.190427
10876.0,3.200096
10878.0,3.208958
10880.0,3.216209
10882.004,3.219431
10884.0,3.226683
10886.0,3.237962
10888.004,3.240379
10890.0,3.248436
10892.0,3.245214
10894.0,3.257299
10896.0,3.258911
10898.0,3.265355
10900.004,3.269384
10902.0,3.273412
10903.996,3.276635
10906.0,3.283885
10908.0,3.276635
10910.004,3.278246
10912.0,3.28308
10914.0,3.286303
10916.004,3.291137
10918.004,3.290331
10920.0,3.291137
10922.0,3.280663
10924.0,2.988153
10926.0,2.726257
10928.004,2.490143
10930.0,2.271755
10932.0,2.080759
10934.004,1.900237
10936.0,1.734218
10938.0,1.5851176
10940.0,1.4529864
10942.0,1.3288624
10944.0,1.209572
10946.004,1.1112796
10948.0,1.016965
10950.004,0.9355914
10952.0,0.855024
10954.0,0.7784342
10956.0,0.704312
10958.0,0.6527486
10960.0,0.5979124
10962.004,0.5471548
10964.004,0.5004256
10966.0,0.4593362
10968.0,0.4303318
10970.0,0.3883863
10972.0,0.3601876
10974.004,0.3247378
10976.0,0.2965392
10978.0,0.2941222
10980.004,0.24900424
10982.0,0.20872048
10984.0,0.21033176
10986.0,0.1925566
10988.0,0.17644308
10990.0,0.16516368
10992.004,0.1627466
10994.0,0.13857636
10996.004,0.1289082
10998.0,0.1152117
11000.0,0.1111833
11002.0,0.09909816
11004.0,0.0910414
11006.0,0.07976194
11008.004,0.08056764
11010.004,0.07412224
11012.0,0.06767682
11014.0,0.06203707
11016.0,0.05639736
11018.0,0.04995193
11020.004,0.04914626
11022.0,0.04672923
11024.0,0.04270084
11026.004,0.03706112
11028.0,0.03544975
11030.0,0.04914626
11032.0,0.03142138
11034.0,0.02981002
11036.0,0.04189516
11038.004,0.02739299
11040.0,0.02739299
11042.004,0.029004348
11044.0,0.02417028
11046.0,0.20630344
11048.0,0.4770611
11050.0,0.7180086
11052.0,0.938814
11054.004,1.141089
11056.004,1.3272508
11058.0,1.5077724
11059.996,1.65929
11062.0,1.8091468
11064.0,1.9276308
11066.004,2.046871
11068.0,2.155687
11070.0,2.253174
11072.004,2.335404
11074.004,2.424834
11076.0,2.507062
11078.0,2.573129
11080.0,2.631943
11082.0,2.69403
11084.004,2.743176
11086.0,2.789906
11088.0,2.83583
11090.004,2.874502
11092.0,2.913224
11094.0,2.947063
11096.0,2.980901
11098.0,3.004266
11100.004,3.03327
11102.004,3.056635
11104.0,3.076777
11105.996,3.09289
11108.0,3.111471
11110.0,3.125973
11112.004,3.1356408
11114.0,3.156589
11116.0,3.166257
11118.004,3.184787
11120.004,3.192039
11122.0,3.211375
11124.0,3.208152
11126.0,3.218626
11128.0,3.225877
11130.004,3.233934
11132.0,3.239573
11134.0,3.246826
11136.004,3.249242
11138.0,3.251659
11140.0,3.258911
11142.0,3.265355
11144.0,3.27019
11146.0,3.27019
11148.004,3.272606
11150.0,3.275024
11152.004,3.276635
11154.0,3.279052
11156.0,3.28308
11158.004,3.285497
11160.0,3.286303
11162.0,3.287109
11164.004,3.285497
11166.004,3.291137
11168.0,3.237962
11170.0,2.951897
11172.0,2.6980584
11174.0,2.461894
11176.004,2.249952
11178.0,2.052511
11180.0,1.8776784
11182.004,1.7181044
11184.0,1.5690036
11186.0,1.436017
11188.0,1.311943
11190.0,1.199098
11192.0,1.101611
11194.004,1.0056856
11196.0,0.9210892
11198.004,0.8421326
11200.0,0.7695718
11202.0,0.701895
11204.0,0.6454976
11206.0,0.5922728
11208.0,0.5423208
11210.004,0.4972029
11212.004,0.4545022
11214.0,0.4166352
11216.0,0.3771068
11218.0,0.3481025
11220.0,0.3360173
11222.004,0.2925108
11224.0,0.269952
11226.0,0.2522271
11228.004,0.2264454
11230.0,0.2079148
11232.0,0.19175096
11234.0,0.1724147
11236.0,0.15710684
11238.0,0.1458274
11240.004,0.13615924
11242.0,0.12568552
11244.004,0.11601738
11246.0,0.1111833
11248.0,0.1007095
11250.0,0.09265276
11252.0,0.08701304
11254.0,0.07653924
11256.004,0.06928818
11258.004,0.06687112
11260.0,0.05962004
11262.0,0.05962004
11264.0,0.05317464
11266.0,0.05478598
11268.004,0.04350652
11270.0,0.04189516
11272.0,0.04511786
11274.004,0.03706112
11276.004,0.03383841
11278.0,0.03142138
11280.0,0.02981002
11282.0,0.02739299
11284.0,0.02739299
11286.004,0.03222704
11288.0,0.02417028
11290.004,0.02255893
11292.0,0.24014184
11294.0,0.5052598
11296.0,0.7486244
11298.0,0.9629844
11300.0,1.168482
11302.004,1.367535
11304.004,1.5230804
11306.0,1.6778204
11307.996,1.8188144
11310.0,1.942938
11312.0,2.063034
11314.004,2.172607
11316.0,2.266871
11318.0,2.355545
11320.004,2.436919
11322.004,2.508674
11324.0,2.5691
11326.0,2.64
11328.0,2.704503
11330.0,2.756067
11332.004,2.795546
11334.0,2.833413
11336.004,2.879336
11338.004,2.918864
11340.0,2.947869
11342.0,2.977678
11344.0,2.998626
11346.0,3.03327
11348.004,3.054218
11350.004,3.075971
11352.0,3.094551
11353.996,3.111471
11356.0,3.131612
11358.0,3.14531
11360.004,3.160617
11362.0,3.1710908
11364.0,3.181565
11366.004,3.193651
11368.004,3.202513
11370.0,3.213792
11372.0,3.221043
11374.0,3.226683
11376.0,3.231516
11378.004,3.242797
11380.0,3.241185
11382.0,3.248436
11384.004,3.255687
11386.0,3.259715
11388.0,3.26455
11390.0,3.269384
11392.0,3.269384
11394.0,3.275829
11396.004,3.273412
11398.0,3.279052
11400.004,3.282275
11402.0,3.283885
11404.0,3.285497
11406.004,3.287109
11408.0,3.290331
11410.0,3.286303
11412.004,3.29436
11414.004,3.200096
11416.0,2.920475
11418.0,2.666586
11420.0,2.435308
11422.0,2.214503
11424.004,2.030757
11426.0,1.8607592
11428.0,1.7011852
11430.004,1.5545016
11432.0,1.4368224
11434.0,1.299858
11436.0,1.18943
11438.0,1.0879148
11440.0,0.9903774
11442.004,0.9017532
11444.0,0.8324648
11446.004,0.7623208
11448.0,0.7010894
11450.0,0.641469
11452.0,0.581799
11454.0,0.536681
11456.0,0.4907576
11458.004,0.4448339
11460.004,0.4126069
11462.0,0.3763011
11464.0,0.3456854
11466.0,0.3134584
11468.0,0.2908994
11470.004,0.2892881
11472.0,0.2457816
11474.0,0.2240283
11476.004,0.2079148
11478.0,0.1893339
11480.0,0.1885282
11482.0,0.15952384
11484.0,0.1675806
11486.0,0.1409933
11488.004,0.1248798
11490.0,0.1127947
11492.004,0.1039322
11494.0,0.09587548
11496.0,0.09023572
11498.0,0.08540166
11500.0,0.07331654
11502.0,0.06928818
11504.004,0.06606544
11506.004,0.0604257
11508.0,0.05559165
11510.0,0.04995193
11512.0,0.04914626
11514.0,0.0443122
11516.004,0.03786679
11518.0,0.04028382
11520.0,0.03625542
11522.004,0.03383841
11524.004,0.0306157
11526.0,0.02981002
11528.0,0.025781632
11530.0,0.03706112
11532.0,0.023364616
11534.004,0.02094758
11536.0,0.017724876
11538.004,0.2707576
11540.0,0.5205676
11542.0,0.7784342
11544.0,0.9968226
11546.0,1.1958752
11548.0,1.37962
11550.004,1.543222
11552.004,1.696351
11554.0,1.8333164
11556.0,1.959858
11558.0,2.078342
11560.0,2.1863032
11562.004,2.277395
11564.0,2.363602
11566.0,2.4433648
11568.004,2.519147
11570.004,2.582796
11572.0,2.653696
11574.0,2.699669
11576.0,2.754456
11578.0,2.79474
11580.004,2.843081
11582.0,2.882558
11584.004,2.918864
11586.004,2.953508
11588.0,2.983318
11590.0,3.011517
11592.0,3.036494
11594.0,3.046161
11596.004,3.082416
11598.004,3.096163
11600.0,3.116305
11601.996,3.130001
11604.0,3.1356408
11606.0,3.160617
11608.004,3.171896
11610.0,3.181565
11612.0,3.193651
11614.004,3.202513
11616.004,3.209764
11618.0,3.221043
11620.0,3.2299052
11622.0,3.233934
11624.0,3.239573
11626.004,3.239573
11628.0,3.250854
11630.0,3.257299
11632.004,3.261327
11634.0,3.263744
11636.0,3.263744
11638.0,3.269384
11640.0,3.278246
11642.004,3.276635
11644.004,3.279857
11646.0,3.28308
11648.004,3.28308
11650.0,3.285497
11652.0,3.286303
11654.004,3.287914
11656.0,3.290331
11658.0,3.295165
11660.004,3.16384
11662.004,2.882558
11664.0,2.638388
11666.0,2.411943
11668.0,2.201611
11670.0,2.013033
11672.004,1.8397616
11674.0,1.6818488
11676.0,1.5359712
11678.004,1.414264
11680.0,1.2861616
11682.0,1.174122
11684.0,1.079052
11686.0,0.9847378
11688.0,0.8993364
11690.004,0.8324648
11692.0,0.7510412
11694.004,0.6914212
11696.0,0.63019
11698.0,0.5785762
11700.0,0.5310412
11702.0,0.4835064
11704.0,0.4448339
11706.004,0.4061112
11708.004,0.3722726
11710.0,0.3432684
11712.0,0.314264
11714.0,0.286871
11716.0,0.259478
11718.004,0.2417532
11720.0,0.2240283
11722.0,0.2054474
11724.004,0.19416792
11726.0,0.171609
11728.0,0.1627466
11730.0,0.1409933
11732.0,0.13293656
11734.0,0.11198896
11736.004,0.11360036
11738.0,0.10554354
11740.004,0.10312654
11742.0,0.08540166
11744.0,0.0813733
11746.0,0.07573358
11748.0,0.07170516
11750.0,0.05478598
11752.004,0.05962004
11754.004,0.05639736
11756.0,0.04834056
11758.0,0.05236894
11760.0,0.04995193
11762.0,0.0410895
11764.004,0.03867246
11766.0,0.03706112
11768.0,0.03222704
11770.004,0.03464409
11772.004,0.02819868
11774.0,0.02739299
11776.0,0.02658732
11778.0,0.023364616
11780.0,0.02255893
11782.004,0.025781632
11784.0,0.3110413
11786.004,0.5713252
11788.0,0.8082444
11790.0,1.0226048
11792.0,1.216823
11794.0,1.3933164
11796.0,1.5625584
11798.004,1.711659
11800.004,1.8502356
11802.0,1.9590524
11804.0,2.090427
11806.0,2.19436
11808.0,2.294314
11810.004,2.374076
11812.0,2.456255
11814.0,2.5296216
11816.004,2.595687
11818.004,2.655307
11820.0,2.705309
11822.0,2.768152
11824.0,2.806825
11826.0,2.84872
11828.004,2.889054
11830.0,2.926114
11832.004,2.958342
11834.004,2.985735
11836.0,3.013129
11838.0,3.032464
11840.0,3.062274
11842.0,3.081611
11844.004,3.108248
11846.004,3.118721
11848.0,3.136446
11849.996,3.148532
11852.0,3.163034
11854.0,3.174314
11856.004,3.18801
11858.0,3.195261
11860.0,3.204124
11862.004,3.213792
11864.004,3.215403
11866.0,3.226683
11868.0,3.233128
11870.0,3.241185
11872.0,3.246826
11874.004,3.248436
11876.0,3.255687
11878.0,3.260521
11880.004,3.272606
11882.0,3.267772
11884.0,3.27019
11886.0,3.275024
11888.0,3.262133
11890.004,3.280663
11892.004,3.281469
11894.0,3.280663
11896.004,3.284691
11898.0,3.287914
11900.0,3.289525
11902.004,3.291137
11904.0,3.292748
11906.0,3.129196
11908.004,2.860805
11910.004,2.609384
11912.0,2.376493
11914.0,2.178247
11916.0,1.9856392
11918.0,1.8188144
11920.004,1.6609012
11922.0,1.512607
11924.0,1.3908992
11926.004,1.2732704
11928.0,1.161231
11930.0,1.0637444
11932.0,0.971041
11934.0,0.887251
11936.0,0.8179124
11938.004,0.747013
11940.0,0.6825588
11942.004,0.6253556
11944.0,0.5624626
11946.0,0.5254014
11948.004,0.4810894
11950.0,0.4440283
11952.0,0.4028885
11954.004,0.3626047
11956.004,0.3376286
11958.0,0.3102357
11960.0,0.2884824
11962.0,0.259478
11964.0,0.2393362
11966.004,0.21597156
11968.0,0.201419
11970.0,0.2046418
11972.004,0.17080332
11974.0,0.1554955
11976.0,0.1450217
11978.0,0.1321309
11980.0,0.1289082
11982.0,0.11198896
11984.004,0.1047379
11986.0,0.08540166
11988.004,0.08540166
11990.0,0.07815058
11992.0,0.07653924
11994.0,0.0708995
11996.0,0.05720302
11998.0,0.05800869
12000.004,0.05639736
12002.004,0.0507576
12004.0,0.04672923
12006.0,0.04350652
12008.0,0.03625542
12010.0,0.03867246
12012.004,0.03303272
12014.0,0.03464409
12016.0,0.0306157
12018.004,0.03303272
12020.004,0.02739299
12022.0,0.025781632
12024.0,0.02417028
12026.0,0.023364616
12028.0,0.0539803
12030.004,0.3481025
12032.0,0.5979124
12034.004,0.8316592
12036.0,1.044408
12038.0,1.241849
12040.0,1.400567
12042.0,1.579478
12044.0,1.7374404
12046.004,1.8704272
12048.004,1.9896676
12050.0,2.104123
12052.0,2.204833
12054.0,2.29673
12056.0,2.388578
12058.004,2.4627
12060.0,2.528011
12062.0,2.6061608
12064.004,2.661753
12066.004,2.722228
12068.0,2.763317
12070.0,2.811659
12072.0,2.8511376
12074.0,2.892277
12076.004,2.939006
12078.0,2.963176
12080.004,2.989764
12082.004,3.017157
12084.0,3.042133
12086.0,3.063886
12088.0,3.0848332
12090.0,3.105026
12092.004,3.120333
12094.004,3.125973
12096.0,3.150144
12098.004,3.16384
12100.0,3.175119
12102.0,3.187204
12104.004,3.187204
12106.0,3.205736
12108.0,3.216209
12110.004,3.221043
12112.004,3.2299052
12114.0,3.235545
12116.0,3.243602
12118.0,3.2476308
12120.0,3.252465
12122.004,3.255687
12124.0,3.260521
12126.0,3.266161
12128.004,3.269384
12130.0,3.2718
12132.0,3.275829
12134.0,3.27744
12136.0,3.274218
12138.004,3.284691
12140.004,3.28308
12142.0,3.285497
12144.004,3.287914
12146.0,3.279052
12148.0,3.297582
12150.004,3.291942
12152.0,3.093696
12154.0,2.823744
12156.004,2.578768
12158.004,2.35635
12160.0,2.152464
12162.0,1.9606636
12164.0,1.799478
12166.0,1.641515
12168.004,1.5037444
12170.0,1.3731744
12172.0,1.2595736
12174.004,1.1467288
12176.0,1.046825
12178.0,0.9621788
12180.0,0.8783884
12182.0,0.7969648
12184.0,0.7373448
12186.004,0.674502
12188.0,0.6156374
12190.004,0.5672968
12192.0,0.511705
12194.0,0.4746439
12196.004,0.4343601
12198.0,0.3996658
12200.0,0.3650216
12202.004,0.3360173
12204.004,0.3062074
12206.0,0.2804257
12208.0,0.2546441
12210.0,0.23691908
12212.0,0.21758284
12214.004,0.1998077
12216.0,0.1820828
12218.0,0.169192
12220.004,0.16032952
12222.004,0.1426047
12224.0,0.13293656
12226.0,0.1208514
12228.0,0.1111833
12230.0,0.0974868
12232.004,0.0942641
12234.0,0.08540166
12236.004,0.0813733
12238.0,0.06928818
12240.0,0.05720302
12242.0,0.06284276
12244.0,0.05800869
12246.0,0.05317464
12248.004,0.0507576
12250.004,0.04672923
12252.0,0.04592355
12254.0,0.0410895
12256.0,0.03867246
12258.0,0.0443122
12260.004,0.03222704
12262.0,0.03222704
12264.0,0.029004348
12266.004,0.029004348
12268.004,0.025781632
12270.0,0.02417028
12272.0,0.02417028
12274.0,0.09023572
12276.0,0.3698557
12278.004,0.62455
12280.0,0.8606634
12282.004,1.0637444
12284.004,1.2684368
12286.0,1.4408516
12288.0,1.6004252
12290.0,1.7543604
12292.0,1.885735
12294.004,2.001752
12296.004,2.124266
12298.0,2.218531
12300.0,2.308815
12302.0,2.396634
12304.0,2.472369
12306.004,2.555403
12308.0,2.60455
12310.0,2.667392
12312.004,2.724645
12314.004,2.772986
12316.0,2.817298
12318.0,2.862417
12320.0,2.898722
12322.0,2.93256
12324.004,2.963176
12326.0,2.992181
12328.004,3.021185
12330.004,3.04455
12332.0,3.066303
12334.0,3.088056
12336.0,3.100997
12338.0,3.120333
12340.004,3.138863
12342.004,3.152561
12344.0,3.168674
12346.004,3.177536
12348.0,3.187204
12350.0,3.198485
12352.004,3.204124
12354.0,3.214598
12356.0,3.224265
12358.004,3.230711
12360.004,3.237156
12362.0,3.24602
12364.0,3.246826
12366.0,3.248436
12368.0,3.258105
12370.004,3.263744
12372.0,3.265355
12374.0,3.27019
12376.004,3.275024
12378.0,3.273412
12380.0,3.274218
12382.0,3.282275
12384.0,3.28308
12386.004,3.283885
12388.004,3.286303
12390.0,3.285497
12392.004,3.291137
12394.0,3.289525
12396.0,3.291942
12398.004,3.060664
12400.0,2.7923224
12402.0,2.552181
12404.004,2.329764
12406.004,2.128294
12408.0,1.9485776
12410.0,1.7793356
12412.0,1.626207
12414.0,1.4868248
12416.004,1.3570608
12418.0,1.2434604
12420.0,1.1338384
12422.004,1.046825
12424.0,0.9525106
12426.0,0.8791944
12428.0,0.801799
12430.0,0.7300936
12432.0,0.669668
12434.004,0.6172486
12436.0,0.556823
12438.004,0.5181504
12440.0,0.4706156
12442.0,0.44
12444.004,0.394026
12446.0,0.3626047
12448.0,0.331989
12450.004,0.30943
12452.004,0.2820371
12454.0,0.2562554
12456.0,0.2336964
12458.0,0.2143602
12460.0,0.1981963
12462.004,0.1812771
12464.0,0.1659693
12466.0,0.14985576
12468.004,0.1409933
12470.004,0.13535364
12472.0,0.12004576
12474.0,0.1111833
12476.0,0.1015152
12478.0,0.09345846
12480.004,0.09345846
12482.0,0.07976194
12484.004,0.07412224
12486.0,0.06928818
12488.0,0.0644541
12490.0,0.05800869
12492.0,0.05478598
12494.0,0.04834056
12496.004,0.0410895
12498.004,0.04270084
12500.0,0.0410895
12502.0,0.03383841
12504.0,0.03464409
12506.0,0.03222704
12508.004,0.02739299
12510.0,0.029004348
12512.0,0.024975968
12514.004,0.02417028
12516.004,0.023364616
12518.0,0.02255893
12520.0,0.1264912
12522.0,0.4020827
12524.0,0.6527486
12526.004,0.8856396
12528.0,1.095166
12530.004,1.2909952
12532.004,1.4602376
12534.0,1.620567
12536.0,1.761611
12538.0,1.8962084
12540.0,1.99853
12542.004,2.133934
12544.004,2.230616
12546.0,2.323319
12548.0,2.4022748
12550.0,2.478864
12552.0,2.554597
12554.004,2.615023
12556.0,2.679477
12558.0,2.728674
12560.004,2.779433
12562.004,2.826161
12564.0,2.8632224
12566.0,2.903556
12568.0,2.934978
12570.0,2.96801
12572.004,2.998626
12574.0,3.022796
12576.004,3.046161
12578.004,3.0671084
12580.0,3.088862
12582.0,3.09858
12584.0,3.124361
12586.0,3.13967
12588.004,3.154172
12590.004,3.168674
12592.0,3.179147
12594.004,3.174314
12596.0,3.196873
12598.0,3.207346
12600.004,3.218626
12602.0,3.22346
12604.0,3.2291
12606.004,3.237962
12608.004,3.238768
12610.0,3.2476308
12612.0,3.2532708
12614.0,3.254882
12616.0,3.262939
12618.004,3.266161
12620.0,3.263744
12622.004,3.2718
12624.004,3.275024
12626.0,3.275829
12628.0,3.282275
12630.0,3.28308
12632.0,3.283885
12634.004,3.286303
12636.004,3.287914
12638.0,3.287914
12640.004,3.291942
12642.0,3.3
12644.0,3.02763
12646.004,2.763317
12648.0,2.532039
12650.0,2.305593
12652.004,2.108959
12654.004,1.9260192
12656.0,1.761611
12658.0,1.611705
12660.0,1.4715172
12662.0,1.3425584
12664.004,1.228908
12666.0,1.116919
12668.0,1.02905
12670.004,0.9428424
12672.0,0.8654974
12674.0,0.7905194
12676.0,0.7228426
12678.0,0.6632226
12680.004,0.611609
12682.004,0.5495718
12684.0,0.506871
12686.004,0.4690042
12688.0,0.4263034
12690.0,0.3899975
12692.004,0.3561592
12694.0,0.3279606
12696.0,0.3005676
12698.004,0.2820371
12700.004,0.2530327
12702.0,0.24255884
12704.0,0.21113744
12706.0,0.19739064
12708.0,0.1820828
12710.004,0.1659693
12712.0,0.15227284
12714.0,0.14018764
12716.004,0.1289082
12718.004,0.1176287
12720.0,0.0982925
12722.0,0.09909816
12724.0,0.09265276
12726.0,0.08701304
12728.004,0.07976194
12730.0,0.07815058
12732.004,0.06848246
12734.0,0.05800869
12736.0,0.05720302
12738.0,0.0539803
12740.0,0.05800869
12742.0,0.04511786
12744.004,0.04270084
12746.004,0.04189516
12748.0,0.03706112
12750.0,0.03222704
12752.0,0.03625542
12754.0,0.03222704
12756.004,0.03464409
12758.0,0.03142138
12760.0,0.02658732
12762.004,0.02255893
12764.004,0.02014191
12766.0,0.1627466
12768.0,0.4367773
12770.0,0.6833644
12772.0,0.9081986
12774.004,1.116919
12776.0,1.3071084
12778.004,1.479574
12780.004,1.6399036
12782.0,1.786587
12784.0,1.9091
12786.0,2.0235068
12788.0,2.140379
12790.004,2.237867
12792.004,2.325735
12794.0,2.415165
12796.0,2.490949
12798.0,2.566682
12800.0,2.623886
12802.004,2.685168
12804.0,2.732703
12806.0,2.783461
12808.004,2.830996
12810.004,2.871279
12812.0,2.907585
12814.0,2.941423
12816.0,2.9728448
12818.0,2.99782
12820.004,3.028436
12822.0,3.047773
12824.004,3.062274
12826.004,3.088862
12828.0,3.111471
12830.0,3.132418
12832.0,3.142087
12834.0,3.151755
12836.004,3.16948
12838.004,3.179953
12840.0,3.191233
12842.004,3.200096
12844.0,3.215403
12846.0,3.218626
12848.004,3.225071
12850.0,3.225071
12852.0,3.238768
12854.004,3.241185
12856.004,3.249242
12858.0,3.254882
12860.0,3.259715
12862.0,3.26455
12864.0,3.268578
12866.004,3.268578
12868.0,3.273412
12870.004,3.276635
12872.004,3.275024
12874.0,3.278246
12876.0,3.284691
12878.0,3.285497
12880.0,3.287914
12882.004,3.290331
12884.004,3.290331
12886.0,3.28872
12888.004,3.273412
12890.0,2.992181
12892.0,2.707726
12894.004,2.494977
12896.0,2.279006
12898.0,2.083982
12900.004,1.9034608
12902.004,1.7406628
12904.0,1.590757
12906.0,1.4545976
12908.0,1.3353072
12910.0,1.2152116
12912.004,1.099194
12914.0,1.028244
12916.0,0.9380084
12918.004,0.8518012
12920.0,0.7808512
12922.0,0.7308992
12924.0,0.6543602
12926.0,0.6003294
12928.004,0.551183
12930.004,0.5012316
12932.0,0.4601418
12934.004,0.427109
12936.0,0.3843578
12938.0,0.3585762
12940.004,0.3239322
12942.0,0.2973448
12944.0,0.2667292
12946.004,0.247393
12948.004,0.2272511
12950.0,0.2167772
12952.0,0.19336224
12954.0,0.17644308
12956.0,0.16032952
12958.004,0.15146716
12960.0,0.1426047
12962.0,0.12971384
12964.004,0.11682304
12966.004,0.10957196
12968.0,0.09909816
12970.0,0.09265276
12972.0,0.084596
12974.0,0.07815058
12976.004,0.07251084
12978.0,0.0636484
12980.004,0.05478598
12982.0,0.05639736
12984.0,0.0539803
12986.004,0.04834056
12988.0,0.04270084
12990.0,0.03222704
12992.004,0.0410895
12994.004,0.03706112
12996.0,0.03383841
12998.0,0.03303272
13000.0,0.02819868
13002.0,0.02819868
13004.004,0.02658732
13006.0,0.023364616
13008.0,0.023364616
13010.004,0.02255893
13012.004,0.1957793
13014.0,0.4673928
13016.0,0.714786
13018.0,0.9404252
13020.0,1.143506
13022.004,1.3304736
13024.0,1.49891
13026.004,1.656067
13028.004,1.797866
13030.0,1.9236024
13032.0,2.046065
13034.0,2.155687
13036.0,2.249952
13038.004,2.341849
13040.004,2.424834
13042.0,2.497394
13044.004,2.568294
13046.0,2.650473
13048.0,2.690807
13050.004,2.739953
13052.0,2.790712
13054.0,2.830996
13056.004,2.872085
13058.004,2.917252
13060.0,2.947063
13062.0,2.976873
13064.0,3.002654
13066.0,3.03327
13068.004,3.046161
13070.0,3.071943
13072.004,3.093696
13074.004,3.112276
13076.0,3.125167
13078.0,3.146921
13080.0,3.156589
13082.0,3.1710908
13084.004,3.179953
13086.004,3.18801
13088.0,3.201707
13090.004,3.2121808
13092.0,3.218626
13094.0,3.226683
13096.004,3.235545
13098.0,3.238768
13100.0,3.2476308
13102.004,3.2476308
13104.004,3.254076
13106.0,3.258911
13108.0,3.254076
13110.0,3.266161
13112.0,3.27019
13114.004,3.290331
13116.0,3.27744
13118.004,3.27744
13120.004,3.279857
13122.0,3.28308
13124.0,3.287109
13126.0,3.287109
13128.0,3.290331
13130.004,3.290331
13132.004,3.290331
13134.0,3.238768
13136.004,2.958342
13138.0,2.700475
13140.0,2.467534
13142.004,2.254786
13144.0,2.06384
13146.0,1.881707
13148.004,1.722133
13150.004,1.573838
13152.0,1.4384344
13154.0,1.3159716
13156.0,1.200709
13158.0,1.1008056
13160.004,1.0056856
13162.0,0.9251178
13164.0,0.8429384
13166.004,0.771183
13168.004,0.7083406
13170.0,0.649526
13172.0,0.593884
13174.0,0.544738
13176.004,0.4980085
13178.004,0.4577248
13180.0,0.4182466
13182.004,0.3819409
13184.0,0.3561592
13186.0,0.3263492
13188.004,0.2941222
13190.0,0.269952
13192.0,0.24980992
13194.004,0.2272511
13196.004,0.20872048
13198.0,0.19336224
13200.0,0.1611353
13202.0,0.16677496
13204.0,0.1490501
13206.004,0.13535364
13208.0,0.1264912
13210.0,0.11601738
13212.004,0.10634928
13214.004,0.0982925
13216.0,0.09265276
13218.0,0.08620734
13220.0,0.07653924
13222.0,0.06606544
13224.004,0.06687112
13226.0,0.0604257
13228.004,0.04350652
13230.004,0.05317464
13232.0,0.0475349
13234.004,0.04592355
13236.0,0.03867246
13238.0,0.03786679
13240.004,0.03706112
13242.004,0.03383841
13244.0,0.03383841
13246.0,0.029004348
13248.0,0.02981002
13250.0,0.025781632
13252.004,0.024975968
13254.0,0.02255893
13256.0,0.02981002
13258.004,0.2304737
13260.004,0.4963972
13262.0,0.7405676
13264.0,0.96379
13266.0,1.1660652
13268.0,1.3522264
13270.004,1.5150232
13272.0,1.6745976
13274.004,1.813175
13276.004,1.9389096
13278.0,2.056539
13280.0,2.166967
13282.0,2.266871
13284.0,2.355545
13286.004,2.430474
13288.004,2.508674
13290.0,2.583602
13292.004,2.638388
13294.0,2.694835
13296.0,2.747204
13298.004,2.795546
13300.0,2.837441
13302.0,2.880142
13304.004,2.914835
13306.004,2.943035
13308.0,2.979289
13310.0,3.005877
13312.0,3.03327
13314.0,3.056635
13316.004,3.076777
13318.0,3.093696
13320.004,3.112276
13322.004,3.12839
13324.0,3.146116
13326.0,3.1590052
13328.0,3.16948
13330.0,3.181565
13332.004,3.190427
13334.004,3.203318
13336.0,3.211375
13338.004,3.220237
13340.0,3.227488
13342.0,3.232322
13344.004,3.23474
13346.0,3.244408
13348.0,3.245214
13350.004,3.2532708
13352.004,3.260521
13354.004,3.260521
13356.0,3.266967
13358.0,3.27019
13360.0,3.272606
13362.004,3.274218
13364.0,3.280663
13366.004,3.283885
13368.004,3.283885
13370.0,3.285497
13372.0,3.290331
13374.0,3.287914
13376.0,3.290331
13378.004,3.291942
13380.004,3.207346
13382.0,2.929337
13384.004,2.672226
13386.0,2.440947
13388.0,2.231421
13390.004,2.038008
13392.0,1.87929
13394.0,1.704408
13396.004,1.5424168
13398.004,1.4336
13400.0,1.302275
13402.0,1.18943
13404.0,1.089526
13406.0,0.9944058
13408.004,0.917061
13410.0,0.834076
13412.0,0.7550696
13414.004,0.699478
13416.004,0.63019
13418.0,0.5898556
13420.0,0.5382922
13422.0,0.4980085
13424.004,0.4496682
13426.004,0.4134126
13428.0,0.3779124
13430.004,0.346491
13432.0,0.3166811
13434.0,0.2892881
13436.004,0.2667292
13438.0,0.2635064
13440.0,0.2256398
13442.004,0.199002
13444.004,0.1901396
13446.0,0.1748318
13448.0,0.1627466
13450.0,0.14985576
13452.0,0.1426047
13454.004,0.1248798
13456.0,0.1152117
13458.0,0.0974868
13460.004,0.0974868
13462.004,0.08943008
13464.0,0.08298464
13466.0,0.07895626
13468.0,0.0708995
13470.0,0.07412224
13472.004,0.0604257
13474.0,0.0539803
13476.004,0.05317464
13478.004,0.04834056
13480.0,0.0507576
13482.004,0.0410895
13484.0,0.03706112
13486.0,0.04672923
13488.004,0.03303272
13490.004,0.03303272
13492.0,0.029004348
13494.0,0.02739299
13496.0,0.023364616
13498.0,0.024975968
13500.004,0.02417028
13502.0,0.02175326
13504.0,0.2618951
13506.004,0.531847
13508.004,0.7703774
13510.0,0.9919888
13512.0,1.191041
13514.0,1.37962
13516.0,1.5383884
13518.004,1.693128
13520.0,1.8300936
13522.004,1.957441
13524.004,2.075119
13526.0,2.179858
13528.0,2.275783
13530.0,2.366825
13532.0,2.4433648
13534.004,2.515925
13536.004,2.581991
13538.0,2.644834
13540.004,2.70692
13542.0,2.754456
13544.0,2.801185
13546.004,2.839858
13548.0,2.880142
13550.0,2.922086
13552.004,2.9551192
13554.004,2.983318
13556.0,3.017157
13558.0,3.034881
13560.0,3.055829
13562.0,3.072749
13564.004,3.096163
13566.0,3.116305
13568.004,3.13403
13570.004,3.146921
13572.0,3.160617
13574.0,3.170286
13576.0,3.185593
13578.0,3.194456
13580.004,3.204124
13582.004,3.213792
13584.0,3.220237
13586.004,3.227488
13588.0,3.233934
13590.0,3.239573
13592.004,3.246826
13594.0,3.262939
13596.0,3.26455
13598.004,3.263744
13600.004,3.262939
13602.004,3.266967
13604.0,3.272606
13606.0,3.2709952
13608.0,3.275829
13610.004,3.279052
13612.0,3.282275
13614.004,3.283885
13616.004,3.283885
13618.0,3.283885
13620.0,3.286303
13622.0,3.291137
13624.0,3.295165
13626.004,3.175925
13628.004,2.893888
13630.0,2.644028
13632.004,2.415971
13634.0,2.208056
13636.0,2.024312
13638.004,1.8421784
13640.0,1.685877
13642.0,1.532749
13644.004,1.408624
13646.004,1.2982468
13648.0,1.1765388
13650.0,1.0774404
13652.0,0.9871548
13654.0,0.9017532
13656.004,0.8260194
13658.0,0.7582924
13660.004,0.6914212
13662.004,0.6358296
13664.004,0.5801876
13666.0,0.534264
13668.0,0.4875347
13670.0,0.4456396
13672.004,0.3956373
13674.004,0.3754955
13676.0,0.3424627
13678.004,0.3150697
13680.0,0.2884824
13682.0,0.2618951
13684.004,0.24336452
13686.0,0.22241696
13688.0,0.2079148
13690.004,0.19175096
13692.004,0.17322036
13694.0,0.1611353
13696.0,0.1490501
13698.0,0.13374224
13700.0,0.1289082
13702.004,0.11360036
13704.0,0.09345846
13706.0,0.09265276
13708.004,0.0878187
13710.004,0.0837903
13712.0,0.07653924
13714.0,0.07009382
13716.0,0.06767682
13718.0,0.0644541
13720.004,0.0507576
13722.0,0.0507576
13724.004,0.04672923
13726.004,0.0443122
13728.0,0.04350652
13730.004,0.04995193
13732.0,0.03303272
13734.0,0.03867246
13736.004,0.03142138
13738.004,0.02981002
13740.0,0.03383841
13742.0,0.02819868
13744.0,0.02417028
13746.0,0.02175326
13748.004,0.01853056
13750.0,0.3013732
13752.0,0.5632682
13754.004,0.7969648
13756.004,1.013742
13758.0,1.2136004
13760.0,1.3941224
13762.0,1.5520848
13764.0,1.7108532
13766.004,1.8397616
13768.0,1.983222
13770.004,2.087204
13772.004,2.187914
13774.0,2.286257
13776.0,2.372465
13778.0,2.453032
13780.0,2.523982
13782.004,2.601327
13784.004,2.652891
13786.0,2.709338
13788.004,2.77782
13790.0,2.800379
13792.0,2.843081
13794.004,2.889054
13796.0,2.924504
13798.0,2.956731
13800.004,2.986541
13802.004,3.0091
13804.0,3.035687
13806.0,3.059858
13808.0,3.079999
13810.0,3.100191
13812.004,3.117916
13814.0,3.140476
13816.004,3.147726
13818.004,3.158201
13820.0,3.174314
13822.0,3.184787
13824.0,3.203318
13826.0,3.205736
13828.004,3.221849
13830.004,3.220237
13832.0,3.226683
13834.004,3.2299052
13836.0,3.241185
13838.0,3.246826
13840.004,3.251659
13842.0,3.257299
13844.0,3.252465
13846.004,3.272606
13848.004,3.2709952
13850.004,3.2709952
13852.0,3.275829
13854.0,3.27019
13856.0,3.279857
13858.004,3.279052
13860.0,3.282275
13862.004,3.284691
13864.004,3.28872
13866.0,3.291137
13868.0,3.291942
13870.0,3.291942
13872.0,3.1356408
13874.004,2.86
13876.004,2.608578
13878.0,2.39019
13880.004,2.18308
13882.0,1.994502
13884.0,1.822843
13886.004,1.6818488
13888.0,1.5230804
13890.0,1.390094
13892.004,1.2732704
13894.004,1.1644536
13896.0,1.0637444
13898.0,0.975875
13900.0,0.8912794
13902.0,0.8154954
13904.004,0.747013
13906.0,0.6833644
13908.004,0.6334124
13910.004,0.5729364
13912.004,0.5302356
13914.0,0.4810894
13916.0,0.442417
13918.0,0.3996658
13920.004,0.3698557
13922.004,0.33924
13924.0,0.311847
13926.004,0.2852596
13928.0,0.24900424
13930.0,0.2409475
13932.004,0.22080568
13934.0,0.2079148
13936.0,0.1869169
13938.004,0.1740261
13940.004,0.1587182
13942.0,0.144216
13944.0,0.13293656
13946.0,0.1248798
13948.0,0.1127947
13950.004,0.10554354
13952.0,0.09587548
13954.0,0.08540166
13956.004,0.0813733
13958.004,0.07573358
13960.0,0.06848246
13962.0,0.0636484
13964.0,0.05962004
13966.004,0.05962004
13968.004,0.04995193
13970.0,0.04672923
13972.004,0.03625542
13974.004,0.05156327
13976.0,0.03786679
13978.004,0.029004348
13980.0,0.03383841
13982.0,0.03222704
13984.004,0.0306157
13986.004,0.02739299
13988.0,0.02739299
13990.0,0.025781632
13992.0,0.02255893
13994.0,0.05639736
13996.004,0.329572
13998.0,0.5906612
14000.0,0.8252138
14002.004,1.0387684
14004.004,1.231325
14006.0,1.412652
14008.0,1.5778664
14010.0,1.7277724
14012.0,1.8623708
14014.004,1.986445
14016.0,2.098483
14018.004,2.200805
14020.004,2.295925
14022.0,2.383745
14024.0,2.461894
14026.0,2.53365
14028.0,2.5884368
14030.004,2.675449
14032.004,2.714172
14034.0,2.764123
14036.004,2.808436
14038.0,2.855972
14040.0,2.896305
14042.004,2.927726
14044.0,2.959148
14046.0,2.989764
14048.004,3.013129
14050.004,3.040522
14052.004,3.064692
14054.0,3.0848332
14056.0,3.10986
14058.0,3.121945
14060.004,3.136446
14062.0,3.150144
14064.004,3.161423
14066.004,3.171896
14068.0,3.189621
14070.0,3.194456
14072.0,3.2121808
14074.0,3.215403
14076.004,3.224265
14078.004,3.228294
14080.0,3.239573
14082.004,3.238768
14084.0,3.248436
14086.0,3.2532708
14088.004,3.258105
14090.0,3.258911
14092.0,3.266161
14094.004,3.258911
14096.004,3.27019
14098.004,3.272606
14100.0,3.27744
14102.0,3.279857
14104.0,3.279052
14106.004,3.286303
14108.0,3.285497
14110.004,3.286303
14112.004,3.28872
14114.004,3.292748
14116.0,3.290331
14118.0,3.10422
14120.0,2.832607
14122.004,2.587631
14124.004,2.357962
14126.0,2.155687
14128.004,1.9751656
14130.0,1.797866
14132.0,1.6463488
14134.004,1.5061616
14136.0,1.389288
14138.0,1.270853
14140.004,1.1523684
14142.004,1.060522
14144.0,0.9629844
14146.0,0.8654974
14148.0,0.8074384
14150.0,0.7405676
14152.004,0.6769188
14154.0,0.619716
14156.004,0.566491
14158.004,0.5237902
14160.004,0.4770611
14162.0,0.4295261
14164.0,0.4012771
14166.0,0.3642159
14168.004,0.334406
14170.004,0.30943
14172.0,0.2780088
14174.004,0.2586724
14176.004,0.23772484
14178.0,0.21597156
14180.004,0.1998077
14182.0,0.1844998
14184.0,0.1756374
14186.004,0.15630116
14188.004,0.1450217
14190.0,0.1321309
14192.0,0.12407414
14194.0,0.1127947
14196.0,0.1047379
14198.004,0.0918471
14200.0,0.08701304
14202.0,0.07895626
14204.004,0.07331654
14206.004,0.0708995
14208.0,0.0636484
14210.0,0.05962004
14212.0,0.05478598
14214.004,0.04995193
14216.004,0.04995193
14218.0,0.04350652
14220.004,0.03544975
14222.004,0.03867246
14224.0,0.03383841
14226.004,0.03464409
14228.0,0.02981002
14230.0,0.02739299
14232.004,0.02819868
14234.004,0.02417028
14236.0,0.02417028
14238.004,0.02417028
14240.0,0.0837903
14242.0,0.3634103
14244.004,0.6156374
14246.0,0.8526068
14248.0,1.0637444
14250.004,1.258768
14252.004,1.431183
14254.0,1.596397
14256.0,1.750332
14258.0,1.8744556
14260.0,1.984028
14262.004,2.113793
14264.0,2.215308
14266.004,2.309621
14268.004,2.39019
14270.0,2.484504
14272.004,2.541706
14274.0,2.607772
14276.0,2.666586
14278.004,2.721423
14280.004,2.770569
14282.0,2.812464
14284.004,2.859194
14286.0,2.8955
14288.0,2.930143
14290.004,2.96237
14292.0,2.991375
14294.0,3.021185
14296.004,3.045356
14298.004,3.0671084
14300.004,3.08725
14302.0,3.105026
14304.0,3.118721
14306.0,3.136446
14308.004,3.152561
14310.0,3.165451
14312.004,3.177536
14314.004,3.195261
14316.0,3.197679
14318.0,3.211375
14320.0,3.215403
14322.0,3.22346
14324.004,3.2299052
14326.004,3.237156
14328.0,3.240379
14330.004,3.248436
14332.0,3.249242
14334.0,3.251659
14336.004,3.259715
14338.0,3.265355
14340.0,3.266967
14342.004,3.27019
14344.004,3.282275
14346.004,3.284691
14348.0,3.275829
14350.0,3.279857
14352.0,3.283885
14354.004,3.28308
14356.0,3.28872
14358.004,3.289525
14360.004,3.291137
14362.004,3.290331
14364.0,3.070331
14366.0,2.793934
14368.0,2.556209
14370.004,2.336209
14372.004,2.133934
14374.0,1.947772
14376.004,1.773696
14378.0,1.627013
14380.0,1.4900476
14382.004,1.3635064
14384.0,1.246683
14386.0,1.14834
14388.004,1.0508532
14390.004,0.9541222
14392.0,0.8711372
14394.0,0.7993818
14396.0,0.7276764
14398.0,0.6688622
14400.004,0.6132204
14402.0,0.5608514
14404.004,0.514122
14406.004,0.4730325
14408.004,0.4335544
14410.0,0.394026
14412.0,0.3666331
14414.0,0.331989
14416.004,0.307013
14418.004,0.2780088
14420.0,0.257061
14422.004,0.2530327
14424.004,0.21597156
14426.0,0.196585
14428.004,0.1828885
14430.0,0.1683863
14432.0,0.1554955
14434.004,0.1474387
14436.004,0.13051952
14438.0,0.12004576
14440.0,0.1111833
14442.0,0.10312654
14444.0,0.1007095
14446.004,0.08620734
14448.0,0.07815058
14450.0,0.07573358
14452.004,0.06848246
14454.004,0.06203707
14456.0,0.05720302
14458.0,0.0539803
14460.0,0.0507576
14462.004,0.04350652
14464.004,0.04270084
14466.0,0.04270084
14468.004,0.03786679
14470.004,0.04028382
14472.0,0.03303272
14474.004,0.02981002
14476.0,0.02981002
14478.0,0.02658732
14480.004,0.025781632
14482.004,0.01933623
14484.0,0.02175326
14486.004,0.11682304
14488.0,0.3980543
14490.0,0.6551658
14492.004,0.8767772
14494.0,1.0887204
14496.0,1.282938
14498.004,1.4562092
14500.004,1.6157332
14502.0,1.762417
14504.0,1.892986
14506.0,2.019478
14508.0,2.125072
14510.004,2.228198
14512.0,2.321707
14514.004,2.40308
14516.004,2.480476
14518.0,2.549763
14520.004,2.614217
14522.0,2.673838
14524.0,2.726257
14526.004,2.776208
14528.004,2.822132
14530.0,2.874502
14532.004,2.901139
14534.0,2.9373948
14536.0,2.96237
14538.004,2.99782
14540.0,3.019574
14542.0,3.046967
14544.004,3.069526
14546.004,3.091278
14548.004,3.105026
14550.0,3.119527
14552.0,3.1412816
14554.0,3.152561
14556.004,3.180759
14558.0,3.178342
14560.004,3.18801
14562.004,3.201707
14564.0,3.207346
14566.0,3.216209
14568.0,3.217015
14570.0,3.2291
14572.004,3.23635
14574.004,3.246826
14576.0,3.248436
14578.004,3.251659
14580.0,3.254076
14582.0,3.262133
14584.004,3.269384
14586.0,3.267772
14588.0,3.2718
14590.004,3.273412
14592.004,3.279052
14594.004,3.283885
14596.0,3.281469
14598.0,3.287109
14600.0,3.286303
14602.004,3.28872
14604.0,3.290331
14606.004,3.285497
14608.004,3.291137
14610.004,3.03327
14612.0,2.7689576
14614.0,2.530427
14616.0,2.312038
14618.004,2.112181
14620.004,1.93327
14622.0,1.761611
14624.004,1.6052596
14626.0,1.4755456
14628.0,1.3473928
14630.004,1.232936
14632.0,1.127393
14634.0,1.0355456
14636.004,0.9444536
14638.004,0.8638862
14640.004,0.7897136
14642.0,0.7236482
14644.0,0.6503318
14646.0,0.606775
14648.004,0.5560176
14650.0,0.5100938
14652.004,0.4657815
14654.004,0.427109
14656.004,0.3908033
14658.0,0.3642159
14660.0,0.3279606
14662.0,0.3037904
14664.004,0.2755915
14666.004,0.2546441
14668.0,0.23127948
14670.004,0.2135545
14672.004,0.19739064
14674.0,0.1756374
14676.004,0.169192
14678.0,0.15227284
14680.0,0.14018764
14682.004,0.12407414
14684.004,0.1208514
14686.0,0.1111833
14688.0,0.10876628
14690.0,0.09265276
14692.0,0.0878187
14694.004,0.07815058
14696.0,0.07331654
14698.004,0.06767682
14700.004,0.06203707
14702.004,0.05800869
14704.0,0.0539803
14706.0,0.04995193
14708.0,0.04592355
14710.004,0.04350652
14712.004,0.04270084
14714.0,0.03786679
14716.004,0.03544975
14718.004,0.03222704
14720.0,0.023364616
14722.004,0.029004348
14724.0,0.02819868
14726.0,0.024975968
14728.004,0.02014191
14730.004,0.025781632
14732.0,0.1546898
14734.004,0.4246921
14736.0,0.6761132
14738.0,0.9065874
14740.004,1.1330324
14742.0,1.3030804
14744.0,1.4747396
14746.004,1.6374868
14748.004,1.780947
14750.0,1.9252136
14752.0,2.028341
14754.0,2.133129
14756.0,2.243506
14758.004,2.329764
14760.0,2.4079148
14762.004,2.484504
14764.004,2.55782
14766.0,2.62308
14768.004,2.681945
14770.0,2.735119
14772.0,2.782655
14774.004,2.826967
14776.004,2.866445
14778.0,2.903556
14780.004,2.9382
14782.0,2.964788
14784.0,2.999432
14786.004,3.038104
14788.0,3.049384
14790.0,3.069526
14792.004,3.090474
14794.004,3.10986
14796.004,3.118721
14798.0,3.1412816
14800.0,3.155783
14802.0,3.177536
14804.004,3.179953
14806.0,3.187204
14808.004,3.193651
14810.004,3.211375
14812.0,3.216209
14814.0,3.227488
14816.0,3.231516
14818.0,3.249242
14820.004,3.244408
14822.004,3.248436
14824.0,3.250854
14826.004,3.260521
14828.0,3.262939
14830.0,3.27019
14832.004,3.269384
14834.0,3.272606
14836.0,3.275024
14838.004,3.278246
14840.004,3.279857
14842.004,3.281469
14844.0,3.289525
14846.0,3.286303
14848.0,3.287914
14850.004,3.28308
14852.0,3.291137
14854.004,3.241185
14856.004,2.993792
14858.004,2.736731
14860.0,2.501422
14862.0,2.291091
14864.0,2.090427
14866.004,1.9091
14868.004,1.7438856
14870.0,1.5939796
14872.004,1.458626
14874.0,1.334502
14876.0,1.220851
14878.004,1.114502
14880.0,1.0209932
14882.0,0.938814
14884.004,0.8558296
14886.004,0.7816568
14888.004,0.7268708
14890.0,0.6559716
14892.0,0.6051636
14894.0,0.5495718
14896.004,0.4996199
14898.0,0.4569191
14900.004,0.4230805
14902.004,0.3875806
14904.004,0.3553536
14906.0,0.3207094
14908.0,0.3037904
14910.0,0.272369
14912.004,0.2546441
14914.004,0.2304737
14916.0,0.2054474
14918.004,0.196585
14920.004,0.1812771
14922.0,0.169192
14924.004,0.15066144
14926.0,0.13535364
14928.0,0.1321309
14930.004,0.1192401
14932.004,0.1047379
14934.0,0.0950698
14936.0,0.08943008
14938.0,0.08620734
14940.0,0.07976194
14942.004,0.06848246
14944.0,0.06606544
14946.004,0.0612314
14948.004,0.05156327
14950.004,0.05317464
14952.0,0.0306157
14954.0,0.04511786
14956.0,0.04270084
14958.004,0.03786679
14960.004,0.03625542
14962.0,0.03383841
14964.004,0.03222704
14966.004,0.03222704
14968.0,0.02819868
14970.004,0.04350652
14972.0,0.02658732
14974.0,0.02417028
14976.004,0.023364616
14978.004,0.1901396
14980.0,0.4657815
14982.004,0.709952
14984.0,0.9372028
14986.0,1.1402832
14988.004,1.3272508
14990.0,1.490853
14992.0,1.6528448
14994.004,1.795449
14996.004,1.9268248
14998.0,2.042036
15000.0,2.151658
15002.0,2.247534
15004.004,2.339432
15006.004,2.415971
15008.0,2.495783
15010.004,2.568294
15012.004,2.631137
15014.0,2.689196
15016.004,2.739953
15018.0,2.786683
15020.0,2.831802
15022.004,2.872085
15024.004,2.909195
15026.0,2.94384
15028.004,2.974455
15030.0,2.988153
15032.0,3.028436
15034.004,3.048579
15036.0,3.071137
15038.0,3.09289
15040.004,3.116305
15042.004,3.127584
15044.004,3.140476
15046.0,3.155783
15048.0,3.166257
15050.0,3.188815
15052.004,3.193651
15054.0,3.202513
15056.004,3.2121808
15058.004,3.219431
15060.004,3.225071
15062.0,3.2299052
15064.0,3.237156
15066.0,3.248436
15068.004,3.250048
15070.004,3.254882
15072.0,3.254882
15074.004,3.262133
15076.0,3.263744
15078.0,3.2718
15080.004,3.273412
15082.0,3.279052
15084.0,3.278246
15086.004,3.280663
15088.004,3.28308
15090.004,3.28308
15092.0,3.287109
15094.0,3.284691
15096.0,3.289525
15098.004,3.291942
15100.0,3.250854
15102.004,2.967204
15104.004,2.710143
15106.004,2.453838
15108.0,2.258814
15110.0,2.06948
15112.0,1.8873464
15114.004,1.726161
15116.004,1.5730324
15118.0,1.443268
15120.004,1.3151656
15122.004,1.206349
15124.0,1.104028
15126.004,1.0226048
15128.0,0.924312
15130.0,0.8453554
15132.004,0.7800456
15134.004,0.7139804
15136.004,0.6471092
15138.0,0.5898556
15140.0,0.5439324
15142.0,0.5012316
15144.004,0.4561135
15146.0,0.4182466
15148.004,0.3819409
15150.004,0.3505195
15152.004,0.3223209
15154.0,0.2973448
15156.0,0.2675348
15158.0,0.247393
15160.004,0.22805676
15162.004,0.2030304
15164.0,0.1925566
15166.004,0.18047144
15168.004,0.1587182
15170.0,0.1474387
15172.004,0.141799
15174.0,0.1272968
15176.0,0.1208514
15178.004,0.09265276
15180.004,0.0982925
15182.0,0.09023572
15184.004,0.0837903
15186.0,0.0773449
15188.0,0.0813733
15190.004,0.07492788
15192.0,0.05639736
15194.004,0.05800869
15196.004,0.04995193
15198.004,0.04834056
15200.0,0.0475349
15202.0,0.04350652
15204.0,0.03625542
15206.004,0.03706112
15208.004,0.03303272
15210.0,0.03303272
15212.004,0.0306157
15214.004,0.02739299
15216.0,0.025781632
15218.004,0.02417028
15220.0,0.024975968
15222.0,0.02094758
15224.004,0.2264454
15226.004,0.4980085
15228.0,0.7381504
15230.004,0.9654016
15232.0,1.1547852
15234.0,1.3433644
15236.004,1.5150232
15238.0,1.673792
15240.0,1.8018952
15242.004,1.9397156
15244.004,2.058151
15246.004,2.166162
15248.0,2.262037
15250.0,2.3490992
15252.004,2.43128
15254.004,2.510285
15256.0,2.575546
15258.004,2.638388
15260.004,2.693224
15262.0,2.742371
15264.004,2.793934
15266.0,2.836635
15268.0,2.874502
15270.004,2.9140292
15272.004,2.947869
15274.0,2.976873
15276.004,3.002654
15278.0,3.030853
15280.0,3.052607
15282.004,3.075971
15284.0,3.100191
15286.0,3.111471
15288.004,3.12839
15290.004,3.142892
15292.004,3.156589
15294.0,3.170286
15296.0,3.190427
15298.0,3.192845
15300.004,3.201707
15302.0,3.211375
15304.004,3.220237
15306.004,3.228294
15308.004,3.231516
15310.004,3.239573
15312.0,3.257299
15314.0,3.250048
15316.004,3.254076
15318.004,3.272606
15320.0,3.257299
15322.004,3.266161
15324.0,3.273412
15326.0,3.275024
15328.004,3.2709952
15330.0,3.279052
15332.0,3.279857
15334.004,3.282275
15336.004,3.284691
15338.004,3.287914
15340.0,3.287914
15342.0,3.289525
15344.0,3.281469
15346.004,3.222655
15348.0,2.933366
15350.004,2.676255
15352.004,2.446587
15354.004,2.235449
15356.0,2.042842
15358.0,1.8631764
15360.0,1.707631
15362.004,1.5625584
15364.004,1.4271548
15366.0,1.304692
15368.004,1.1926524
15370.004,1.0903316
15372.0,0.9968226
15374.004,0.9106158
15376.0,0.8372988
15378.0,0.7655436
15380.004,0.7002836
15382.004,0.6406634
15384.004,0.5882444
15386.0,0.5382922
15388.0,0.4939802
15390.0,0.4488622
15392.004,0.4126069
15394.0,0.3795239
15396.004,0.346491
15398.004,0.319098
15400.004,0.2925108
15402.0,0.2667292
15404.0,0.2457816
15406.0,0.2216113
15408.004,0.2071091
15410.004,0.1893339
15412.0,0.1740261
15414.004,0.1611353
15416.004,0.14663308
15418.0,0.13535364
15420.004,0.12407414
15422.0,0.1176287
15424.0,0.10715492
15426.004,0.09668114
15428.004,0.0886244
15430.0,0.082179
15432.004,0.07573358
15434.0,0.07009382
15436.0,0.07009382
15438.004,0.0604257
15440.0,0.05720302
15442.004,0.05317464
15444.004,0.04834056
15446.004,0.03786679
15448.0,0.03947813
15450.0,0.03786679
15452.0,0.03625542
15454.004,0.03222704
15456.004,0.02819868
15458.0,0.02981002
15460.004,0.02739299
15462.004,0.02175326
15464.0,0.02417028
15466.004,0.02255893
15468.0,0.02094758
15470.0,0.2562554
15472.004,0.5221788
15474.004,0.7615152
15476.0,0.9831266
15478.004,1.184596
15480.0,1.371563
15482.0,1.5351656
15484.004,1.6939336
15486.0,1.8276764
15488.0,1.952606
15490.004,2.071897
15492.004,2.174219
15494.004,2.2725608
15496.0,2.364407
15498.0,2.442559
15500.004,2.513507
15502.004,2.582796
15504.0,2.641611
15506.004,2.698863
15508.004,2.752038
15510.0,2.800379
15512.004,2.8454976
15514.0,2.882558
15516.0,2.918058
15518.004,2.950285
15520.004,2.982512
15522.0,3.0091
15524.004,3.034075
15526.0,3.058246
15528.0,3.079193
15530.004,3.091278
15532.0,3.117916
15534.0,3.126778
15536.004,3.143698
15538.004,3.160617
15540.004,3.177536
15542.0,3.183175
15544.0,3.194456
15546.0,3.202513
15548.004,3.208958
15550.0,3.219431
15552.004,3.226683
15554.004,3.233934
15556.004,3.248436
15558.004,3.2532708
15560.0,3.251659
15562.0,3.251659
15564.004,3.258911
15566.004,3.263744
15568.0,3.275829
15570.004,3.27019
15572.0,3.266161
15574.0,3.275829
15576.004,3.27744
15578.0,3.278246
15580.0,3.282275
15582.004,3.279052
15584.004,3.287914
15586.004,3.287914
15588.0,3.289525
15590.0,3.290331
15592.0,3.179147
15594.004,2.892277
15596.0,2.647251
15598.004,2.419195
15600.004,2.214503
15602.004,2.014644
15604.0,1.855875
15606.0,1.6890996
15608.0,1.5399996
15610.004,1.4070128
15612.004,1.29019
15614.0,1.1789556
15616.004,1.089526
15618.004,0.9871548
15620.0,0.8969188
15622.004,0.8300476
15624.0,0.7574866
15626.0,0.6930324
15628.01,0.6358296
15630.004,0.5801876
15632.004,0.531847
15634.0,0.4883406
15635.996,0.4464453
15638.0,0.4190522
15640.0,0.3738841
15642.004,0.3150697
15644.0,0.3150697
15646.01,0.2892881
15648.004,0.2618951
15650.004,0.2417532
15652.0,0.22241696
15653.996,0.2054474
15656.004,0.1877226
15658.0,0.1780545
15660.004,0.1579125
15662.0,0.13535364
15664.01,0.1426047
15666.004,0.1281025
15668.0,0.1152117
15670.0,0.10634928
15671.996,0.09990386
15674.004,0.0942641
15676.0,0.07976194
15678.004,0.07653924
15680.004,0.06928818
15682.01,0.06767682
15684.004,0.06284276
15686.004,0.05559165
15688.0,0.04028382
15689.996,0.04350652
15692.004,0.0443122
15694.0,0.03464409
15696.01,0.03867246
15698.004,0.03544975
15700.0,0.029004348
15702.01,0.02981002
15704.004,0.02981002
15706.0,0.025781632
15707.996,0.03625542
15710.004,0.02417028
15712.0,0.023364616
15713.996,0.02094758
15716.004,0.2884824
15718.0,0.5536004
15720.01,0.7897136
15722.004,1.011325
15724.0,1.2071544
15726.0,1.390094
15728.004,1.5545016
15730.0,1.7036024
15732.0,1.8421784
15734.004,1.967109
15736.0,2.083982
15738.01,2.191943
15740.004,2.287063
15742.004,2.370048
15744.0,2.450615
15745.996,2.518341
15748.004,2.586825
15750.0,2.652085
15752.004,2.710948
15754.0,2.758484
15756.01,2.8100476
15758.004,2.847915
15760.0,2.885781
15762.0,2.929337
15763.996,2.9551192
15766.004,2.9728448
15768.0,3.020379
15770.004,3.0372992
15772.004,3.060664
15774.01,3.079193
15776.004,3.092084
15778.0,3.116305
15780.0,3.131612
15781.996,3.153366
15784.004,3.160617
15786.0,3.174314
15788.01,3.185593
15790.004,3.191233
15792.0,3.202513
15794.004,3.214598
15796.004,3.221043
15798.0,3.227488
15799.996,3.23474
15802.004,3.241185
15804.0,3.2476308
15806.01,3.252465
15808.004,3.243602
15810.0,3.260521
15812.01,3.26455
15814.004,3.267772
15816.0,3.2718
15818.0,3.274218
15820.004,3.275829
15822.0,3.281469
15823.996,3.275024
15826.004,3.283885
15828.0,3.285497
15830.01,3.290331
15832.004,3.281469
15834.004,3.284691
15836.0,3.291942
15837.996,3.144504
15840.0,2.869667
15842.0,2.619857
15844.004,2.388578
15846.0,2.187914
15848.01,1.9993356
15850.004,1.8276764
15852.004,1.670569
15854.0,1.527109
15855.996,1.3949276
15858.004,1.2764932
15860.0,1.166871
15862.004,1.0677724
15864.004,0.977487
15866.01,0.8945018
15868.004,0.8195236
15870.0,0.74943
15872.0,0.6833644
15873.996,0.629384
15876.004,0.5721308
15878.0,0.5310412
15880.004,0.481895
15882.004,0.4456396
15884.0,0.4069169
15886.004,0.3706614
15888.004,0.3448797
15890.0,0.3134584
15891.996,0.2884824
15894.004,0.2667292
15896.0,0.2409475
15898.01,0.22080568
15900.004,0.2030304
15902.0,0.1853055
15904.01,0.171609
15906.004,0.15710684
15908.0,0.14663308
15910.0,0.11440604
15912.004,0.12326848
15914.0,0.1127947
15915.996,0.1039322
15918.004,0.0942641
15920.0,0.08943008
15922.01,0.0813733
15924.004,0.0773449
15926.004,0.07009382
15928.0,0.0636484
15930.004,0.05881435
15932.0,0.04028382
15934.0,0.05156327
15936.004,0.04028382
15938.0,0.04511786
15940.01,0.04028382
15942.004,0.04511786
15944.004,0.03786679
15946.0,0.023364616
15947.996,0.0306157
15950.004,0.029004348
15952.0,0.016919208
15954.004,0.024975968
15956.0,0.02658732
15958.01,0.023364616
15960.004,0.03786679
15962.0,0.3255436
15964.0,0.5858272
15965.996,0.8171068
15968.004,1.0339344
15970.0,1.2305196
15972.004,1.4094296
15974.004,1.5706156
15976.01,1.7229384
15978.004,1.8583424
15980.0,1.9904736
15982.0,2.095261
15983.996,2.204833
15986.004,2.291896
15988.0,2.380521
15990.01,2.465117
15992.004,2.532845
15994.0,2.597299
15996.004,2.656919
15998.004,2.711754
16000.0,2.762513
16001.996,2.8100476
16004.004,2.852748
16006.0,2.892277
16007.996,2.930143
16010.004,2.9607592
16012.0,2.988153
16014.01,3.015545
16016.004,3.039716
16018.0,3.062274
16020.0,3.082416
16022.004,3.102608
16024.0,3.120333
16026.0,3.1356408
16028.004,3.150144
16030.0,3.155783
16032.01,3.1710908
16034.004,3.181565
16036.004,3.193651
16038.0,3.20493
16039.996,3.218626
16042.0,3.221043
16044.0,3.2291
16046.004,3.243602
16048.0,3.240379
16050.01,3.24602
16052.004,3.251659
16054.004,3.257299
16056.0,3.262133
16057.996,3.258911
16060.004,3.266967
16062.0,3.266967
16064.004,3.274218
16066.004,3.284691
16068.01,3.279052
16070.004,3.282275
16072.0,3.287109
16074.0,3.285497
16075.996,3.28308
16078.004,3.287109
16080.0,3.290331
16082.01,3.292748
16084.004,3.108248
16086.0,2.837441
16088.004,2.592465
16090.004,2.367631
16092.0,2.16455
16093.996,1.9775824
16096.004,1.8163976
16098.0,1.6479604
16100.01,1.5085784
16102.004,1.3820364
16104.0,1.2652136
16106.01,1.155591
16108.004,1.057299
16110.0,0.9670128
16112.0,0.8840284
16114.004,0.8098556
16116.0,0.7381504
16117.996,0.6777246
16120.004,0.6075808
16122.0,0.5681024
16124.01,0.5205676
16126.004,0.4770611
16128.004,0.4383886
16130.0,0.3996658
16131.996,0.3634103
16134.0,0.3360173
16136.0,0.3054016
16138.004,0.2876767
16140.0,0.259478
16142.01,0.24336452
16144.004,0.2167772
16146.004,0.1949736
16148.0,0.1885282
16149.996,0.169192
16152.004,0.1546898
16154.0,0.14341032
16156.004,0.1313252
16158.0,0.1192401
16160.01,0.11682304
16162.004,0.0886244
16164.0,0.0942641
16166.0,0.09023572
16167.996,0.0813733
16170.004,0.07573358
16172.0,0.06606544
16174.004,0.0644541
16176.004,0.05962004
16178.01,0.05478598
16180.004,0.05156327
16182.004,0.04270084
16184.0,0.04350652
16185.996,0.0410895
16188.004,0.03464409
16190.0,0.03303272
16192.01,0.02658732
16194.004,0.02981002
16196.0,0.029004348
16198.01,0.04672923
16200.004,0.024975968
16202.0,0.023364616
16204.0,0.029004348
16206.004,0.07653924
16208.0,0.3537423
16209.996,0.616443
16212.004,0.8485786
16214.0,1.061327
16216.01,1.253128
16218.004,1.4352112
16220.0,1.5955916
16222.0,1.7422744
16224.004,1.876067
16226.0,1.99853
16228.0,2.110569
16230.004,2.210473
16232.0,2.303981
16234.01,2.392606
16236.004,2.469146
16238.004,2.540902
16240.0,2.608578
16241.996,2.664976
16244.004,2.720617
16246.0,2.769763
16248.004,2.814882
16250.0,2.855972
16252.01,2.900334
16254.004,2.930949
16256.004,2.963982
16258.0,2.991375
16259.996,3.018768
16262.004,3.034881
16264.0,3.065498
16266.004,3.0848332
16268.004,3.105026
16270.01,3.121139
16272.004,3.142087
16274.0,3.150949
16276.0,3.16384
16277.996,3.175925
16280.004,3.188815
16282.0,3.197679
16284.01,3.20493
16286.004,3.218626
16288.0,3.224265
16290.004,3.2291
16292.004,3.23635
16294.0,3.24199
16295.996,3.24602
16298.004,3.254076
16300.0,3.256493
16302.01,3.251659
16304.004,3.265355
16306.0,3.268578
16308.01,3.272606
16310.004,3.279857
16312.0,3.280663
16314.0,3.282275
16316.004,3.284691
16318.0,3.269384
16319.996,3.285497
16322.004,3.283885
16324.0,3.290331
16326.01,3.292748
16328.004,3.29436
16330.004,3.075971
16332.0,2.81891
16333.996,2.564266
16336.0,2.338626
16338.0,2.141185
16340.004,1.95583
16342.0,1.7898092
16344.01,1.6326524
16346.004,1.5037444
16348.004,1.3651176
16350.0,1.250711
16351.996,1.143506
16354.004,1.054882
16356.0,0.9549278
16358.004,0.8743604
16360.004,0.801799
16362.01,0.7333164
16364.004,0.672085
16366.0,0.6108032
16368.0,0.5624626
16369.996,0.5358754
16372.004,0.4730325
16374.0,0.4335544
16376.01,0.3956373
16378.004,0.3626047
16380.01,0.3255436
16382.004,0.3078187
16384.0,0.27962
16386.0,0.2635064
16388.0,0.2393362
16390.0,0.2135545
16392.0,0.2022247
16394.01,0.1780545
16396.0,0.1772488
16398.0,0.1546898
16400.01,0.1426047
16402.0,0.13051952
16404.0,0.12004576
16406.0,0.11360036
16408.0,0.10715492
16410.0,0.09265276
16412.0,0.0878187
16414.0,0.0837903
16416.0,0.07331654
16418.01,0.06928818
16420.0,0.0644541
16422.0,0.04834056
16424.0,0.05559165
16426.0,0.05639736
16428.0,0.0475349
16430.0,0.04350652
16432.0,0.04189516
16434.0,0.03786679
16436.01,0.03625542
16438.0,0.03303272
16440.0,0.02981002
16442.0,0.03464409
16443.992,0.02739299
16446.0,0.024975968
16448.0,0.023364616
16450.0,0.02255893
16452.0,0.1079606
16454.01,0.3851636
16456.0,0.6430808
16458.0,0.8759716
16460.0,1.0871092
16461.992,1.281327
16464.0,1.4554036
16466.0,1.6100932
16468.01,1.76
16470.0,1.890569
16472.01,2.0178668
16474.0,2.125878
16476.0,2.224976
16478.0,2.318485
16479.992,2.4022748
16482.0,2.47967
16484.0,2.548958
16486.01,2.615023
16488.0,2.67142
16490.0,2.727063
16492.01,2.777014
16494.0,2.822938
16496.0,2.8632224
16498.0,2.9019448
16500.0,2.93659
16502.0,2.96801
16504.01,2.995404
16506.0,3.02199
16508.0,3.046161
16510.01,3.06872
16512.0,3.091278
16514.0,3.10986
16516.0,3.123556
16518.0,3.140476
16520.0,3.154977
16522.0,3.167062
16524.0,3.177536
16526.0,3.18801
16528.01,3.198485
16530.0,3.220237
16532.0,3.217015
16534.0,3.226683
16535.992,3.231516
16538.0,3.235545
16540.0,3.237962
16542.0,3.2476308
16544.0,3.251659
16546.01,3.257299
16548.0,3.261327
16550.0,3.26455
16552.0,3.266967
16553.992,3.2709952
16556.0,3.276635
16558.0,3.284691
16560.01,3.281469
16562.0,3.269384
16564.01,3.284691
16566.0,3.29436
16568.0,3.292748
16570.0,3.291137
16571.992,3.291137
16574.0,3.287109
16576.0,3.040522
16578.01,2.781043
16580.0,2.534456
16582.0,2.315262
16584.01,2.111375
16586.0,1.93327
16588.0,1.768862
16590.0,1.6165388
16592.0,1.4763516
16594.0,1.3473928
16596.01,1.246683
16598.0,1.1330324
16600.0,1.0355456
16602.01,0.943648
16604.0,0.8614692
16606.0,0.8001876
16608.0,0.7276764
16610.0,0.6471092
16612.0,0.611609
16614.0,0.5576288
16616.0,0.5060654
16618.0,0.4681985
16620.01,0.427109
16622.0,0.3843578
16624.0,0.3585762
16626.0,0.331989
16628.0,0.302179
16630.0,0.2763974
16632.0,0.2530327
16634.0,0.23289076
16636.0,0.2135545
16638.01,0.1780545
16640.0,0.18047144
16642.0,0.1659693
16644.0,0.15388416
16645.992,0.1409933
16648.0,0.1313252
16650.0,0.1192401
16652.0,0.10957196
16654.0,0.1015152
16656.01,0.09587548
16658.0,0.08701304
16660.0,0.06928818
16662.0,0.07573358
16663.992,0.06848246
16666.0,0.06687112
16668.0,0.05800869
16670.01,0.04189516
16672.0,0.0507576
16674.01,0.04350652
16676.01,0.03625542
16678.0,0.04028382
16680.0,0.0443122
16681.992,0.03464409
16684.0,0.03303272
16686.0,0.03142138
16688.01,0.02819868
16690.0,0.02981002
16692.0,0.02819868
16694.01,0.02255893
16696.0,0.02014191
16698.0,0.14824448
16700.0,0.4222749
16702.0,0.6938382
16704.0,0.8993364
16706.0,1.1072512
16708.0,1.299858
16710.0,1.472323
16712.01,1.62943
16714.0,1.7753072
16716.0,1.9018496
16718.0,2.025118
16720.0,2.1291
16722.0,2.236255
16724.0,2.327347
16726.0,2.411943
16728.0,2.489337
16730.01,2.556209
16732.0,2.620663
16734.0,2.661753
16736.0,2.731897
16737.992,2.779433
16740.0,2.823744
16742.0,2.864833
16744.0,2.904362
16746.0,2.9373948
16748.01,2.966399
16750.0,3.006683
16752.0,3.024408
16754.0,3.049384
16755.992,3.071137
16758.0,3.093696
16760.0,3.107442
16762.01,3.123556
16764.0,3.138863
16766.01,3.156589
16768.0,3.16948
16770.0,3.175119
16772.0,3.192039
16773.992,3.19929
16776.0,3.208152
16778.0,3.216209
16780.01,3.224265
16782.0,3.225877
16784.0,3.237962
16786.01,3.250854
16788.0,3.249242
16790.0,3.254076
16792.0,3.258105
16794.0,3.261327
16796.0,3.266161
16798.01,3.263744
16800.0,3.272606
16802.0,3.27744
16804.01,3.280663
16806.0,3.279052
16808.0,3.276635
16810.0,3.284691
16812.0,3.28872
16814.0,3.287914
16816.0,3.289525
16818.0,3.295165
16820.0,3.28872
16822.01,3.005072
16824.0,2.739148
16826.0,2.507868
16828.0,2.28948
16829.992,2.089622
16832.0,1.9123228
16834.0,1.749526
16836.0,1.597203
16838.0,1.461043
16840.01,1.3385304
16842.0,1.2200456
16844.0,1.1177248
16846.0,1.021799
16847.992,0.931563
16850.0,0.8501898
16852.0,0.783268
16854.0,0.7212314
16856.0,0.6543602
16858.01,0.601135
16860.0,0.5439324
16862.0,0.5052598
16864.0,0.4625589
16865.992,0.4230805
16868.0,0.3875806
16870.0,0.3529366
16872.01,0.3255436
16874.0,0.2981506
16876.01,0.2804257
16878.01,0.24980992
16880.0,0.2417532
16882.0,0.21194324
16884.0,0.19416792
16886.0,0.17966576
16888.0,0.16355224
16890.01,0.15146716
16892.0,0.13857636
16894.0,0.1272968
16896.01,0.11843436
16898.0,0.1079606
16900.0,0.09990386
16902.0,0.0910414
16904.0,0.08701304
16906.0,0.07815058
16908.0,0.07653924
16910.0,0.06687112
16912.0,0.05317464
16914.01,0.05800869
16916.0,0.0507576
16918.0,0.05236894
16920.0,0.04511786
16922.0,0.04672923
16924.0,0.0410895
16926.0,0.03786679
16928.0,0.03383841
16930.0,0.03303272
16932.01,0.03222704
16934.0,0.03142138
16936.0,0.025781632
16938.0,0.023364616
16939.992,0.02417028
16942.0,0.02255893
16944.0,0.1812771
16946.0,0.4528908
16948.0,0.7010894
16950.01,0.9283404
16952.0,1.1346436
16954.0,1.32
16956.0,1.4940764
16957.992,1.6463488
16960.0,1.795449
16962.0,1.919574
16964.01,2.038008
16966.0,2.146824
16968.01,2.24834
16970.0,2.33218
16972.0,2.418389
16974.0,2.494977
16975.992,2.56346
16978.0,2.6295268
16980.0,2.689196
16982.01,2.739148
16984.0,2.788294
16986.0,2.832607
16988.01,2.870473
16990.0,2.910001
16992.0,2.940618
16994.0,2.977678
16996.0,3.00346
16998.0,3.029242
17000.01,3.050995
17002.0,3.071943
17004.0,3.097775
17006.01,3.110665
17008.0,3.12839
17010.0,3.13967
17012.0,3.155783
17014.0,3.168674
17016.0,3.179953
17018.0,3.195261
17020.0,3.200096
17022.0,3.209764
17024.01,3.217821
17026.0,3.226683
17028.0,3.235545
17030.0,3.24199
17031.992,3.244408
17034.0,3.24602
17036.0,3.256493
17038.0,3.258105
17040.0,3.262939
17042.01,3.266967
17044.0,3.269384
17046.0,3.267772
17048.0,3.275024
17049.992,3.27744
17052.0,3.283885
17054.0,3.28308
17056.01,3.281469
17058.0,3.287109
17060.01,3.286303
17062.0,3.289525
17064.0,3.292748
17066.0,3.256493
17067.992,2.974455
17070.0,2.717394
17072.0,2.475642
17074.01,2.266065
17076.0,2.071897
17078.0,1.891375
17080.01,1.7293836
17082.0,1.578672
17084.0,1.446541
17086.0,1.322417
17088.0,1.2079604
17090.0,1.1088624
17092.01,1.012131
17094.0,0.931563
17096.0,0.847773
17098.01,0.7736002
17100.0,0.7083406
17102.0,0.649526
17104.0,0.5922728
17106.0,0.5487662
17108.0,0.5012316
17110.0,0.4585305
17112.0,0.4206635
17114.0,0.3827466
17116.01,0.3513252
17118.0,0.3166811
17120.0,0.2925108
17122.0,0.2707576
17124.0,0.2457816
17126.0,0.22805676
17128.0,0.2095261
17130.0,0.17966576
17132.0,0.1780545
17134.01,0.16355224
17136.0,0.14824448
17138.0,0.13615924
17140.0,0.12326848
17141.992,0.1152117
17144.0,0.10715492
17146.0,0.0982925
17148.0,0.09265276
17150.0,0.084596
17152.01,0.07815058
17154.0,0.07170516
17156.0,0.06606544
17158.0,0.06525976
17159.992,0.05800869
17162.0,0.05236894
17164.0,0.04834056
17166.01,0.03303272
17168.0,0.04270084
17170.01,0.03867246
17172.01,0.023364616
17174.0,0.03142138
17176.0,0.02981002
17177.992,0.02819868
17180.0,0.02819868
17182.0,0.03383841
17184.01,0.02014191
17186.0,0.023364616
17188.0,0.011279464
17190.01,0.2216113
17192.0,0.4859233
17194.0,0.7341222
17196.0,0.9541222
17198.0,1.161231
17200.0,1.34417
17202.01,1.510995
17204.0,1.6641236
17206.0,1.8059236
17208.01,1.9348816
17210.0,2.054121
17212.0,2.162134
17214.0,2.259619
17216.0,2.346683
17218.0,2.428862
17220.0,2.50384
17222.0,2.577157
17224.0,2.635971
17226.01,2.693224
17228.0,2.746399
17230.0,2.793934
17232.0,2.835024
17233.992,2.874502
17236.0,2.913224
17238.0,2.947063
17240.0,2.973649
17242.0,3.00346
17244.01,3.028436
17246.0,3.055024
17248.0,3.075165
17250.0,3.094551
17251.992,3.113888
17254.0,3.142892
17256.0,3.144504
17258.01,3.158201
17260.0,3.16948
17262.01,3.183981
17264.0,3.195261
17266.0,3.203318
17268.0,3.21057
17269.992,3.218626
17272.0,3.225877
17274.0,3.226683
17276.01,3.237962
17278.0,3.24602
17280.0,3.250048
17282.01,3.250854
17284.0,3.259715
17286.0,3.263744
17288.0,3.275024
17290.0,3.268578
17292.0,3.273412
17294.01,3.27744
17296.0,3.279052
17298.0,3.280663
17300.01,3.28308
17302.0,3.285497
17304.0,3.282275
17306.0,3.286303
17308.0,3.290331
17310.0,3.291942
17312.0,3.222655
17314.0,2.939006
17316.0,2.683556
17318.01,2.449004
17320.0,2.231421
17322.0,2.051705
17324.0,1.8704272
17326.0,1.709242
17328.0,1.563364
17330.0,1.4207092
17332.0,1.311943
17334.0,1.194264
17336.01,1.093554
17338.0,1.0008512
17340.0,0.9178666
17342.0,0.836493
17343.992,0.7703774
17346.0,0.7027006
17348.0,0.641469
17350.01,0.5906612
17352.0,0.5407096
17354.01,0.5044542
17356.0,0.4545022
17358.0,0.4044998
17360.0,0.3787182
17361.992,0.3489082
17364.0,0.30943
17366.0,0.2917052
17368.01,0.2683405
17370.0,0.2514214
17372.01,0.2264454
17374.01,0.20630344
17376.0,0.19175096
17378.0,0.1756374
17380.0,0.16032952
17382.0,0.1490501
17384.0,0.13696492
17386.01,0.12165708
17388.0,0.12165708
17390.0,0.1039322
17392.01,0.0950698
17394.0,0.08943008
17396.0,0.0837903
17398.0,0.0773449
17400.0,0.0708995
17402.0,0.0644541
17404.0,0.0612314
17406.0,0.05559165
17408.0,0.05559165
17410.01,0.04834056
17412.0,0.04511786
17414.0,0.04270084
17416.0,0.0410895
17418.0,0.03947813
17420.0,0.03625542
17422.0,0.04270084
17424.0,0.03222704
17426.0,0.02739299
17428.01,0.04270084
17430.0,0.023364616
17432.0,0.02255893
17434.0,0.017724876
17435.992,0.2514214
17438.0,0.5205676
17440.0,0.7607096
17442.0,0.9831266
17444.0,1.181373
17446.01,1.3635064
17448.0,1.531943
17450.0,1.685071
17452.0,1.82526
17453.992,1.9509948
17456.0,2.054121
17458.0,2.175023
17460.01,2.270144
17462.0,2.358768
17464.01,2.439336
17466.0,2.515119
17468.0,2.586825
17470.0,2.648056
17471.992,2.708532
17474.0,2.750428
17476.0,2.800379
17478.01,2.841469
17480.0,2.882558
17482.0,2.918058
17484.01,2.955925
17486.0,2.980095
17488.0,3.010711
17490.0,3.03327
17492.0,3.056635
17494.0,3.079193
17496.01,3.100997
17498.0,3.112276
17500.0,3.131612
17502.01,3.143698
17504.0,3.1590052
17506.0,3.1710908
17508.0,3.183175
17510.0,3.193651
17512.0,3.200096
17514.0,3.212986
17516.0,3.218626
17518.0,3.22346
17520.01,3.233934
17522.0,3.239573
17524.0,3.24602
17526.0,3.251659
17527.992,3.255687
17530.0,3.258105
17532.0,3.262939
17534.0,3.266967
17536.0,3.2718
17538.01,3.274218
17540.0,3.279052
17542.0,3.281469
17544.0,3.28308
17545.992,3.28308
17548.0,3.287109
17550.0,3.285497
17552.01,3.286303
17554.0,3.28872
17556.01,3.292748
17558.0,3.187204
17560.0,2.90839
17562.0,2.653696
17563.992,2.426445
17566.0,2.218531
17568.0,2.025923
17570.01,1.8526524
17572.0,1.6899052
17574.01,1.5520848
17576.01,1.4158756
17578.0,1.2974408
17580.0,1.184596
17582.0,1.079052
17584.0,0.9936002
17586.0,0.9057816
17588.01,0.8284364
17590.0,0.7607096
17592.0,0.6938382
17594.01,0.6285782
17596.0,0.5826044
17598.0,0.5390978
17600.0,0.4883406
17602.0,0.4504738
17604.0,0.4150238
17606.0,0.3754955
17608.0,0.346491
17610.0,0.3182924
17612.01,0.2900938
17614.0,0.2627007
17616.0,0.2441703
17618.0,0.22322264
17620.0,0.2071091
17622.0,0.1901396
17624.0,0.1740261
17626.0,0.14824448
17628.0,0.1474387
17630.01,0.13535364
17632.0,0.12568552
17634.0,0.1152117
17636.0,0.09668114
17637.992,0.09909816
17640.0,0.0942641
17642.0,0.08620734
17644.0,0.07573358
17646.0,0.07573358
17648.01,0.06525976
17650.0,0.0612314
17652.0,0.05478598
17654.0,0.05156327
17655.992,0.04914626
17658.0,0.04914626
17660.0,0.0410895
17662.01,0.04028382
17664.0,0.03464409
17666.01,0.03303272
17668.01,0.0306157
17670.0,0.02739299
17672.0,0.03142138
17674.0,0.02819868
17676.0,0.024975968
17678.0,0.024975968
17680.01,0.02014191
17682.0,0.2804257
17684.0,0.5431264
17686.01,0.7881024
17688.0,1.0056856
17690.0,1.1999036
17692.0,1.3731744
17694.0,1.553696
17696.0,1.6987684
17698.01,1.8349276
17700.0,1.964692
17702.0,2.084788
17704.01,2.18872
17706.0,2.279811
17708.0,2.367631
17710.0,2.448199
17712.0,2.52076
17714.0,2.5884368
17716.0,2.651279
17718.0,2.705309
17720.0,2.74801
17722.01,2.801991
17724.0,2.8454976
17726.0,2.881752
17728.0,2.920475
17729.992,2.961564
17732.0,2.992987
17734.0,3.012323
17736.0,3.034881
17738.0,3.060664
17740.01,3.083222
17742.0,3.097775
17744.0,3.117111
17746.0,3.131612
17747.992,3.146921
17750.0,3.160617
17752.0,3.175119
17754.01,3.183981
17756.0,3.197679
17758.01,3.205736
17760.0,3.215403
17762.0,3.222655
17764.0,3.2299052
17765.992,3.237962
17768.0,3.24199
17770.0,3.24602
17772.01,3.249242
17774.0,3.256493
17776.0,3.260521
17778.01,3.262939
17780.0,3.272606
17782.0,3.2709952
17784.0,3.275024
17786.0,3.279052
17788.0,3.275829
17790.01,3.287109
17792.0,3.284691
17794.0,3.286303
17796.01,3.287914
17798.0,3.28872
17800.0,3.289525
17802.0,3.291942
17804.0,3.150949
17806.0,2.861611
17808.0,2.626303
17810.0,2.39744
17812.0,2.201611
17814.01,2.002558
17816.0,1.831705
17818.0,1.6762088
17820.0,1.530332
17822.0,1.3860648
17824.0,1.281327
17826.0,1.1676768
17828.0,1.0685784
17830.0,0.9799038
17832.01,0.8808056
17834.0,0.8195236
17836.0,0.74943
17838.0,0.6873928
17839.992,0.629384
17842.0,0.5777704
17844.0,0.5165392
17846.01,0.484312
17848.0,0.4440283
17850.01,0.4101395
17852.0,0.3706614
17854.0,0.3408514
17856.0,0.3311832
17857.992,0.2884824
17860.0,0.2610894
17862.0,0.2417532
17864.01,0.22080568
17866.0,0.2030304
17868.01,0.1869169
17870.01,0.171609
17872.0,0.1619409
17874.0,0.1458274
17876.0,0.13374224
17878.0,0.09668114
17880.0,0.1111833
17882.01,0.1039322
17884.0,0.0982925
17886.0,0.08620734
17888.01,0.08540166
17890.0,0.0773449
17892.0,0.07009382
17894.0,0.07009382
17896.0,0.0604257
17898.0,0.05478598
17900.0,0.05156327
17902.0,0.0475349
17904.0,0.04350652
17906.01,0.04834056
17908.0,0.03786679
17910.0,0.03867246
17912.0,0.03383841
17914.0,0.03222704
17916.0,0.02658732
17918.0,0.02658732
17920.0,0.025781632
17922.0,0.02658732
17924.01,0.02175326
17926.0,0.03706112
17928.0,0.3182924
17930.0,0.5753534
17931.992,0.8171068
17934.0,1.028244
17936.0,1.226491
17938.0,1.411847
17940.0,1.5698096
17942.01,1.7132704
17944.0,1.8526524
17946.0,1.979194
17948.0,2.096067
17949.992,2.196777
17952.0,2.28948
17954.0,2.37891
17956.01,2.453838
17958.0,2.527205
17960.01,2.596493
17962.01,2.657725
17964.0,2.713366
17966.0,2.765735
17967.992,2.8100476
17970.0,2.847109
17972.0,2.889054
17974.01,2.924504
17976.0,2.96237
17978.0,2.988959
17980.01,3.017962
17982.0,3.034881
17984.0,3.062274
17986.0,3.083222
17988.0,3.099386
17990.0,3.116305
17992.01,3.134835
17994.0,3.148532
17996.0,3.162229
17998.01,3.173508
18000.0,3.183981
18002.0,3.192039
18004.0,3.205736
18006.0,3.214598
18008.0,3.221849
18010.0,3.2299052
18012.0,3.233934
18014.0,3.241185
18016.01,3.245214
18018.0,3.251659
18020.0,3.256493
18022.0,3.261327
18023.992,3.265355
18026.0,3.268578
18028.0,3.27744
18030.0,3.27019
18032.0,3.27744
18034.01,3.276635
18036.0,3.282275
18038.0,3.285497
18040.0,3.289525
18041.992,3.286303
18044.0,3.287109
18046.0,3.287914
18048.01,3.292748
18050.0,3.115499
18052.01,2.847109
18054.0,2.59891
18056.0,2.364407
18058.0,2.179858
18059.992,1.9775824
18062.0,1.813175
18064.0,1.657679
18066.01,1.5158292
18068.0,1.3852592
18070.01,1.2676308
18072.01,1.1580088
18074.0,1.0581048
18076.0,0.968624
18078.0,0.8912794
18080.0,0.8122728
18082.0,0.7421788
18084.01,0.6809472
18086.0,0.6229388
18088.0,0.5697136
18090.01,0.5229844
18092.0,0.4786724
18094.0,0.4448339
18096.0,0.4012771
18098.0,0.3634103
18100.0,0.3376286
18102.0,0.3102357
18104.0,0.277203
18106.0,0.2602838
18108.01,0.2417532
18110.0,0.21758284
18112.0,0.201419
18114.0,0.1853055
18116.0,0.171609
18118.0,0.15630116
18120.0,0.1490501
18122.0,0.1321309
18124.0,0.1224628
18126.01,0.1176287
18128.0,0.1007095
18130.0,0.09345846
18132.0,0.0878187
18133.992,0.0813733
18136.0,0.07331654
18138.0,0.06525976
18140.0,0.05639736
18142.0,0.0612314
18144.01,0.05559165
18146.0,0.04995193
18148.0,0.0475349
18150.0,0.04350652
18151.992,0.04189516
18154.0,0.03786679
18156.0,0.03625542
18158.01,0.03625542
18160.0,0.03222704
18162.01,0.025781632
18164.01,0.025781632
18166.0,0.006445408
18168.0,0.02417028
18170.0,0.02175326
18172.0,0.07976194
18174.0,0.3553536
18176.01,0.609192
18178.0,0.8429384
18180.0,1.0564936
18182.01,1.2458776
18184.0,1.4239324
18186.0,1.589146
18188.0,1.747109
18190.0,1.871233
18192.0,1.995307
18194.01,2.12346
18196.0,2.211279
18198.0,2.305593
18200.01,2.39019
18202.0,2.463506
18204.0,2.540902
18206.0,2.607772
18208.0,2.669004
18210.0,2.719005
18212.0,2.7689576
18214.0,2.814076
18216.0,2.859194
18218.01,2.894694
18220.0,2.934172
18222.0,2.9607592
18224.0,2.991375
18225.992,3.017962
18228.0,3.042133
18230.0,3.067914
18232.0,3.0848332
18234.0,3.105026
18236.01,3.121139
18238.0,3.137252
18240.0,3.153366
18242.0,3.16384
18243.992,3.174314
18246.0,3.187204
18248.0,3.198485
18250.01,3.209764
18252.0,3.21057
18254.01,3.22346
18256.0,3.216209
18258.0,3.235545
18260.0,3.244408
18261.992,3.2476308
18264.0,3.2532708
18266.0,3.268578
18268.01,3.262939
18270.0,3.268578
18272.01,3.269384
18274.01,3.2709952
18276.0,3.275024
18278.0,3.27744
18280.0,3.279857
18282.0,3.291137
18284.0,3.28308
18286.01,3.291942
18288.0,3.286303
18290.0,3.290331
18292.01,3.287109
18294.0,3.292748
18296.0,3.082416
18298.0,2.814882
18300.0,2.573934
18302.0,2.352322
18304.0,2.148436
18306.0,1.9590524
18308.0,1.798673
18310.01,1.6374868
18312.0,1.4956876
18314.0,1.369146
18316.0,1.250711
18318.0,1.1459232
18320.0,1.042797
18322.0,0.958956
18324.0,0.8783884
18326.0,0.7993818
18328.01,0.7308992
18330.0,0.6736964
18332.0,0.6156374
18334.0,0.5656854
18335.992,0.5181504
18338.0,0.4730325
18340.0,0.4343601
18342.01,0.3956373
18344.0,0.3642159
18346.01,0.3432684
18348.0,0.3037904
18350.0,0.2780088
18352.0,0.2578668
18353.992,0.2361134
18356.0,0.2151659
18358.0,0.20630344
18360.01,0.1844998
18362.0,0.1675806
18364.01,0.15710684
18366.01,0.1426047
18368.0,0.1313252
18370.0,0.1152117
18372.0,0.11037764
18374.0,0.09909816
18376.0,0.0982925
18378.01,0.0878187
18380.0,0.07815058
18382.0,0.07492788
18384.01,0.06848246
18386.0,0.06687112
18388.0,0.05962004
18390.0,0.04189516
18392.0,0.05156327
18394.0,0.04592355
18396.01,0.04189516
18398.0,0.0410895
18400.0,0.03786679
18402.01,0.03464409
18404.0,0.03303272
18406.0,0.03142138
18408.0,0.029004348
18410.0,0.02739299
18412.0,0.03303272
18414.0,0.02417028
18416.0,0.016919208
18418.0,0.10634928
18420.01,0.3811353
18422.0,0.642275
18424.0,0.8687202
18426.0,1.081469
18427.992,1.272465
18430.0,1.446541
18432.0,1.6076768
18434.0,1.7543604
18436.0,1.8873464
18438.01,2.007393
18440.0,2.122654
18442.0,2.220948
18444.0,2.316067
18445.992,2.399052
18448.0,2.473979
18450.0,2.548958
18452.01,2.613412
18454.0,2.670615
18456.01,2.724645
18458.01,2.773792
18460.0,2.819716
18462.0,2.861611
18464.0,2.900334
18466.0,2.939006
18468.0,2.964788
18470.01,2.992987
18472.0,3.021185
18474.0,3.04455
18476.01,3.06872
18478.0,3.088056
18480.0,3.10422
18482.0,3.117916
18484.0,3.137252
18486.0,3.147726
18488.01,3.165451
18490.0,3.170286
18492.0,3.188815
18494.01,3.198485
18496.0,3.207346
18498.0,3.218626
18500.0,3.22346
18502.0,3.231516
18504.0,3.237156
18506.0,3.243602
18508.0,3.249242
18510.0,3.257299
18512.01,3.258105
18514.0,3.261327
18516.0,3.263744
18518.0,3.267772
18520.01,3.273412
18522.0,3.276635
18524.0,3.275829
18526.0,3.279857
18528.0,3.28308
18530.01,3.273412
18532.0,3.285497
18534.0,3.287914
18536.0,3.289525
18537.992,3.289525
18540.0,3.3
18542.0,3.049384
18544.01,2.793128
18546.0,2.544124
18548.01,2.321707
18550.0,2.124266
18552.0,1.9372984
18554.0,1.773696
18555.992,1.620567
18558.0,1.481185
18560.0,1.3498092
18562.01,1.244266
18564.0,1.1322268
18566.01,1.0403796
18568.01,0.9492878
18570.0,0.8679146
18572.0,0.7953532
18574.0,0.7268708
18576.0,0.6712794
18578.0,0.6099976
18580.01,0.5584344
18582.0,0.5125108
18584.0,0.4690042
18586.01,0.4295261
18588.0,0.3932204
18590.0,0.3601876
18592.0,0.3311832
18594.0,0.3029846
18596.0,0.2763974
18598.0,0.2546441
18600.0,0.2320851
18602.0,0.2167772
18604.01,0.199002
18606.0,0.1820828
18608.0,0.164358
18610.0,0.1546898
18612.0,0.141799
18614.0,0.13051952
18616.0,0.1127947
18618.0,0.11360036
18620.0,0.09990386
18622.01,0.0918471
18624.0,0.08620734
18626.0,0.07815058
18628.0,0.07573358
18629.992,0.06525976
18632.0,0.0604257
18634.0,0.05720302
18636.01,0.06928818
18638.0,0.0604257
18640.01,0.04672923
18642.0,0.04995193
18644.0,0.03947813
18646.0,0.0475349
18647.992,0.0443122
18650.0,0.03142138
18652.0,0.029004348
18654.01,0.02819868
18656.0,0.02819868
18658.01,0.029004348
18660.01,0.023364616
18662.0,0.01611352
18664.0,0.144216
18666.0,0.4150238
18668.0,0.6664454
18670.0,0.8945018
18672.01,1.099194
18674.0,1.2958296
18676.0,1.466683
18678.01,1.624596
18680.0,1.771279
18682.0,1.9034608
18684.0,2.027535
18686.0,2.131517
18688.0,2.233033
18690.01,2.325735
18692.0,2.413554
18694.0,2.485309
18696.01,2.557015
18698.0,2.619857
18700.0,2.673032
18702.0,2.730286
18704.0,2.772986
18706.0,2.824549
18708.0,2.866445
18710.0,2.905167
18712.0,2.9373948
18714.01,2.963982
18716.0,3.000238
18718.0,3.024408
18720.0,3.052607
18721.992,3.06872
18724.0,3.089668
18726.0,3.108248
18728.0,3.125973
18730.0,3.140476
18732.01,3.153366
18734.0,3.16384
18736.0,3.179147
18738.0,3.189621
18739.992,3.196067
18742.0,3.207346
18744.0,3.219431
18746.01,3.224265
18748.0,3.231516
18750.01,3.239573
18752.0,3.239573
18754.0,3.249242
18756.0,3.2532708
18757.992,3.2532708
18760.0,3.266161
18762.0,3.26455
18764.01,3.269384
18766.0,3.2718
18768.01,3.274218
18770.01,3.27744
18772.0,3.275829
18774.0,3.282275
18776.0,3.284691
18778.0,3.287109
18780.0,3.291942
18782.01,3.291137
18784.0,3.291137
18786.0,3.29436
18788.01,3.000238
18790.0,2.750428
18792.0,2.503034
18794.0,2.29512
18796.0,2.096873
18798.0,1.9179628
18800.0,1.750332
18802.0,1.6004252
18804.0,1.464266
18806.01,1.336113
18808.0,1.2248796
18810.0,1.1193364
18812.0,1.0250216
18814.0,0.941231
18816.0,0.859858
18818.0,0.788908
18820.0,0.7196198
18822.0,0.6583886
18824.01,0.598718
18826.0,0.5536004
18828.0,0.506871
18830.0,0.4649759
18831.992,0.4238865
18834.0,0.3771068
18836.0,0.3561592
18838.01,0.3263492
18840.0,0.2981506
18842.01,0.2739803
18844.0,0.2562554
18846.0,0.2296681
18848.0,0.2135545
18849.992,0.1949736
18852.0,0.18047144
18854.0,0.15710684
18856.01,0.15227284
18858.0,0.13857636
18860.01,0.1546898
18862.01,0.1192401
18864.0,0.10957196
18866.0,0.1015152
18868.0,0.0918471
18870.0,0.07653924
18872.0,0.0878187
18874.01,0.07492788
18876.0,0.06606544
18878.0,0.0612314
18880.01,0.07573358
18882.0,0.05720302
18884.0,0.04995193
18886.0,0.05317464
18888.0,0.04270084
18890.0,0.03867246
18892.01,0.0410895
18894.0,0.03383841
18896.0,0.024975968
18898.01,0.03142138
18900.0,0.02658732
18902.0,0.02658732
18904.0,0.024975968
18906.0,0.023364616
18908.0,0.02658732
18910.0,0.1756374
18912.0,0.4367773
18914.0,0.6938382
18916.01,0.9227008
18918.0,1.1281984
18920.0,1.317583
18922.0,1.4803796
18923.992,1.6447376
18926.0,1.7890036
18928.0,1.9155456
18930.0,2.03398
18932.0,2.146824
18934.01,2.245923
18936.0,2.340237
18938.0,2.415971
18940.0,2.508674
18941.992,2.562654
18944.0,2.626303
18946.0,2.684362
18948.01,2.736731
18950.0,2.785878
18952.01,2.83019
18954.01,2.870473
18956.0,2.900334
18958.0,2.940618
18960.0,2.9728448
18962.0,3.002654
18964.0,3.028436
18966.01,3.053413
18968.0,3.072749
18970.0,3.09858
18972.01,3.110665
18974.0,3.125973
18976.0,3.142892
18978.0,3.154977
18980.0,3.168674
18982.0,3.179953
18984.01,3.186399
18986.0,3.19929
18988.0,3.207346
18990.01,3.216209
18992.0,3.222655
18994.0,3.233128
18996.0,3.238768
18998.0,3.243602
19000.0,3.248436
19002.0,3.2532708
19004.0,3.258911
19006.0,3.262133
19008.01,3.266967
19010.0,3.27019
19012.0,3.2709952
19014.0,3.275024
19016.01,3.27744
19018.0,3.280663
19020.0,3.28308
19022.0,3.285497
19024.0,3.286303
19026.01,3.287109
19028.0,3.28872
19030.0,3.295165
19032.0,3.266161
19033.992,2.977678
19036.0,2.719005
19038.0,2.483698
19040.01,2.269338
19042.0,2.077537
19044.01,1.8962084
19046.0,1.733412
19048.0,1.5875348
19050.0,1.449764
19051.992,1.324834
19054.0,1.2111832
19056.0,1.110474
19058.01,1.0105196
19060.0,0.9299518
19062.01,0.8534124
19064.01,0.7776286
19066.0,0.7123688
19068.0,0.641469
19070.0,0.5971068
19072.0,0.5487662
19074.0,0.5012316
19076.01,0.4585305
19078.0,0.4166352
19080.0,0.3843578
19082.01,0.3521308
19084.0,0.3231265
19086.0,0.2941222
19088.0,0.2707576
19090.0,0.247393
19092.0,0.2320851
19094.0,0.21113744
19096.0,0.1998077
19098.0,0.1780545
19100.01,0.16032952
19102.0,0.13857636
19104.0,0.139382
19106.0,0.12407414
19108.0,0.11601738
19110.0,0.10715492
19112.0,0.1039322
19114.0,0.0918471
19116.0,0.08540166
19118.01,0.0773449
19120.0,0.07251084
19122.0,0.05156327
19124.0,0.0612314
19125.992,0.05639736
19128.0,0.05478598
19130.0,0.04834056
19132.01,0.0410895
19134.0,0.0475349
19136.01,0.03947813
19138.0,0.02175326
19140.0,0.03383841
19142.0,0.03383841
19143.992,0.03222704
19146.0,0.02819868
19148.0,0.025781632
19150.01,0.02417028
19152.0,0.02417028
19154.01,0.02175326
19156.01,0.22
19158.0,0.4802837
19160.0,0.7252596
19162.0,0.951705
19164.0,1.153174
19166.0,1.345781
19168.01,1.5077724
19170.0,1.6649296
19172.0,1.8043124
19174.01,1.9324644
19176.0,2.050093
19178.0,2.159716
19180.0,2.256397
19182.0,2.345877
19184.0,2.424834
19186.01,2.501422
19188.0,2.566682
19190.0,2.635166
19192.01,2.695641
19194.0,2.741565
19196.0,2.787489
19198.0,2.833413
19200.0,2.87289
19202.0,2.910001
19204.0,2.94384
19206.0,2.975261
19208.0,3.005877
19210.01,3.029242
19212.0,3.052607
19214.0,3.073554
19216.0,3.095357
19218.01,3.112276
19220.0,3.117916
19222.0,3.14531
19224.0,3.157395
19226.0,3.1710908
19228.01,3.179953
19230.0,3.200901
19232.0,3.201707
19234.0,3.211375
19235.992,3.219431
19238.0,3.225877
19240.0,3.235545
19242.01,3.241185
19244.0,3.244408
19246.01,3.258911
19248.01,3.256493
19250.0,3.258911
19252.0,3.26455
19253.992,3.266161
19256.0,3.269384
19258.0,3.269384
19260.01,3.276635
19262.0,3.283885
19264.01,3.280663
19266.01,3.279052
19268.0,3.287109
19270.0,3.284691
19272.0,3.287109
19274.0,3.291137
19276.0,3.291942
19278.01,3.231516
19280.0,2.940618
19282.0,2.692418
19284.01,2.454644
19286.0,2.245923
19288.0,2.052511
19290.0,1.876067
19292.0,1.723744
19294.0,1.5673924
19296.0,1.431989
19298.0,1.311137
19300.0,1.200709
19302.01,1.09436
19304.0,1.0056856
19306.0,0.9130326
19308.0,0.8453554
19310.01,0.7695718
19312.0,0.7035064
19314.0,0.6438864
19316.0,0.5882444
19318.0,0.5415152
19320.01,0.4963972
19322.0,0.4536965
19324.0,0.4166352
19326.0,0.3803295
19327.992,0.3505195
19330.0,0.3215152
19332.0,0.2949278
19334.01,0.2691461
19336.0,0.247393
19338.01,0.2272511
19340.0,0.20630344
19342.0,0.1925566
19344.0,0.18047144
19345.992,0.16032952
19348.0,0.1450217
19350.0,0.1377706
19352.01,0.1248798
19354.0,0.1152117
19356.01,0.10957196
19358.01,0.0982925
19360.0,0.08943008
19362.0,0.08298464
19364.0,0.0773449
19366.0,0.07815058
19368.0,0.06687112
19370.01,0.06606544
19372.0,0.05720302
19374.0,0.05236894
19376.01,0.04511786
19378.0,0.0475349
19380.0,0.04189516
19382.0,0.03786679
19384.0,0.03706112
19386.0,0.03464409
19388.01,0.04270084
19390.0,0.02981002
19392.0,0.03383841
19394.01,0.025781632
19396.0,0.04028382
19398.0,0.0306157
19400.0,0.02255893
19402.0,0.2441703
19404.0,0.5133164
19406.0,0.7550696
19408.0,0.9807094
19410.0,1.1757332
19412.01,1.361089
19414.0,1.524692
19416.0,1.682654
19418.0,1.822037
19419.992,1.947772
19422.0,2.066257
19424.0,2.175023
19426.0,2.2725608
19428.0,2.35474
19430.01,2.437724
19432.0,2.525593
19434.0,2.577962
19436.0,2.642416
19437.992,2.695641
19440.0,2.748816
19442.0,2.795546
19444.01,2.836635
19446.0,2.8809468
19448.01,2.916447
19450.01,2.949479
19452.0,2.979289
19454.0,3.007489
19456.0,3.03327
19458.0,3.055829
19460.0,3.078388
19462.01,3.09858
19464.0,3.116305
19466.01,3.132418
19468.01,3.146921
19470.0,3.165451
19472.0,3.171896
19474.0,3.183175
19476.0,3.193651
19478.0,3.204124
19480.01,3.206541
19482.0,3.220237
19484.0,3.225071
19486.01,3.233934
19488.0,3.238768
19490.0,3.239573
19492.0,3.248436
19494.0,3.256493
19496.0,3.259715
19498.0,3.26455
19500.0,3.263744
19502.0,3.273412
19504.01,3.272606
19506.0,3.27744
19508.0,3.279052
19510.0,3.280663
19512.01,3.285497
19514.0,3.285497
19516.0,3.286303
19518.0,3.287109
19520.0,3.289525
19522.01,3.291137
19524.0,3.193651
19526.0,2.914835
19528.0,2.661753
19529.992,2.433696
19532.0,2.227393
19534.0,2.028341
19536.01,1.859148
19538.0,1.697157
19540.01,1.548862
19542.0,1.417487
19544.0,1.2966352
19546.0,1.1837904
19547.992,1.082275
19550.0,1.0072968
19552.0,0.9065874
19554.01,0.8316592
19556.0,0.7607096
19558.01,0.6962554
19560.01,0.6438864
19562.0,0.5834104
19564.0,0.539904
19566.0,0.484312
19568.0,0.4480566
19570.0,0.4101395
19572.01,0.3827466
19574.0,0.3456854
19576.0,0.3174868
19578.01,0.2828427
19580.0,0.2659236
19582.0,0.23289076
19584.0,0.22241696
19586.0,0.2046418
19588.0,0.1885282
19590.01,0.1748318
19592.0,0.16032952
19594.0,0.13293656
19596.01,0.13535364
19598.0,0.12407414
19600.0,0.11440604
19602.0,0.10554354
19604.0,0.09909816
19606.0,0.08540166
19608.0,0.07895626
19610.0,0.0813733
19612.0,0.07009382
19614.01,0.05720302
19616.0,0.0612314
19618.0,0.05800869
19620.0,0.0475349
19621.992,0.0475349
19624.0,0.05478598
19626.0,0.04511786
19628.01,0.03867246
19630.0,0.023364616
19632.01,0.03303272
19634.0,0.03303272
19636.0,0.024975968
19638.0,0.02739299
19639.992,0.01611352
19642.0,0.024975968
19644.0,0.025781632
19646.01,0.0306157
19648.0,0.277203
19650.01,0.5415152
19652.01,0.7808512
19654.0,0.9984342
19656.0,1.1934584
19658.0,1.3828424
19660.0,1.5480564
19662.0,1.6939336
19664.01,1.838956
19666.0,1.957441
19668.0,2.080759
19670.01,2.185498
19672.0,2.270144
19674.0,2.366825
19676.0,2.449809
19678.0,2.523982
19680.0,2.590853
19682.01,2.64564
19684.0,2.706115
19686.0,2.764123
19688.01,2.8044076
19690.0,2.846303
19692.0,2.890665
19694.0,2.918058
19696.0,2.955925
19698.0,2.984124
19700.0,3.012323
19702.0,3.031659
19704.0,3.059052
19706.01,3.079999
19708.0,3.094551
19710.0,3.117111
19712.0,3.13403
19714.01,3.149338
19716.0,3.162229
19718.0,3.175119
19720.0,3.177536
19722.0,3.195261
19724.01,3.201707
19726.0,3.212986
19728.0,3.221043
19730.0,3.235545
19731.992,3.23474
19734.0,3.239573
19736.0,3.243602
19738.01,3.249242
19740.0,3.252465
19742.01,3.262939
19744.01,3.263744
19746.0,3.273412
19748.0,3.27019
19750.0,3.273412
19752.0,3.278246
19754.0,3.273412
19756.01,3.279857
19758.0,3.278246
19760.01,3.285497
19762.01,3.2718
19764.0,3.28872
19766.0,3.287914
19768.0,3.291137
19770.0,3.157395
19772.0,2.880142
19774.01,2.6295268
19776.0,2.4022748
19778.0,2.195971
19780.01,2.004977
19782.0,1.831705
19784.0,1.6770144
19786.0,1.531943
19788.0,1.40379
19790.0,1.271659
19792.0,1.171705
19794.0,1.0726068
19796.0,0.9815152
19798.01,0.8977244
19800.0,0.8211352
19802.0,0.7518468
19804.0,0.689004
19806.01,0.63019
19808.0,0.5769646
19810.0,0.5286244
19812.0,0.4875347
19814.0,0.4440283
19816.01,0.4061112
19818.0,0.3400456
19820.0,0.3384343
19822.0,0.3110413
19823.992,0.2860654
19826.0,0.2635064
19828.0,0.2457816
19830.01,0.21838864
19832.0,0.2030304
19834.01,0.1869169
19836.0,0.171609
19838.0,0.15710684
19840.0,0.1458274
19841.992,0.1321309
19844.0,0.1224628
19846.0,0.11360036
19848.01,0.1015152
19850.0,0.0950698
19852.01,0.08701304
19854.01,0.08620734
19856.0,0.07492788
19858.0,0.06848246
19860.0,0.06284276
19862.0,0.0604257
19864.0,0.05559165
19866.01,0.0475349
19868.0,0.0475349
19870.0,0.04511786
19872.01,0.04189516
19874.0,0.03867246
19876.0,0.03786679
19878.0,0.03383841
19880.0,0.03222704
19882.0,0.02094758
19884.01,0.024975968
19886.0,0.02739299
19888.0,0.024975968
19890.01,0.02255893
19892.0,0.016919208
19894.0,0.3110413
19896.0,0.5745476
19898.0,0.8082444
19900.0,1.024216
19902.0,1.2200456
19904.0,1.4029844
19906.0,1.565781
19908.01,1.721327
19910.0,1.8526524
19912.0,1.971137
19914.0,2.090427
19915.992,2.190332
19918.0,2.293508
19920.0,2.375688
19922.01,2.458672
19924.0,2.526399
19926.01,2.594076
19928.0,2.654501
19930.0,2.709338
19932.0,2.760901
19933.992,2.808436
19936.0,2.8511376
19938.0,2.885781
19940.01,2.923698
19942.0,2.954314
19944.01,2.979289
19946.01,3.014739
19948.0,3.03891
19950.0,3.06308
19952.0,3.081611
19954.0,3.091278
19956.0,3.115499
19958.01,3.130001
19960.0,3.150144
19962.01,3.161423
19964.01,3.172702
19966.0,3.182371
19968.0,3.195261
19970.0,3.217821
19972.0,3.2121808
19974.0,3.217821
19976.01,3.2291
19978.0,3.233934
19980.0,3.243602
19982.01,3.24602
19984.0,3.246826
19986.0,3.257299
19988.0,3.259715
19990.0,3.261327
19992.0,3.269384
19994.0,3.2709952
19996.0,3.2718
19998.0,3.275829
20000.01,3.279857
20002.0,3.279857
20004.0,3.28308
20006.0,3.286303
20008.01,3.287914
20010.0,3.28872
20012.0,3.291942
20014.0,3.290331
20016.0,3.121139
20018.01,2.84872
20020.0,2.601327
20022.0,2.377299
20024.0,2.173413
20025.992,1.983222
20028.0,1.8067296
20030.0,1.6721804
20032.01,1.5158292
20034.0,1.3876764
20036.01,1.2644084
20038.0,1.161231
20040.0,1.0637444
20042.0,0.971041
20043.992,0.8880566
20046.0,0.8009934
20048.0,0.74379
20050.01,0.6817532
20052.0,0.62455
20054.01,0.5713252
20056.01,0.536681
20058.0,0.4802837
20060.0,0.4287204
20062.0,0.4061112
20064.0,0.3690501
20066.0,0.33924
20068.01,0.311847
20070.0,0.2812313
20072.0,0.2627007
20074.01,0.23772484
20076.0,0.21838864
20078.0,0.201419
20080.0,0.1844998
20082.0,0.17080332
20084.0,0.15630116
20086.01,0.15227284
20088.0,0.13293656
20090.0,0.12326848
20092.01,0.11440604
20094.0,0.1039322
20096.0,0.0950698
20098.0,0.0910414
20100.0,0.07976194
20102.0,0.07412224
20104.0,0.07009382
20106.0,0.0644541
20108.0,0.06848246
20110.01,0.0507576
20112.0,0.0507576
20114.0,0.04995193
20116.0,0.04270084
20117.992,0.04028382
20120.0,0.03786679
20122.0,0.03544975
20124.01,0.03303272
20126.0,0.029004348
20128.01,0.029004348
20130.0,0.02739299
20132.0,0.025781632
20134.0,0.024975968
20135.992,0.02255893
20138.0,0.06284276
20140.0,0.3424627
20142.01,0.6027464
20144.0,0.8219408
20146.01,1.0484364
20148.01,1.2450716
20150.0,1.4247376
20152.0,1.585923
20154.0,1.7366344
20156.0,1.867205
20158.0,1.994502
20160.01,2.104929
20162.0,2.205639
20164.01,2.30237
20166.01,2.391801
20168.0,2.46834
20170.0,2.540902
20172.0,2.615023
20174.0,2.66417
20176.0,2.7182
20178.01,2.769763
20180.0,2.814882
20182.0,2.856777
20184.01,2.8955
20186.0,2.929337
20188.0,2.96237
20190.0,2.987347
20192.0,3.018768
20194.0,3.039716
20196.0,3.066303
20198.0,3.0848332
20200.0,3.105026
20202.01,3.119527
20204.0,3.138058
20206.0,3.149338
20208.0,3.16384
20210.01,3.175119
20212.0,3.186399
20214.0,3.196067
20216.0,3.204124
20218.0,3.212986
20220.01,3.217821
20222.0,3.2299052
20224.0,3.235545
20226.0,3.242797
20227.992,3.2476308
20230.0,3.252465
20232.0,3.2532708
20234.01,3.256493
20236.0,3.263744
20238.01,3.267772
20240.01,3.276635
20242.0,3.272606
20244.0,3.279052
20246.0,3.278246
20248.0,3.276635
20250.0,3.279052
20252.01,3.281469
20254.0,3.28872
20256.01,3.28872
20258.01,3.291137
20260.0,3.279857
20262.0,3.088862
20264.0,2.817298
20266.0,2.575546
20268.0,2.350711
20270.01,2.146824
20272.0,1.9630808
20274.0,1.7946436
20276.01,1.640709
20278.0,1.499716
20280.0,1.3707572
20282.0,1.252323
20284.0,1.14834
20286.0,1.042797
20288.01,0.9605674
20290.0,0.8783884
20292.0,0.8034102
20294.01,0.7341222
20296.0,0.6785304
20298.0,0.619716
20300.0,0.5648798
20302.01,0.5149276
20304.0,0.4730325
20306.0,0.4343601
20308.0,0.4036941
20310.0,0.3617989
20312.01,0.3400456
20314.0,0.304596
20316.0,0.2804257
20318.0,0.269952
20319.992,0.2353078
20322.0,0.21597156
20324.0,0.201419
20326.01,0.1828885
20328.0,0.17080332
20330.01,0.1554955
20332.0,0.12568552
20334.0,0.13535364
20336.0,0.12165708
20337.992,0.1111833
20340.0,0.10312654
20342.0,0.0942641
20344.01,0.09668114
20346.0,0.07895626
20348.01,0.07251084
20350.01,0.06848246
20352.0,0.06203707
20354.0,0.04592355
20356.0,0.05478598
20358.0,0.04995193
20360.0,0.04995193
20362.01,0.0443122
20364.0,0.04189516
20366.0,0.03786679
20368.01,0.03464409
20370.0,0.02981002
20372.0,0.024975968
20374.0,0.029004348
20376.0,0.02658732
20378.0,0.02658732
20380.01,0.02255893
20382.0,0.02255893
20384.0,0.0942641
20386.01,0.3803295
20388.0,0.6318012
20390.0,0.8679146
20392.0,1.075829
20394.0,1.270048
20396.0,1.44493
20398.0,1.6020368
20400.0,1.747109
20402.0,1.8825124
20404.01,2.008199
20406.0,2.121044
20408.0,2.22417
20410.0,2.312038
20412.01,2.399052
20414.0,2.473979
20416.0,2.545735
20418.01,2.610995
20420.0,2.66981
20422.01,2.725451
20424.0,2.773792
20426.0,2.81891
20428.0,2.856777
20429.992,2.89711
20432.0,2.928532
20434.0,2.959954
20436.01,2.995404
20438.0,3.019574
20440.01,3.046161
20442.01,3.066303
20444.0,3.08725
20446.0,3.105026
20448.0,3.121945
20450.0,3.138058
20452.0,3.150144
20454.01,3.16384
20456.0,3.171896
20458.01,3.185593
20460.01,3.198485
20462.0,3.207346
20464.0,3.215403
20466.0,3.221043
20468.0,3.2299052
20470.0,3.233128
20472.01,3.242797
20474.0,3.248436
20476.0,3.2532708
20478.01,3.256493
20480.0,3.261327
20482.0,3.26455
20484.0,3.266967
20486.0,3.2718
20488.0,3.275024
20490.0,3.275829
20492.0,3.28308
20494.0,3.281469
20496.01,3.283885
20498.0,3.285497
20500.0,3.287914
20502.0,3.28872
20504.01,3.290331
20506.0,3.292748
20508.0,3.055829
20510.0,2.791518
20512.0,2.547346
20514.01,2.328152
20516.0,2.1274884
20518.0,1.943744
20520.0,1.7769184
20521.992,1.6237904
20524.0,1.484408
20526.0,1.358672
20528.01,1.2434604
20530.0,1.1475344
20532.01,1.0387684
20534.01,0.9476762
20536.0,0.866303
20538.0,0.793742
20539.992,0.7196198
20542.0,0.6680566
20544.0,0.611609
20546.01,0.5600458
20548.0,0.5133164
20550.01,0.4698098
20552.01,0.4335544
20554.0,0.3916089
20556.0,0.3763011
20558.0,0.3303776
20560.0,0.3029846
20562.0,0.2691461
20564.01,0.2546441
20566.0,0.2345021
20568.0,0.21758284
20570.01,0.19416792
20572.0,0.1877226
20574.0,0.1675806
20576.0,0.15066144
20578.0,0.139382
20580.0,0.1264912
20582.01,0.12326848
20584.0,0.11037764
20586.0,0.0982925
20588.01,0.09265276
20590.0,0.08701304
20592.0,0.07895626
20594.0,0.06687112
20596.01,0.06767682
20598.0,0.06203707
20600.0,0.06606544
20602.0,0.05236894
20604.0,0.05156327
20606.01,0.04672923
20608.0,0.04189516
20610.0,0.03947813
20612.0,0.03786679
20613.992,0.03544975
20616.0,0.029004348
20618.0,0.0306157
20620.01,0.02739299
20622.0,0.025781632
20624.01,0.024975968
20626.0,0.02094758
20628.0,0.02094758
20630.0,0.13374224
20631.992,0.4077225
20634.0,0.6632226
20636.0,0.8928906
20638.01,1.1088624
20640.0,1.2909952
20642.01,1.46346
20644.01,1.6213732
20646.0,1.772085
20648.0,1.9107116
20650.0,2.02109
20652.0,2.132323
20654.0,2.233838
20656.01,2.318485
20658.0,2.408719
20660.01,2.484504
20662.01,2.5529868
20664.0,2.619051
20666.0,2.680283
20668.0,2.730286
20670.0,2.781043
20672.0,2.825355
20674.01,2.864833
20676.0,2.901139
20678.0,2.9373948
20680.01,2.968816
20682.0,2.99782
20684.0,3.022796
20686.0,3.04455
20688.0,3.067914
20690.0,3.089668
20692.0,3.108248
20694.0,3.127584
20696.0,3.142087
20698.01,3.153366
20700.0,3.162229
20702.0,3.178342
20704.0,3.196067
20706.01,3.197679
20708.0,3.208152
20710.0,3.217015
20712.01,3.22346
20714.0,3.2299052
20716.01,3.235545
20718.0,3.243602
20720.0,3.239573
20722.0,3.251659
20723.992,3.258911
20726.0,3.265355
20728.0,3.263744
20730.01,3.27019
20732.0,3.273412
20734.01,3.279857
20736.01,3.27744
20738.0,3.279857
20740.0,3.285497
20742.0,3.283885
20744.0,3.283885
20746.0,3.289525
20748.01,3.290331
20750.0,3.295165
20752.01,3.297582
20754.01,3.021185
20756.0,2.749622
20758.0,2.523177
20760.0,2.301565
20762.0,2.102512
20764.0,1.9203792
20766.01,1.76
20768.0,1.606065
20770.0,1.467489
20772.01,1.3433644
20774.0,1.2272964
20776.0,1.121753
20778.0,1.0274384
20780.0,0.9372028
20782.0,0.8566352
20784.01,0.7881024
20786.0,0.7155916
20788.0,0.6616112
20790.01,0.6051636
20792.0,0.554406
20794.0,0.5076766
20796.0,0.4681985
20798.01,0.4295261
20800.0,0.3851636
20802.0,0.3626047
20804.0,0.331989
20806.0,0.2997619
20808.01,0.2812313
20810.0,0.2506158
20812.0,0.2288624
20814.0,0.2095261
20815.992,0.1957793
20818.0,0.1836942
20820.0,0.1659693
20822.01,0.1627466
20824.0,0.139382
20826.01,0.1281025
20828.0,0.1192401
20830.0,0.11037764
20832.0,0.08620734
20833.992,0.09265276
20836.0,0.084596
20838.0,0.07976194
20840.01,0.07573358
20842.0,0.06606544
20844.01,0.06525976
20846.01,0.06687112
20848.0,0.05156327
20850.0,0.0507576
20852.0,0.04511786
20854.0,0.04350652
20856.0,0.04270084
20858.01,0.03947813
20860.0,0.04028382
20862.0,0.03222704
20864.01,0.04592355
20866.0,0.02739299
20868.0,0.02658732
20870.0,0.025781632
20872.0,0.02094758
20874.0,0.012890816
20876.01,0.17080332
20878.0,0.4416113
20880.0,0.6930324
20882.01,0.9154496
20884.0,1.1136964
20886.0,1.311137
20888.0,1.484408
20890.0,1.640709
20892.0,1.785781
20894.0,1.9155456
20896.0,2.026729
20898.0,2.144408
20900.01,2.242701
20902.0,2.333792
20904.0,2.417583
20906.0,2.492561
20908.01,2.562654
20910.0,2.624692
20912.0,2.673838
20914.01,2.735119
20916.0,2.777014
20918.01,2.833413
20920.0,2.871279
20922.0,2.910807
20924.0,2.940618
20925.992,2.968816
20928.0,3.000238
20930.0,3.026824
20932.01,3.047773
20934.0,3.071943
20936.01,3.082416
20938.01,3.108248
20940.0,3.125973
20942.0,3.1412816
20944.0,3.154977
20946.0,3.166257
20948.0,3.180759
20950.01,3.191233
20952.0,3.193651
20954.01,3.208958
20956.01,3.215403
20958.0,3.222655
20960.0,3.233128
20962.0,3.238768
20964.0,3.243602
20966.0,3.248436
20968.01,3.2532708
20970.0,3.262939
20972.0,3.262939
20974.01,3.262133
20976.0,3.273412
20978.0,3.272606
20980.0,3.2718
20982.0,3.275024
20984.0,3.2718
20986.0,3.282275
20988.0,3.284691
20990.0,3.295165
20992.01,3.287914
20994.0,3.290331
20996.0,3.296776
20998.0,3.272606
21000.01,2.985735
21002.0,2.726257
21004.0,2.490143
21006.0,2.274978
21008.0,2.080759
21010.01,1.8994316
21012.0,1.7414684
21014.0,1.5875348
21016.0,1.451375
21017.992,1.3272508
21020.0,1.2136004
21022.0,1.109668
21024.01,1.016965
21026.0,0.9291462
21028.01,0.8405214
21030.01,0.7881024
21032.0,0.7123688
21034.0,0.649526
21036.0,0.593884
21038.0,0.5503774
21040.0,0.5012316
21042.01,0.4601418
21044.0,0.4214692
21046.01,0.3746899
21048.01,0.3545479
21050.0,0.3239322
21052.0,0.3005676
21054.0,0.2715632
21056.0,0.247393
21058.0,0.2288624
21060.01,0.21033176
21062.0,0.1925566
21064.0,0.17886016
21066.01,0.1611353
21068.0,0.15227284
21070.0,0.14018764
21072.0,0.1224628
21074.0,0.1272968
21076.0,0.10876628
21078.01,0.08620734
21080.0,0.09265276
21082.0,0.07976194
21084.01,0.08540166
21086.0,0.07251084
21088.0,0.06767682
21090.0,0.06203707
21092.01,0.05478598
21094.0,0.05156327
21096.0,0.05720302
21098.0,0.0443122
21100.0,0.04028382
21102.01,0.03947813
21104.0,0.05478598
21106.0,0.03464409
21108.0,0.03142138
21110.01,0.03142138
21112.0,0.029004348
21114.0,0.025781632
21116.01,0.023364616
21118.0,0.02417028
21120.01,0.02819868
21122.0,0.2022247
21124.0,0.4722268
21126.0,0.7051178
21127.992,0.941231
21130.0,1.1459232
21132.0,1.332085
21134.01,1.502133
21136.0,1.6528448
21138.01,1.8059236
21140.01,1.929242
21142.0,2.047676
21144.0,2.154881
21146.0,2.247534
21148.0,2.348294
21150.0,2.4256392
21152.01,2.502228
21154.0,2.5691
21156.01,2.64
21158.01,2.690002
21160.0,2.742371
21162.0,2.7891
21164.0,2.835024
21166.0,2.873696
21168.0,2.906779
21170.01,2.944646
21172.0,2.974455
21174.0,3.011517
21176.01,3.030047
21178.0,3.053413
21180.0,3.074359
21182.0,3.093696
21184.0,3.10986
21186.0,3.12839
21188.0,3.1412816
21190.0,3.155783
21192.0,3.16948
21194.01,3.180759
21196.0,3.191233
21198.0,3.196873
21200.0,3.212986
21202.01,3.220237
21204.0,3.2291
21206.0,3.233128
21208.01,3.239573
21210.0,3.243602
21212.01,3.249242
21214.0,3.2532708
21216.0,3.256493
21218.0,3.263744
21219.992,3.266967
21222.0,3.276635
21224.0,3.272606
21226.01,3.275024
21228.0,3.278246
21230.01,3.283885
21232.01,3.28308
21234.0,3.28872
21236.0,3.287109
21238.0,3.290331
21240.0,3.289525
21242.0,3.289525
21244.01,3.23635
21246.0,2.954314
21248.01,2.686778
21250.01,2.464312
21252.0,2.252368
21254.0,2.055733
21256.0,1.880095
21258.0,1.716493
21260.0,1.5706156
21262.01,1.4376284
21264.0,1.312749
21266.0,1.203126
21268.01,1.0983884
21270.0,1.0105196
21272.0,0.919478
21274.0,0.8421326
21276.0,0.7695718
21278.0,0.7059234
21280.01,0.6479148
21282.0,0.5954956
21284.0,0.5382922
21286.01,0.5125108
21288.0,0.4553079
21290.0,0.4190522
21292.0,0.3843578
21294.01,0.3497138
21296.0,0.3239322
21298.0,0.2949278
21300.0,0.2691461
21302.0,0.2538384
21304.01,0.22805676
21306.0,0.2071091
21308.0,0.20630344
21310.0,0.1756374
21311.992,0.1579125
21314.0,0.15307848
21316.0,0.13696492
21318.01,0.13535364
21320.0,0.11601738
21322.01,0.10876628
21324.01,0.10312654
21326.0,0.08620734
21328.0,0.09265276
21329.992,0.07170516
21332.0,0.07170516
21334.0,0.05559165
21336.01,0.0612314
21338.0,0.05720302
21340.01,0.05317464
21342.01,0.04672923
21344.0,0.03947813
21346.0,0.04270084
21348.0,0.04270084
21350.0,0.03706112
21352.0,0.03625542
21354.01,0.03464409
21356.0,0.03383841
21358.01,0.029004348
21360.01,0.02658732
21362.0,0.02417028
21364.0,0.02417028
21366.0,0.024975968
21368.0,0.2345021
21370.0,0.5004256
21372.01,0.7478186
21374.0,0.968624
21376.0,1.173316
21378.01,1.3554492
21380.0,1.5230804
21382.0,1.681043
21384.0,1.8180084
21386.01,1.9300476
21388.0,2.072703
21390.0,2.169384
21392.0,2.261231
21394.0,2.353934
21396.01,2.434502
21398.0,2.515925
21400.0,2.577157
21402.0,2.640806
21404.01,2.697253
21406.0,2.7512324
21408.0,2.799574
21410.01,2.839858
21412.0,2.873696
21414.01,2.916447
21416.0,2.949479
21418.0,2.980095
21420.0,3.007489
21421.992,3.03327
21424.0,3.054218
21426.0,3.075165
21428.01,3.090474
21430.0,3.113888
21432.01,3.120333
21434.01,3.147726
21436.0,3.159811
21438.0,3.1710908
21440.0,3.181565
21442.0,3.192039
21444.0,3.200096
21446.01,3.211375
21448.0,3.219431
21450.01,3.227488
21452.01,3.232322
21454.0,3.23635
21456.0,3.244408
21458.0,3.251659
21460.0,3.254882
21462.0,3.260521
21464.01,3.263744
21466.0,3.266967
21468.0,3.269384
21470.01,3.2709952
21472.0,3.275024
21474.0,3.2718
21476.0,3.281469
21478.0,3.283885
21480.0,3.284691
21482.01,3.286303
21484.0,3.287914
21486.0,3.291137
21488.01,3.291137
21490.0,3.19929
21492.0,2.922086
21494.0,2.669004
21496.01,2.434502
21498.0,2.226588
21500.0,2.034786
21502.0,1.8607592
21504.0,1.7011852
21506.01,1.553696
21508.0,1.4239324
21510.0,1.301469
21512.0,1.188624
21513.992,1.0879148
21516.0,0.9944058
21518.0,0.9114214
21520.01,0.834076
21522.0,0.7623208
21524.01,0.6970612
21526.01,0.6382466
21528.0,0.5850216
21530.0,0.5503774
21532.0,0.4907576
21534.0,0.4496682
21536.0,0.4206635
21538.01,0.3779124
21540.0,0.3336003
21542.01,0.3174868
21544.01,0.2900938
21546.0,0.2659236
21548.0,0.2457816
21550.0,0.2256398
21552.0,0.20630344
21554.0,0.1901396
21556.01,0.169192
21558.0,0.16032952
21560.0,0.1474387
21562.01,0.14824448
21564.0,0.12326848
21566.0,0.1152117
21568.0,0.1111833
21570.0,0.0950698
21572.0,0.07573358
21574.01,0.07815058
21576.0,0.07170516
21578.0,0.0708995
21580.01,0.06525976
21582.0,0.0644541
21584.0,0.05639736
21586.0,0.05236894
21588.01,0.04834056
21590.0,0.04592355
21592.0,0.04270084
21594.0,0.02819868
21596.0,0.03464409
21598.01,0.03383841
21600.0,0.03303272
21602.0,0.029004348
21604.0,0.029004348
21606.01,0.02981002
21608.0,0.02014191
21610.0,0.02819868
21612.01,0.02175326
21614.0,0.2675348
21616.01,0.5374866
21618.0,0.7776286
21620.0,1.0064916
21622.0,1.194264
21623.992,1.3747856
21626.0,1.5399996
21628.0,1.694739
21630.01,1.835733
21632.0,1.9614692
21634.01,2.079148
21636.01,2.176635
21638.0,2.274978
21640.0,2.358768
21642.0,2.444975
21644.0,2.525593
21646.0,2.5884368
21648.01,2.648056
21650.0,2.704503
21652.01,2.75365
21654.01,2.801991
21656.0,2.844692
21658.0,2.885781
21660.0,2.920475
21662.0,2.948675
21664.0,2.982512
21666.01,3.010711
21668.0,3.034075
21670.0,3.058246
21672.01,3.090474
21674.0,3.099386
21676.0,3.117111
21678.0,3.130001
21680.0,3.146921
21682.0,3.160617
21684.0,3.175119
21686.0,3.181565
21688.0,3.194456
21690.01,3.20493
21692.0,3.2121808
21694.0,3.218626
21696.0,3.226683
21698.01,3.227488
21700.0,3.237962
21702.0,3.242797
21704.01,3.251659
21706.0,3.255687
21708.01,3.258105
21710.0,3.263744
21712.0,3.26455
21714.0,3.27019
21715.992,3.274218
21718.0,3.27744
21720.0,3.276635
21722.01,3.281469
21724.0,3.283885
21726.01,3.283885
21728.01,3.287109
21730.0,3.290331
21732.0,3.291137
21734.0,3.29436
21736.0,3.1710908
21738.0,2.886587
21740.01,2.640806
21742.0,2.411943
21744.01,2.195165
21746.01,2.013033
21748.0,1.8405672
21750.0,1.68346
21752.0,1.5375824
21754.0,1.4054016
21756.0,1.286967
21758.01,1.173316
21760.0,1.081469
21762.0,0.9879604
21764.01,0.90981
21766.0,0.8252138
21768.0,0.7518468
21770.0,0.6922268
21772.0,0.6326068
21774.0,0.5801876
21776.01,0.5310412
21778.0,0.4859233
21780.0,0.4464453
21782.01,0.4012771
21784.0,0.3738841
21786.0,0.3352117
21788.0,0.3150697
21790.01,0.286871
21792.0,0.2659236
21794.0,0.2417532
21796.0,0.2216113
21798.0,0.20630344
21800.01,0.1877226
21802.0,0.1756374
21804.0,0.1587182
21806.0,0.1458274
21807.992,0.13615924
21810.0,0.1272968
21812.0,0.11440604
21814.01,0.10554354
21816.0,0.09587548
21818.01,0.09265276
21820.01,0.0813733
21822.0,0.06284276
21824.0,0.07412224
21825.992,0.06525976
21828.0,0.05800869
21830.0,0.05478598
21832.01,0.0539803
21834.0,0.04834056
21836.01,0.0443122
21838.01,0.0410895
21840.0,0.03947813
21842.0,0.03706112
21844.0,0.02014191
21846.0,0.0306157
21848.0,0.02819868
21850.01,0.02658732
21852.0,0.02658732
21854.01,0.02739299
21856.01,0.025781632
21858.0,0.01611352
21860.0,0.307013
21862.0,0.568908
21864.0,0.7969648
21866.0,1.0185764
21868.01,1.216823
21870.0,1.408624
21872.0,1.5617524
21874.01,1.7172988
21876.0,1.851847
21878.0,1.9727484
21880.0,2.094455
21882.01,2.195165
21884.0,2.290285
21886.0,2.372465
21888.0,2.453032
21890.0,2.530427
21892.01,2.595687
21894.0,2.656919
21896.0,2.708532
21898.0,2.760095
21900.01,2.808436
21902.0,2.8511376
21904.0,2.889054
21906.01,2.924504
21908.0,2.958342
21910.01,2.988153
21912.0,3.005877
21914.0,3.0372992
21916.0,3.062274
21917.992,3.082416
21920.0,3.099386
21922.0,3.12839
21924.01,3.130806
21926.0,3.148532
21928.01,3.1590052
21930.01,3.171896
21932.0,3.183175
21934.0,3.194456
21936.0,3.201707
21938.0,3.2121808
21940.0,3.219431
21942.01,3.220237
21944.0,3.233934
21946.01,3.241185
21948.01,3.244408
21950.0,3.249242
21952.0,3.250048
21954.0,3.261327
21956.0,3.26455
21958.0,3.266161
21960.01,3.2709952
21962.0,3.273412
21964.0,3.276635
21966.01,3.279857
21968.0,3.280663
21970.0,3.27744
21972.0,3.286303
21974.0,3.289525
21976.0,3.289525
21978.01,3.28872
21980.0,3.295971
21982.0,3.127584
21984.01,2.85436
21986.0,2.606966
21988.0,2.383745
21990.0,2.177441
21992.01,1.9888616
21994.0,1.811563
21996.0,1.661707
21998.01,1.518247
22000.0,1.389288
22002.01,1.270853
22004.0,1.1604252
22006.0,1.062133
22008.0,0.9734582
22009.992,0.8904734
22012.0,0.813884
22014.0,0.74379
22016.01,0.6817532
22018.0,0.62455
22020.01,0.5729364
22022.01,0.5245958
22024.0,0.4786724
22026.0,0.4391942
22028.0,0.4142182
22030.0,0.3634103
22032.0,0.3424627
22034.01,0.304596
22036.0,0.2836484
22038.01,0.2643122
22040.01,0.24255884
22042.0,0.22080568
22044.0,0.2022247
22046.0,0.1756374
22048.0,0.17080332
22050.0,0.15710684
22052.01,0.15066144
22054.0,0.13293656
22056.0,0.1192401
22058.01,0.11360036
22060.0,0.10312654
22062.0,0.0950698
22064.0,0.08620734
22066.0,0.08298464
22068.0,0.07251084
22070.01,0.06928818
22072.0,0.0644541
22074.0,0.05720302
22076.01,0.05156327
22078.0,0.0507576
22080.0,0.04672923
22082.0,0.04189516
22084.01,0.04189516
22086.0,0.03867246
22088.0,0.03544975
22090.0,0.03303272
22092.0,0.02739299
22094.01,0.0306157
22096.0,0.02981002
22098.0,0.025781632
22100.0,0.023364616
22102.01,0.02175326
22104.0,0.04995193
22106.0,0.3384343
22108.01,0.5866328
22110.0,0.8252138
22112.01,1.0387684
22114.0,1.2458776
22116.0,1.419098
22118.0,1.581089
22119.992,1.730995
22122.0,1.8768728
22124.0,1.9969184
22126.01,2.104123
22128.0,2.208862
22130.01,2.299953
22132.01,2.396634
22134.0,2.463506
22136.0,2.536873
22138.0,2.602132
22140.0,2.660141
22142.0,2.719005
22144.01,2.766541
22146.0,2.811659
22148.01,2.85436
22150.01,2.893082
22152.0,2.924504
22154.0,2.959148
22156.0,2.988153
22158.0,3.016351
22160.0,3.039716
22162.01,3.060664
22164.0,3.0848332
22166.0,3.100191
22168.01,3.118721
22170.0,3.13403
22172.0,3.150949
22174.0,3.165451
22176.0,3.1767308
22178.0,3.184787
22180.01,3.198485
22182.0,3.20493
22184.0,3.213792
22186.01,3.222655
22188.0,3.2291
22190.0,3.237156
22192.0,3.241185
22194.01,3.242797
22196.0,3.250854
22198.0,3.256493
22200.01,3.262133
22202.0,3.26455
22204.01,3.27019
22206.0,3.2709952
22208.0,3.273412
22210.0,3.276635
22211.992,3.279052
22214.0,3.282275
22216.0,3.286303
22218.01,3.28308
22220.0,3.287914
22222.01,3.287109
22224.01,3.287109
22226.0,3.292748
22228.0,3.096163
22230.0,2.824549
22232.0,2.581186
22234.0,2.353128
22236.01,2.154881
22238.0,1.9679148
22240.01,1.800284
22242.01,1.643932
22244.0,1.5061616
22246.0,1.376397
22248.0,1.2555452
22250.0,1.151563
22252.0,1.0508532
22254.01,0.9654016
22256.0,0.8808056
22258.0,0.8058272
22260.01,0.7308992
22262.0,0.6704736
22264.0,0.6189104
22266.0,0.5640742
22268.0,0.518956
22270.0,0.4746439
22272.01,0.4319431
22274.0,0.3988602
22276.0,0.3642159
22278.01,0.3352117
22280.0,0.3078187
22282.0,0.2973448
22284.0,0.257061
22286.01,0.2288624
22288.0,0.21838864
22290.0,0.199002
22292.0,0.1828885
22294.0,0.169192
22296.01,0.15630116
22298.0,0.1458274
22300.0,0.1313252
22302.0,0.1224628
22304.01,0.11037764
22306.0,0.1015152
22308.0,0.1015152
22310.01,0.09023572
22312.0,0.07976194
22314.01,0.07492788
22316.01,0.06848246
22318.0,0.0604257
22320.0,0.05720302
22322.0,0.06525976
22324.0,0.05236894
22326.0,0.0475349
22328.01,0.04028382
22330.0,0.0410895
22332.01,0.04914626
22334.01,0.03947813
22336.0,0.03383841
22338.0,0.02819868
22340.0,0.02739299
22342.0,0.024975968
22344.0,0.03464409
22346.01,0.023364616
22348.0,0.02255893
22350.01,0.08298464
22352.01,0.3730785
22354.0,0.6180542
22356.0,0.8590522
22358.0,1.074218
22360.0,1.2660196
22362.0,1.4408516
22364.01,1.59962
22366.0,1.7390516
22368.0,1.880095
22370.01,2.005782
22372.0,2.114598
22374.0,2.217725
22376.0,2.311233
22378.01,2.39583
22380.0,2.471563
22382.0,2.54493
22384.0,2.610995
22386.0,2.67142
22388.01,2.730286
22390.0,2.77218
22392.0,2.810853
22394.0,2.855972
22396.01,2.897916
22398.0,2.941423
22400.0,2.964788
22402.01,2.993792
22404.0,3.017157
22406.01,3.042939
22408.0,3.071943
22410.0,3.086444
22412.0,3.096163
22413.992,3.121945
22416.0,3.138863
22418.0,3.151755
22420.01,3.167062
22422.0,3.180759
22424.01,3.18801
22426.01,3.201707
22428.0,3.206541
22430.0,3.216209
22432.0,3.222655
22434.0,3.233128
22436.0,3.235545
22438.01,3.241185
22440.0,3.250048
22442.01,3.2532708
22444.01,3.243602
22446.0,3.258911
22448.0,3.265355
22450.0,3.268578
22452.0,3.273412
22454.0,3.281469
22456.01,3.276635
22458.0,3.282275
22460.0,3.284691
22462.01,3.287109
22464.0,3.287914
22466.0,3.292748
22468.0,3.28872
22470.0,3.293554
22472.0,3.292748
22474.01,3.062274
22476.0,2.795546
22478.0,2.552181
22480.01,2.332986
22482.0,2.131517
22484.0,1.9445492
22486.0,1.780947
22488.01,1.624596
22490.0,1.489242
22492.0,1.361089
22494.01,1.2450716
22496.0,1.157203
22498.01,1.041991
22500.0,0.9533166
22502.0,0.8703314
22504.0,0.7985762
22505.992,0.7308992
22508.0,0.6688622
22510.0,0.611609
22512.01,0.5624626
22514.0,0.5125108
22516.01,0.4706156
22518.01,0.4311374
22520.0,0.394026
22522.0,0.3609933
22524.0,0.331989
22526.0,0.3029846
22528.0,0.2763974
22530.01,0.2618951
22532.0,0.2393362
22534.01,0.21194324
22536.01,0.19416792
22538.0,0.1812771
22540.0,0.1748318
22542.0,0.1554955
22544.0,0.141799
22546.0,0.141799
22548.01,0.1192401
22550.0,0.11037764
22552.01,0.1039322
22554.01,0.0918471
22556.0,0.08701304
22558.0,0.07976194
22560.0,0.07251084
22562.0,0.0708995
22564.0,0.06284276
22566.01,0.05800869
22568.0,0.05156327
22570.0,0.04672923
22572.01,0.04914626
22574.0,0.03867246
22576.0,0.03947813
22578.0,0.03625542
22580.01,0.03544975
22582.0,0.03383841
22584.0,0.02658732
22586.0,0.02981002
22588.0,0.02739299
22590.01,0.024975968
22592.0,0.024975968
22594.0,0.00805676
22596.0,0.1248798
22598.01,0.3956373
22600.0,0.6551658
22602.0,0.884834
22604.01,1.079858
22606.0,1.2853552
22608.01,1.4537924
22610.01,1.6213732
22612.0,1.7632224
22614.0,1.888152
22615.992,2.017062
22618.0,2.128294
22620.0,2.233838
22622.01,2.320901
22624.0,2.411943
22626.01,2.484504
22628.01,2.548958
22630.0,2.610995
22632.0,2.672226
22634.0,2.72948
22636.0,2.776208
22638.0,2.822132
22640.01,2.86
22642.0,2.898722
22644.01,2.935784
22646.01,2.96801
22648.0,2.99782
22650.0,3.023602
22652.0,3.046161
22654.0,3.066303
22656.0,3.088862
22658.01,3.106636
22660.0,3.123556
22662.0,3.13967
22664.01,3.154172
22666.0,3.164646
22668.0,3.178342
22670.0,3.186399
22672.01,3.206541
22674.0,3.208958
22676.01,3.217015
22678.0,3.225877
22680.0,3.231516
22682.01,3.237156
22684.0,3.238768
22686.0,3.24602
22688.0,3.2532708
22690.01,3.258105
22692.0,3.263744
22694.0,3.276635
22696.01,3.269384
22698.0,3.279052
22700.01,3.2718
22702.0,3.276635
22704.0,3.278246
22706.0,3.283885
22707.992,3.285497
22710.0,3.287109
22712.0,3.287109
22714.01,3.28872
22716.0,3.292748
22718.01,3.293554
22720.01,3.039716
22722.0,2.763317
22724.0,2.524788
22726.0,2.307205
22728.0,2.10654
22730.0,1.9252136
22732.01,1.762417
22734.0,1.6100932
22736.01,1.4707116
22738.01,1.346587
22740.0,1.241849
22742.0,1.1209476
22744.0,1.0306612
22746.0,0.9428424
22748.0,0.8622748
22750.01,0.788908
22752.0,0.7027006
22754.0,0.6616112
22756.01,0.609192
22758.0,0.554406
22760.0,0.5076766
22762.0,0.4649759
22764.0,0.427109
22766.0,0.386775
22768.01,0.3553536
22770.0,0.329572
22772.0,0.3005676
22774.01,0.2747859
22776.0,0.2530327
22778.0,0.2320851
22780.0,0.2151659
22782.01,0.1949736
22784.0,0.17886016
22786.0,0.16677496
22788.0,0.15227284
22790.0,0.14824448
22792.01,0.13374224
22794.0,0.11843436
22796.0,0.10715492
22798.0,0.09265276
22800.01,0.08943008
22802.0,0.09023572
22804.0,0.07815058
22806.01,0.06848246
22808.0,0.06284276
22810.01,0.06284276
22812.01,0.06687112
22814.0,0.05156327
22816.0,0.04995193
22818.0,0.05881435
22820.0,0.04270084
22822.0,0.03867246
22824.01,0.03383841
22826.0,0.03464409
22828.01,0.03867246
22830.01,0.02819868
22832.0,0.02819868
22834.0,0.02175326
22836.0,0.024975968
22838.0,0.02417028
22840.0,0.02094758
22842.01,0.1611353
22844.0,0.4327487
22846.01,0.6809472
22848.01,0.9114214
22850.0,1.109668
22852.0,1.3103316
22854.0,1.4803796
22856.0,1.6165388
22858.0,1.7769184
22860.01,1.9131284
22862.0,2.033175
22864.0,2.142796
22866.01,2.241895
22868.0,2.33057
22870.0,2.413554
22872.0,2.491755
22874.01,2.55782
22876.0,2.611801
22878.0,2.68275
22880.0,2.735119
22882.0,2.781043
22884.01,2.828577
22886.0,2.865639
22888.0,2.904362
22890.0,2.940618
22892.01,2.979289
22894.0,3.001044
22896.0,3.025214
22898.01,3.049384
22900.0,3.071137
22902.01,3.091278
22904.0,3.108248
22906.0,3.124361
22908.0,3.1412816
22909.992,3.149338
22912.0,3.164646
22914.0,3.179147
22916.01,3.192039
22918.0,3.201707
22920.01,3.209764
22922.01,3.217821
22924.0,3.224265
22926.0,3.235545
22928.0,3.235545
22930.0,3.24199
22932.0,3.249242
22934.01,3.254076
22936.0,3.258911
22938.01,3.260521
22940.01,3.265355
22942.0,3.269384
22944.0,3.273412
22946.0,3.275829
22948.0,3.275829
22950.0,3.280663
22952.01,3.284691
22954.0,3.285497
22956.0,3.2718
22958.01,3.289525
22960.0,3.291137
22962.0,3.291942
22964.0,3.280663
22966.0,2.997015
22968.0,2.735925
22970.01,2.4982
22972.0,2.287868
22974.0,2.084788
22976.01,1.904266
22978.0,1.7414684
22980.0,1.5923684
22982.0,1.4554036
22984.01,1.334502
22986.0,1.2160176
22988.0,1.115308
22990.01,1.0185764
22992.0,0.9259234
22994.01,0.8526068
22996.0,0.7808512
22998.0,0.717203
23000.0,0.6511374
23001.992,0.5979124
23004.0,0.5503774
23006.0,0.5028428
23008.01,0.4609474
23010.0,0.4230805
23012.01,0.3859692
23014.01,0.3529366
23016.0,0.3255436
23018.0,0.2965392
23020.0,0.272369
23022.0,0.2506158
23024.0,0.2288624
23026.01,0.21033176
23028.0,0.1957793
23030.01,0.16516368
23032.01,0.16355224
23034.0,0.15066144
23036.0,0.13857636
23038.0,0.1272968
23040.0,0.11601738
23042.0,0.11440604
23044.01,0.09909816
23046.0,0.10312654
23048.01,0.084596
23050.01,0.07815058
23052.0,0.06767682
23054.0,0.06767682
23056.0,0.0604257
23058.0,0.05881435
23060.0,0.05236894
23062.01,0.05478598
23064.0,0.04672923
23066.0,0.04189516
23068.01,0.04511786
23070.0,0.03464409
23072.0,0.03303272
23074.0,0.03222704
23076.01,0.02819868
23078.0,0.03142138
23080.0,0.025781632
23082.0,0.02094758
23084.0,0.02014191
23086.01,0.02175326
23088.0,0.196585
23090.0,0.4681985
23092.0,0.7180086
23094.01,0.936397
23096.0,1.1427004
23098.0,1.3288624
23100.01,1.49891
23102.0,1.661707
23104.01,1.810758
23106.01,1.9260192
23108.0,2.046065
23110.0,2.154076
23112.0,2.24834
23114.0,2.340237
23116.0,2.4256392
23118.01,2.500617
23120.0,2.55782
23122.01,2.631137
23124.01,2.68839
23126.0,2.732703
23128.0,2.785878
23130.0,2.833413
23132.0,2.873696
23134.0,2.910807
23136.01,2.945451
23138.0,2.976873
23140.01,3.017157
23142.01,3.02763
23144.0,3.053413
23146.0,3.06872
23148.0,3.09289
23150.0,3.111471
23152.0,3.127584
23154.01,3.1412816
23156.0,3.156589
23158.0,3.167868
23160.01,3.181565
23162.0,3.191233
23164.0,3.203318
23166.0,3.21057
23168.01,3.212986
23170.0,3.225071
23172.01,3.232322
23174.0,3.238768
23176.0,3.244408
23178.01,3.249242
23180.0,3.257299
23182.0,3.258105
23184.0,3.266967
23186.01,3.266161
23188.0,3.269384
23190.0,3.275829
23192.01,3.275829
23194.0,3.27744
23196.01,3.280663
23198.0,3.279052
23200.0,3.289525
23202.0,3.287914
23203.992,3.285497
23206.0,3.290331
23208.0,3.291942
23210.01,3.244408
23212.0,2.958342
23214.01,2.703698
23216.01,2.469951
23218.0,2.258814
23220.0,2.058956
23222.0,1.8889576
23224.0,1.7229384
23226.0,1.579478
23228.01,1.4424624
23230.0,1.3167776
23232.01,1.203126
23234.01,1.0999996
23236.0,1.0081024
23238.0,0.9227008
23240.0,0.8526068
23242.0,0.7727946
23244.0,0.706729
23246.01,0.6438864
23248.0,0.5930784
23250.01,0.5431264
23252.01,0.4980085
23254.0,0.4536965
23256.0,0.4206635
23258.0,0.3811353
23260.0,0.3513252
23262.0,0.3215152
23264.01,0.2941222
23266.0,0.269952
23268.0,0.24497592
23270.01,0.22805676
23272.0,0.20872048
23274.0,0.19175096
23276.0,0.1756374
23278.01,0.1627466
23280.0,0.1587182
23282.0,0.13696492
23284.01,0.1248798
23286.0,0.11360036
23288.01,0.1079606
23290.0,0.07815058
23292.0,0.0950698
23294.0,0.0837903
23296.01,0.0813733
23298.0,0.07331654
23300.0,0.06606544
23302.01,0.06606544
23304.0,0.05639736
23306.01,0.03625542
23308.01,0.04834056
23310.0,0.04672923
23312.0,0.04270084
23314.0,0.04028382
23316.0,0.02658732
23318.0,0.03383841
23320.01,0.03303272
23322.0,0.02819868
23324.01,0.02819868
23326.01,0.023364616
23328.0,0.02417028
23330.0,0.01933623
23332.0,0.02417028
23334.0,0.23127948
23336.0,0.5004256
23338.01,0.7421788
23340.0,0.9645956
23342.01,1.1652596
23344.01,1.360283
23346.0,1.519052
23348.0,1.6721804
23350.0,1.8163976
23352.0,1.9421328
23354.0,2.054927
23356.01,2.162134
23358.0,2.260425
23360.0,2.353934
23362.01,2.434502
23364.0,2.5118968
23366.0,2.578768
23368.0,2.635166
23370.01,2.701281
23372.0,2.748816
23374.01,2.800379
23376.0,2.839053
23378.0,2.87853
23380.01,2.915641
23382.0,2.948675
23384.0,2.982512
23386.0,3.007489
23388.01,3.04455
23390.0,3.055829
23392.0,3.075165
23394.01,3.096163
23396.0,3.113888
23398.01,3.130806
23400.0,3.14531
23402.0,3.158201
23404.0,3.171896
23405.992,3.183981
23408.0,3.193651
23410.0,3.201707
23412.01,3.211375
23414.0,3.219431
23416.01,3.230711
23418.01,3.232322
23420.0,3.238768
23422.0,3.240379
23424.0,3.250854
23426.0,3.254076
23428.0,3.260521
23430.01,3.26455
23432.0,3.269384
23434.01,3.2718
23436.01,3.273412
23438.0,3.281469
23440.0,3.27744
23442.0,3.287109
23444.0,3.287914
23446.0,3.286303
23448.01,3.286303
23450.0,3.28872
23452.0,3.289525
23454.01,3.289525
23456.0,3.207346
23458.0,2.928532
23460.0,2.673032
23462.0,2.440947
23464.0,2.231421
23466.01,2.038008
23468.0,1.86801
23470.0,1.707631
23472.01,1.5545016
23474.0,1.4247376
23476.0,1.302275
23478.0,1.190236
23480.01,1.0854976
23482.0,0.9968226
23484.0,0.914644
23486.01,0.8348818
23488.0,0.7671548
23490.01,0.6938382
23492.0,0.6398578
23494.0,0.5866328
23496.0,0.5390978
23498.01,0.4923689
23500.0,0.4488622
23502.0,0.4134126
23504.01,0.3787182
23506.0,0.346491
23508.01,0.314264
23510.01,0.2908994
23512.0,0.269952
23514.0,0.2457816
23516.0,0.2256398
23518.0,0.2079148
23520.0,0.1901396
23522.01,0.1756374
23524.0,0.16032952
23526.01,0.14663308
23528.01,0.13615924
23530.0,0.1047379
23532.0,0.12004576
23534.0,0.10554354
23536.0,0.1015152
23538.0,0.0878187
23540.01,0.09909816
23542.0,0.07653924
23544.01,0.07009382
23546.01,0.07492788
23548.0,0.05639736
23550.0,0.05720302
23552.0,0.05236894
23554.0,0.0443122
23556.0,0.04914626
23558.01,0.0410895
23560.0,0.04028382
23562.0,0.03142138
23564.01,0.016919208
23566.0,0.03544975
23568.0,0.02658732
23570.0,0.02981002
23572.01,0.02739299
23574.0,0.025781632
23576.0,0.023364616
23578.0,0.02175326
23580.0,0.2602838
23582.01,0.5286244
23584.0,0.7687662
23586.0,0.989572
23588.0,1.18943
23590.01,1.3723684
23592.0,1.543222
23594.0,1.6915168
23596.01,1.8300936
23598.0,1.955024
23600.01,2.0743132
23602.01,2.179052
23604.0,2.274978
23606.0,2.36199
23608.0,2.44417
23610.0,2.514313
23612.0,2.581186
23614.01,2.644834
23616.0,2.701281
23618.01,2.7512324
23620.01,2.800379
23622.0,2.843887
23624.0,2.881752
23626.0,2.915641
23628.0,2.951897
23630.0,2.981706
23632.01,3.010711
23634.0,3.035687
23636.01,3.055829
23638.01,3.080805
23640.0,3.094551
23642.0,3.10422
23644.0,3.132418
23646.0,3.146116
23648.0,3.159811
23650.01,3.171896
23652.0,3.183175
23654.0,3.195261
23656.01,3.20493
23658.0,3.209764
23660.0,3.209764
23662.0,3.224265
23664.01,3.233128
23666.0,3.23635
23668.01,3.242797
23670.0,3.255687
23672.0,3.254882
23674.01,3.258911
23676.0,3.261327
23678.0,3.268578
23680.0,3.2709952
23682.01,3.266161
23684.0,3.276635
23686.0,3.280663
23688.01,3.282275
23690.0,3.284691
23692.01,3.287109
23694.0,3.286303
23696.0,3.290331
23698.0,3.287914
23699.992,3.291942
23702.0,3.171896
23704.0,2.89711
23706.01,2.644834
23708.0,2.415165
23710.01,2.211279
23712.01,2.01545
23714.0,1.8437896
23716.0,1.6866824
23718.0,1.5399996
23720.0,1.412652
23722.0,1.29019
23724.01,1.1773444
23726.0,1.076635
23728.01,0.9855436
23730.01,0.904976
23732.0,0.8252138
23734.0,0.7526528
23736.0,0.689004
23738.0,0.6326068
23740.0,0.5753534
23742.01,0.5302356
23744.0,0.4875347
23746.01,0.4456396
23748.01,0.4077225
23750.0,0.3787182
23752.0,0.3472969
23754.0,0.314264
23756.0,0.2707576
23758.0,0.2691461
23760.01,0.24336452
23762.0,0.22322264
23764.0,0.2046418
23766.01,0.1901396
23768.0,0.171609
23770.0,0.1587182
23772.0,0.1450217
23774.01,0.1345479
23776.0,0.1248798
23778.0,0.11360036
23780.01,0.11360036
23782.0,0.09023572
23784.01,0.0918471
23786.0,0.07815058
23788.0,0.07492788
23790.0,0.07976194
23792.01,0.06284276
23794.0,0.0604257
23796.0,0.06928818
23798.01,0.05800869
23800.0,0.0475349
23802.01,0.04350652
23804.01,0.04189516
23806.0,0.03947813
23808.0,0.03706112
23810.0,0.03464409
23812.0,0.03222704
23814.0,0.02981002
23816.01,0.01933623
23818.0,0.025781632
23820.01,0.02417028
23822.01,0.0475349
23824.0,0.02014191
23826.0,0.2989562
23828.0,0.5600458
23830.0,0.7977706
23832.0,1.0339344
23834.01,1.208766
23836.0,1.3925108
23838.01,1.557724
23840.01,1.708436
23842.0,1.8445956
23844.0,1.9783884
23846.0,2.085594
23848.0,2.190332
23850.0,2.284645
23852.01,2.372465
23854.0,2.447393
23856.0,2.525593
23858.01,2.591659
23860.0,2.670615
23862.0,2.706115
23864.0,2.756873
23866.01,2.808436
23868.0,2.847109
23870.01,2.886587
23872.0,2.923698
23874.0,2.954314
23876.01,2.992987
23878.0,3.012323
23880.0,3.043744
23882.0,3.062274
23884.01,3.083222
23886.0,3.096163
23888.0,3.118721
23890.01,3.1356408
23892.0,3.142087
23894.01,3.160617
23896.01,3.182371
23898.0,3.185593
23900.0,3.195261
23901.992,3.20493
23904.0,3.215403
23906.0,3.220237
23908.01,3.2299052
23910.0,3.23474
23912.01,3.239573
23914.01,3.24602
23916.0,3.252465
23918.0,3.256493
23920.0,3.259715
23922.0,3.274218
23924.0,3.266161
23926.01,3.27019
23928.0,3.272606
23930.01,3.27744
23932.01,3.280663
23934.0,3.287914
23936.0,3.283885
23938.0,3.286303
23940.0,3.287914
23942.0,3.28872
23944.01,3.291942
23946.0,3.290331
23948.0,3.138058
23950.01,2.866445
23952.0,2.616635
23954.0,2.385355
23956.0,2.18872
23958.01,1.993696
23960.0,1.829288
23962.01,1.668152
23964.0,1.522275
23966.0,1.3933164
23968.01,1.2748816
23970.0,1.1547852
23972.0,1.06455
23974.0,0.9742638
23976.01,0.8928906
23978.0,0.8171068
23980.0,0.7454014
23982.01,0.6825588
23984.0,0.6277726
23986.01,0.576159
23988.0,0.526207
23990.0,0.4802837
23992.0,0.4408056
23994.01,0.4036941
23996.0,0.3883863
23998.0,0.3424627
24000.01,0.3086243
24002.0,0.2836484
24004.01,0.2610894
24006.01,0.24014184
24008.0,0.22
24010.0,0.2030304
24012.0,0.1828885
24014.0,0.171609
24016.0,0.1579125
24018.01,0.14341032
24020.0,0.1321309
24022.01,0.1224628
24024.01,0.11360036
24026.0,0.10312654
24028.0,0.082179
24030.0,0.09265276
24032.0,0.08701304
24034.0,0.07331654
24036.01,0.07492788
24038.0,0.06606544
24040.01,0.04350652
24042.01,0.05478598
24044.0,0.04914626
24046.0,0.05236894
24048.0,0.04672923
24050.0,0.03947813
24052.0,0.03947813
24054.01,0.03544975
24056.0,0.02981002
24058.0,0.02658732
24060.01,0.02981002
24062.0,0.029004348
24064.0,0.025781632
24066.0,0.02658732
24068.01,0.023364616
24070.0,0.04592355
24072.0,0.3263492
24074.0,0.58905
24076.0,0.8211352
24078.01,1.041185
24080.0,1.234548
24082.0,1.4158756
24084.0,1.577061
24086.01,1.726161
24088.0,1.859148
24090.0,1.982417
24092.01,2.096873
24094.0,2.210473
24096.01,2.295925
24098.01,2.3845492
24100.0,2.460284
24102.0,2.534456
24104.0,2.610995
24106.0,2.657725
24108.0,2.714172
24110.01,2.770569
24112.0,2.812464
24114.01,2.85436
24116.01,2.8955
24118.0,2.928532
24120.0,2.959954
24122.0,2.989764
24124.0,3.013129
24126.0,3.050995
24128.01,3.062274
24130.0,3.08725
24132.01,3.10422
24134.01,3.118721
24136.0,3.126778
24138.0,3.146921
24140.0,3.163034
24142.0,3.16948
24144.0,3.186399
24146.01,3.204124
24148.0,3.20493
24150.0,3.213792
24152.01,3.221043
24154.0,3.2299052
24156.0,3.23474
24158.0,3.244408
24160.01,3.246826
24162.0,3.254076
24164.01,3.254882
24166.0,3.260521
24168.0,3.263744
24170.01,3.267772
24172.0,3.281469
24174.0,3.272606
24176.0,3.276635
24178.01,3.278246
24180.0,3.276635
24182.0,3.282275
24184.01,3.291942
24186.0,3.287914
24188.01,3.28872
24190.0,3.290331
24192.0,3.291137
24194.0,3.096969
24196.01,2.829383
24198.0,2.586019
24200.0,2.362796
24202.01,2.158909
24204.0,1.979194
24206.01,1.800284
24208.01,1.6463488
24210.0,1.506967
24212.0,1.378814
24214.0,1.261991
24216.0,1.1499516
24218.0,1.0540764
24220.01,0.958956
24222.0,0.8808056
24224.01,0.8082444
24226.01,0.738956
24228.0,0.6761132
24230.0,0.6261614
24232.0,0.568908
24234.0,0.5254014
24236.0,0.4754497
24238.01,0.4327487
24240.0,0.3988602
24242.01,0.3650216
24244.01,0.3327946
24246.0,0.3134584
24248.0,0.2812313
24250.0,0.2586724
24252.0,0.23691908
24254.0,0.21758284
24256.01,0.2006134
24258.0,0.1836942
24260.0,0.16677496
24262.01,0.15388416
24264.0,0.14824448
24266.0,0.13374224
24268.0,0.12004576
24270.01,0.10957196
24272.0,0.1023209
24274.0,0.0950698
24276.01,0.08701304
24278.0,0.07976194
24280.01,0.07653924
24282.0,0.06848246
24284.0,0.0604257
24286.0,0.05478598
24288.01,0.05720302
24290.0,0.03947813
24292.0,0.04672923
24294.01,0.03947813
24296.0,0.0410895
24298.01,0.03706112
24300.01,0.03544975
24302.0,0.03303272
24304.0,0.0306157
24306.0,0.02819868
24308.0,0.02739299
24310.0,0.02658732
24312.01,0.01853056
24314.0,0.02255893
24316.01,0.0813733
24318.01,0.3617989
24320.0,0.619716
24322.0,0.8518012
24324.0,1.0589104
24326.0,1.2595736
24328.0,1.4368224
24330.01,1.596397
24332.0,1.7414684
24334.01,1.8736504
24336.01,1.99853
24338.0,2.112181
24340.0,2.216113
24342.0,2.3080092
24344.0,2.401469
24346.0,2.470757
24348.01,2.546541
24350.0,2.607772
24352.0,2.663364
24354.01,2.727868
24356.0,2.774598
24358.0,2.815688
24360.0,2.855166
24362.01,2.89711
24364.0,2.930143
24366.01,2.970427
24368.0,2.991375
24370.0,3.022796
24372.01,3.045356
24374.0,3.066303
24376.0,3.08725
24378.0,3.102608
24380.01,3.120333
24382.0,3.137252
24384.0,3.151755
24386.01,3.16384
24388.0,3.183981
24390.01,3.187204
24392.01,3.177536
24394.0,3.205736
24396.0,3.214598
24398.0,3.2299052
24400.0,3.2299052
24402.0,3.237156
24404.01,3.244408
24406.0,3.24602
24408.01,3.256493
24410.01,3.256493
24412.0,3.260521
24414.0,3.265355
24416.0,3.275829
24418.0,3.2709952
24420.0,3.275829
24422.01,3.272606
24424.0,3.279052
24426.01,3.285497
24428.01,3.285497
24430.0,3.286303
24432.0,3.287914
24434.0,3.289525
24436.0,3.289525
24438.0,3.28872
24440.01,3.0671084
24442.0,2.801991
24444.01,2.557015
24446.01,2.332986
24448.0,2.130711
24450.0,1.9509948
24452.0,1.780947
24454.01,1.631041
24456.0,1.4932708
24458.01,1.3594776
24460.0,1.2474888
24462.0,1.139478
24464.01,1.042797
24466.0,0.9525106
24468.0,0.8735546
24470.0,0.7881024
24472.01,0.729288
24474.0,0.6664454
24476.0,0.6148316
24478.01,0.561657
24480.0,0.5060654
24482.01,0.4690042
24484.0,0.4327487
24486.0,0.3956373
24488.0,0.3601876
24490.01,0.3352117
24492.0,0.304596
24494.0,0.2804257
24496.01,0.2578668
24498.0,0.2353078
24500.01,0.2151659
24502.01,0.1998077
24504.0,0.1828885
24506.0,0.1675806
24508.0,0.15307848
24510.0,0.141799
24512.0,0.1281025
24514.01,0.1192401
24516.0,0.11037764
24518.01,0.1007095
24520.01,0.09345846
24522.0,0.08620734
24524.0,0.07976194
24526.0,0.07331654
24528.0,0.06767682
24530.0,0.07331654
24532.01,0.0636484
24534.0,0.0507576
24536.01,0.05317464
24538.01,0.04350652
24540.0,0.03625542
24542.0,0.04189516
24544.0,0.02819868
24546.0,0.03786679
24548.0,0.03222704
24550.01,0.0306157
24552.0,0.0306157
24554.0,0.02739299
24556.01,0.02819868
24558.0,0.02417028
24560.0,0.024975968
24562.0,0.11843436
24564.01,0.3948317
24566.0,0.644692
24568.01,0.8791944
24570.01,1.0887204
24572.0,1.282938
24574.01,1.4562092
24576.0,1.6149276
24578.0,1.7608052
24580.0,1.89218
24582.01,2.014644
24584.0,2.125072
24586.0,2.227393
24588.01,2.317679
24590.0,2.40308
24592.01,2.482892
24594.01,2.549763
24596.0,2.614217
24598.0,2.670615
24600.0,2.727868
24602.0,2.788294
24604.0,2.83019
24606.01,2.864028
24608.0,2.897916
24610.01,2.931754
24612.01,2.952703
24614.0,2.999432
24616.0,3.024408
24618.0,3.047773
24620.0,3.071137
24622.0,3.093696
24624.01,3.10422
24626.0,3.12275
24628.01,3.140476
24630.01,3.154977
24632.0,3.178342
24634.0,3.1767308
24636.0,3.188815
24638.0,3.195261
24640.0,3.205736
24642.01,3.2121808
24644.0,3.221849
24646.0,3.231516
24648.01,3.238768
24650.0,3.242797
24652.0,3.2476308
24654.0,3.252465
24656.01,3.256493
24658.0,3.260521
24660.01,3.2718
24662.0,3.269384
24664.0,3.272606
24666.01,3.2718
24668.0,3.278246
24670.0,3.278246
24672.0,3.281469
24674.01,3.283885
24676.0,3.28872
24678.0,3.287914
24680.01,3.290331
24682.0,3.287109
24684.01,3.291942
24686.0,3.03327
24688.0,2.7689576
24690.0,2.528011
24692.01,2.309621
24694.0,2.121849
24696.0,1.929242
24698.01,1.762417
24700.0,1.6100932
24702.01,1.4755456
24704.01,1.348198
24706.0,1.2321308
24708.0,1.1330324
24710.0,1.0306612
24712.0,0.9452594
24714.0,0.8646918
24716.01,0.7872966
24718.0,0.7228426
24720.01,0.669668
24722.01,0.6051636
24724.0,0.5536004
24726.0,0.5092882
24728.0,0.4673928
24730.0,0.4391942
24732.0,0.3908033
24734.01,0.3577706
24736.0,0.3303776
24738.01,0.3005676
24740.01,0.2683405
24742.0,0.2530327
24744.0,0.2320851
24746.0,0.21758284
24748.0,0.1957793
24750.0,0.18047144
24752.01,0.17322036
24754.0,0.15146716
24756.0,0.15388416
24758.01,0.1313252
24760.0,0.12004576
24762.0,0.11198896
24764.0,0.1007095
24766.01,0.1007095
24768.0,0.0878187
24770.0,0.07895626
24772.01,0.07331654
24774.0,0.06848246
24776.01,0.06284276
24778.0,0.05881435
24780.0,0.04995193
24782.0,0.05156327
24784.01,0.04672923
24786.0,0.04270084
24788.0,0.04350652
24790.01,0.03625542
24792.0,0.03625542
24794.01,0.03706112
24796.01,0.02981002
24798.0,0.03303272
24800.0,0.02658732
24802.0,0.02658732
24804.0,0.02658732
24806.0,0.02175326
24808.01,0.164358
24810.0,0.4311374
24812.01,0.6801416
24814.01,0.9090044
24816.0,1.112085
24818.0,1.2958296
24820.0,1.484408
24822.0,1.6302352
24824.0,1.7728904
24826.01,1.9082944
24828.0,2.03398
24830.01,2.133934
24832.01,2.238673
24834.0,2.327347
24836.0,2.411137
24838.0,2.488532
24840.0,2.560237
24842.0,2.62308
24844.01,2.674643
24846.0,2.734314
24848.0,2.781849
24850.01,2.825355
24852.0,2.866445
24854.0,2.900334
24856.0,2.9382
24858.01,2.970427
24860.0,2.999432
24862.01,3.023602
24864.0,3.053413
24866.0,3.069526
24868.01,3.092084
24870.0,3.111471
24872.0,3.123556
24874.0,3.150144
24876.01,3.1590052
24878.0,3.167868
24880.0,3.178342
24882.01,3.190427
24884.0,3.198485
24886.01,3.21057
24888.01,3.216209
24890.0,3.22346
24892.0,3.230711
24894.0,3.235545
24896.0,3.24199
24898.0,3.248436
24900.01,3.2532708
24902.0,3.258105
24904.01,3.262939
24906.01,3.261327
24908.0,3.2709952
24910.0,3.272606
24912.0,3.273412
24914.0,3.27744
24916.0,3.279052
24918.01,3.285497
24920.0,3.283885
24922.01,3.279857
24924.01,3.290331
24926.0,3.290331
24928.0,3.291942
24930.0,3.273412
24932.0,3.001849
24934.0,2.74801
24936.01,2.500617
24938.0,2.288674
24940.01,2.088816
24942.01,1.9123228
24944.0,1.745497
24946.0,1.596397
24948.0,1.459432
24950.01,1.334502
24952.0,1.226491
24954.01,1.114502
24956.0,1.0209932
24958.0,0.931563
24960.01,0.855024
24962.0,0.7824624
24964.0,0.7123688
24966.0,0.6535544
24968.01,0.601135
24970.0,0.5656854
24972.0,0.5036484
24974.01,0.4625589
24976.0,0.4222749
24978.01,0.3956373
24980.0,0.3585762
24982.0,0.3247378
24984.0,0.3005676
24986.01,0.2731746
24988.0,0.2506158
24990.0,0.2345021
24992.01,0.21194324
24994.0,0.1957793
24996.01,0.1780545
24998.01,0.164358
25000.0,0.15146716
25002.0,0.139382
25004.0,0.12971384
25006.0,0.1176287
25008.0,0.1127947
25010.01,0.09909816
25012.0,0.0910414
25014.01,0.084596
25016.01,0.07815058
25018.0,0.07573358
25020.0,0.06767682
25022.0,0.06203707
25024.0,0.05478598
25026.0,0.05317464
25028.01,0.05236894
25030.0,0.05156327
25032.01,0.0475349
25034.01,0.0443122
25036.0,0.03383841
25038.0,0.03625542
25040.0,0.05156327
25042.0,0.02981002
25044.0,0.02739299
25046.01,0.02739299
25048.0,0.02658732
25050.0,0.023364616
25052.01,0.02255893
25054.0,0.1893339
25056.0,0.4480566
25058.0,0.706729
25060.01,0.9331744
25062.0,1.1354496
25064.01,1.3264452
25066.01,1.510995
25068.0,1.6536504
25070.01,1.7906152
25072.0,1.919574
25074.0,2.042036
25076.0,2.155687
25078.01,2.252368
25080.0,2.341043
25082.0,2.424834
25084.01,2.499006
25086.0,2.562654
25088.01,2.6295268
25090.01,2.689196
25092.0,2.740759
25094.0,2.793128
25096.0,2.833413
25098.0,2.873696
25100.0,2.90839
25102.01,2.94384
25104.0,2.976873
25106.01,3.001044
25108.01,3.02763
25110.0,3.062274
25112.0,3.073554
25114.0,3.09289
25116.0,3.109054
25118.0,3.129196
25120.01,3.137252
25122.0,3.163034
25124.01,3.170286
25126.01,3.181565
25128.0,3.192039
25130.0,3.197679
25132.0,3.20493
25134.0,3.217821
25136.0,3.225071
25138.01,3.23635
25140.0,3.248436
25142.01,3.248436
25144.01,3.254076
25146.0,3.259715
25148.0,3.262939
25150.0,3.265355
25152.01,3.268578
25154.0,3.269384
25156.01,3.273412
25158.0,3.279052
25160.0,3.279857
25162.01,3.286303
25164.0,3.279052
25166.0,3.285497
25168.0,3.287109
25170.01,3.287109
25172.0,3.287914
25174.0,3.289525
25176.01,3.254076
25178.0,2.968816
25180.01,2.709338
25182.01,2.473979
25184.0,2.258814
25186.0,2.065452
25188.01,1.888152
25190.0,1.7269664
25192.0,1.585923
25194.01,1.4457356
25196.0,1.321611
25198.01,1.2071544
25200.01,1.1032224
25202.0,1.0089084
25204.0,0.9227008
25206.0,0.8469668
25208.0,0.7736002
25210.0,0.7083406
25212.01,0.649526
25214.0,0.593884
25216.01,0.5431264
25218.01,0.4988143
25220.0,0.4673928
25222.0,0.4174409
25224.0,0.3843578
25226.0,0.3529366
25228.0,0.3223209
25230.01,0.2981506
25232.0,0.2707576
25234.01,0.2481986
25236.01,0.2288624
25238.0,0.2095261
25240.0,0.1877226
25242.0,0.17966576
25244.01,0.16355224
25246.0,0.14985576
25248.01,0.13535364
25250.0,0.1272968
25252.0,0.11601738
25254.01,0.10715492
25256.0,0.09909816
25258.0,0.09668114
25260.0,0.08298464
25262.01,0.07653924
25264.0,0.0708995
25266.01,0.06687112
25268.01,0.0636484
25270.0,0.05800869
25272.01,0.05317464
25274.0,0.04914626
25276.0,0.04592355
25278.0,0.04189516
25280.01,0.03867246
25282.0,0.01933623
25284.0,0.0306157
25286.01,0.03222704
25288.0,0.03303272
25290.01,0.0306157
25292.01,0.025781632
25294.0,0.024975968
25296.0,0.02094758
25298.0,0.02014191
25300.0,0.2248341
25302.0,0.4875347
25304.01,0.7381504
25306.0,0.9670128
25308.01,1.1628424
25310.01,1.3473928
25312.0,1.514218
25314.0,1.671375
25316.0,1.813175
25318.0,1.9381044
25320.0,2.056539
25322.01,2.151658
25324.0,2.259619
25326.01,2.349905
25328.01,2.43289
25330.0,2.507062
25332.0,2.576352
25334.0,2.637583
25336.0,2.69403
25338.0,2.743982
25340.01,2.790712
25342.0,2.836635
25344.0,2.881752
25346.01,2.910001
25348.0,2.949479
25350.0,2.977678
25352.0,3.004266
25354.01,3.02199
25356.0,3.054218
25358.01,3.076777
25360.01,3.090474
25362.0,3.10986
25364.01,3.126778
25366.0,3.146921
25368.0,3.157395
25370.0,3.16384
25372.01,3.181565
25374.0,3.193651
25376.0,3.202513
25378.01,3.211375
25380.0,3.228294
25382.01,3.225071
25384.01,3.233934
25386.0,3.240379
25388.0,3.246826
25390.01,3.2532708
25392.0,3.254076
25394.0,3.258911
25396.01,3.262939
25398.0,3.265355
25400.01,3.269384
25402.01,3.274218
25404.0,3.275829
25406.0,3.279857
25408.0,3.284691
25410.0,3.285497
25412.0,3.28308
25414.01,3.287109
25416.0,3.289525
25418.01,3.28872
25420.01,3.291137
25422.0,3.225071
25424.0,2.935784
25426.0,2.677866
25428.0,2.454644
25430.0,2.237061
25432.01,2.042842
25434.0,1.8704272
25436.01,1.707631
25438.01,1.5641696
25440.0,1.4279608
25442.0,1.3087204
25444.0,1.190236
25446.01,1.0911376
25448.0,0.9984342
25450.01,0.9130326
25452.0,0.836493
25454.0,0.7631264
25456.01,0.7002836
25458.0,0.641469
25460.0,0.5874386
25462.0,0.539904
25464.01,0.4939802
25466.0,0.4504738
25468.0,0.4142182
25470.01,0.3803295
25472.0,0.3497138
25474.01,0.3182924
25476.0,0.2908994
25478.0,0.2683405
25480.0,0.2441703
25482.01,0.22241696
25484.0,0.2071091
25486.0,0.1909453
25488.01,0.1748318
25490.0,0.16516368
25492.01,0.1490501
25494.01,0.1377706
25496.0,0.1264912
25498.0,0.1152117
25500.0,0.10876628
25502.0,0.09668114
25504.0,0.09023572
25506.01,0.08298464
25508.0,0.07573358
25510.01,0.0708995
25512.01,0.06687112
25514.0,0.05881435
25516.0,0.05720302
25518.0,0.0507576
25520.0,0.04834056
25522.0,0.04592355
25524.01,0.04270084
25526.0,0.03947813
25528.01,0.03625542
25530.01,0.03867246
25532.0,0.03625542
25534.0,0.029004348
25536.0,0.029004348
25538.0,0.02658732
25540.0,0.03544975
25542.01,0.02819868
25544.0,0.02255893
25546.0,0.272369
25548.01,0.5254014
25550.0,0.763932
25552.0,0.9879604
25554.0,1.1821788
25556.01,1.371563
25558.0,1.53436
25560.01,1.6987684
25562.01,1.8308992
25564.0,1.9534128
25566.01,2.080759
25568.0,2.174219
25570.0,2.27095
25572.0,2.363602
25574.01,2.44417
25576.0,2.513507
25578.0,2.585214
25580.01,2.647251
25582.0,2.703698
25584.01,2.754456
25586.01,2.799574
25588.0,2.842275
25590.0,2.883364
25592.0,2.9196692
25594.0,2.947869
25596.0,2.980901
25598.01,3.007489
25600.0,3.034075
25602.01,3.048579
25604.01,3.092084
25606.0,3.096969
25608.0,3.113888
25610.0,3.132418
25612.0,3.14531
25614.0,3.1590052
25616.01,3.167062
25618.0,3.182371
25620.01,3.197679
25622.01,3.206541
25624.0,3.211375
25626.0,3.219431
25628.0,3.2299052
25630.0,3.230711
25632.0,3.233128
25634.01,3.246826
25636.0,3.249242
25638.01,3.254076
25640.01,3.258105
25642.0,3.262939
25644.0,3.266161
25646.0,3.27019
25648.01,3.274218
25650.0,3.275829
25652.01,3.278246
25654.0,3.281469
25656.0,3.284691
25658.01,3.279857
25660.0,3.274218
25662.0,3.289525
25664.0,3.290331
25666.01,3.290331
25668.0,3.179953
25670.0,2.901139
25672.01,2.644834
25674.0,2.422417
25676.01,2.199193
25678.01,2.020284
25680.0,1.847818
25682.0,1.6899052
25684.01,1.547251
25686.0,1.411041
25688.0,1.2966352
25690.01,1.1765388
25692.0,1.0709956
25694.01,0.9871548
25696.01,0.907393
25698.0,0.8300476
25700.0,0.7558752
25702.0,0.7059234
25704.0,0.6390522
25706.0,0.5850216
25708.01,0.5358754
25710.0,0.4883406
25712.01,0.4480566
25714.01,0.4085282
25716.0,0.3746899
25718.0,0.344074
25720.0,0.3102357
25722.0,0.286871
25724.0,0.2635064
25726.01,0.24336452
25728.0,0.2256398
25730.01,0.2054474
25732.01,0.1877226
25734.0,0.17644308
25736.0,0.164358
25738.0,0.1458274
25740.01,0.1321309
25742.0,0.1248798
25744.01,0.11440604
25746.0,0.1047379
25748.0,0.09587548
25750.01,0.0878187
25752.0,0.08701304
25754.0,0.07573358
25756.0,0.07170516
25758.01,0.06606544
25760.0,0.0604257
25762.01,0.05236894
25764.01,0.05156327
25766.0,0.04350652
25768.01,0.04511786
25770.0,0.04189516
25772.0,0.04350652
25774.0,0.03544975
25776.01,0.03464409
25778.0,0.03142138
25780.0,0.03786679
25782.01,0.011279464
25784.0,0.024975968
25786.01,0.01933623
25788.01,0.02417028
25790.0,0.02014191
25792.0,0.2876767
25794.0,0.5536004
25796.0,0.791325
25798.0,1.0056856
25800.01,1.2071544
25802.0,1.390094
25804.01,1.5528904
25806.01,1.7036024
25808.0,1.826871
25810.0,1.964692
25812.0,2.08237
25814.0,2.208862
25816.0,2.286257
25818.01,2.37327
25820.0,2.454644
25822.01,2.525593
25824.01,2.594881
25826.0,2.654501
25828.0,2.706115
25830.0,2.761707
25832.0,2.805213
25834.0,2.843887
25836.01,2.888249
25838.0,2.922086
25840.0,2.953508
25842.01,2.986541
25844.0,3.007489
25846.0,3.045356
25848.0,3.056635
25850.01,3.082416
25852.0,3.100191
25854.01,3.116305
25856.01,3.129196
25858.0,3.148532
25860.01,3.159811
25862.0,3.173508
25864.0,3.175925
25866.0,3.196067
25868.01,3.203318
25870.0,3.208958
25872.0,3.219431
25874.01,3.2291
25876.0,3.233934
25878.01,3.240379
25880.01,3.246826
25882.0,3.2476308
25884.0,3.252465
25886.01,3.262133
25888.0,3.262939
25890.0,3.266967
25892.01,3.268578
25894.0,3.275024
25896.01,3.278246
25898.01,3.278246
25900.0,3.280663
25902.0,3.283885
25904.0,3.282275
25906.0,3.28872
25908.0,3.291942
25910.01,3.289525
25912.0,3.295971
25914.01,3.144504
25916.01,2.867251
25918.0,2.620663
25920.0,2.393412
25922.0,2.180663
25924.0,1.9969184
25926.0,1.826871
25928.01,1.670569
25930.0,1.524692
25932.01,1.3925108
25934.01,1.2781044
25936.0,1.1676768
25938.0,1.0709956
25940.0,0.976681
25942.01,0.9033648
25944.0,0.8211352
25946.01,0.74943
25948.0,0.6857816
25950.0,0.626967
25952.01,0.5850216
25954.0,0.527013
25956.0,0.4835064
25958.0,0.4432226
25960.01,0.4044998
25962.0,0.371467
25964.0,0.3400456
25966.01,0.311847
25968.0,0.2860654
25970.01,0.2618951
25972.01,0.24014184
25974.0,0.22322264
25976.0,0.2030304
25978.01,0.1853055
25980.0,0.16999768
25982.0,0.1579125
25984.01,0.14663308
25986.0,0.1289082
25988.01,0.12326848
25990.01,0.11601738
25992.0,0.1023209
25994.0,0.0950698
25996.0,0.11037764
25998.0,0.082179
26000.0,0.07251084
26002.01,0.06928818
26004.0,0.0644541
26006.01,0.0604257
26008.01,0.0507576
26010.0,0.0507576
26012.0,0.0475349
26014.0,0.04189516
26016.0,0.0410895
26018.0,0.03303272
26020.01,0.03464409
26022.0,0.03383841
26024.01,0.0306157
26026.01,0.029004348
26028.0,0.012890816
26030.0,0.023364616
26032.0,0.029004348
26034.01,0.024975968
26036.0,0.04189516
26038.01,0.3231265
26040.0,0.5809932
26042.0,0.8163012
26044.01,1.0331284
26046.0,1.2305196
26048.0,1.411041
26050.0,1.574644
26052.01,1.722133
26054.0,1.857537
26056.01,1.976777
26058.01,2.096067
26060.0,2.202417
26062.01,2.294314
26064.0,2.379716
26066.0,2.461089
26068.0,2.531233
26070.01,2.599716
26072.0,2.6593352
26074.0,2.714172
26076.01,2.763317
26078.0,2.814882
26080.01,2.8511376
26082.01,2.890665
26084.0,2.925309
26086.0,2.958342
26088.01,2.988959
26090.0,3.015545
26092.0,3.041328
26094.01,3.059858
26096.0,3.083222
26098.01,3.105026
26100.01,3.117916
26102.0,3.133224
26104.0,3.155783
26106.0,3.16384
26108.0,3.175925
26110.0,3.184787
26112.01,3.194456
26114.0,3.206541
26116.01,3.216209
26118.01,3.221849
26120.0,3.226683
26122.0,3.23635
26124.0,3.241185
26126.0,3.24602
26128.0,3.250048
26130.01,3.260521
26132.0,3.258911
26134.01,3.266161
26136.01,3.261327
26138.0,3.2709952
26140.0,3.273412
26142.0,3.279052
26144.01,3.278246
26146.0,3.275024
26148.01,3.283885
26150.0,3.285497
26152.0,3.287914
26154.01,3.286303
26156.0,3.290331
26158.0,3.291137
26160.0,3.109054
26162.01,2.833413
26164.0,2.593271
26166.0,2.367631
26168.01,2.163744
26170.0,1.97436
26172.01,1.796255
26174.01,1.6528448
26176.0,1.506967
26178.0,1.3820364
26180.01,1.2636024
26182.0,1.1523684
26184.0,1.062939
26186.01,0.9654016
26188.0,0.8840284
26190.01,0.811467
26192.01,0.7445958
26194.0,0.6769188
26196.0,0.6229388
26198.0,0.573742
26200.0,0.5229844
26202.0,0.4698098
26204.01,0.4383886
26206.0,0.3988602
26208.01,0.3666331
26210.01,0.3360173
26212.0,0.307013
26214.0,0.2828427
26216.0,0.259478
26218.0,0.23691908
26220.0,0.22080568
26222.01,0.201419
26224.0,0.1877226
26226.01,0.16999768
26228.01,0.15630116
26230.0,0.13615924
26232.0,0.13293656
26234.0,0.1224628
26236.01,0.11360036
26238.0,0.1023209
26240.01,0.08540166
26242.0,0.0878187
26244.0,0.08056764
26246.01,0.07573358
26248.0,0.06848246
26250.0,0.0636484
26252.0,0.06203707
26254.01,0.05559165
26256.0,0.05156327
26258.01,0.04672923
26260.01,0.0443122
26262.0,0.0306157
26264.01,0.03706112
26266.0,0.04189516
26268.0,0.02739299
26270.0,0.02981002
26272.01,0.02417028
26274.0,0.02739299
26276.0,0.024975968
26278.01,0.024975968
26280.0,0.024975968
26282.01,0.06525976
26284.01,0.3553536
26286.0,0.5963012
26288.0,0.8437442
26290.0,1.0589104
26292.0,1.252323
26294.0,1.431183
26296.01,1.591563
26298.0,1.7414684
26300.01,1.8720384
26302.01,1.9920848
26304.0,2.108153
26306.0,2.212085
26308.0,2.316873
26310.0,2.388578
26312.0,2.46834
26314.01,2.538484
26316.0,2.603744
26318.01,2.656113
26320.01,2.719811
26322.0,2.768152
26324.0,2.815688
26326.0,2.86
26328.0,2.897916
26330.0,2.931754
26332.01,2.963982
26334.0,2.991375
26336.01,3.016351
26338.01,3.043744
26340.0,3.066303
26342.0,3.08725
26344.0,3.111471
26346.01,3.121945
26348.0,3.134835
26350.01,3.150949
26352.01,3.160617
26354.0,3.183175
26356.01,3.186399
26358.0,3.200096
26360.0,3.208152
26362.0,3.2121808
26364.01,3.222655
26366.0,3.230711
26368.0,3.237156
26370.01,3.241185
26372.0,3.254882
26374.01,3.254076
26376.01,3.259715
26378.0,3.257299
26380.0,3.261327
26382.01,3.2718
26384.0,3.2709952
26386.0,3.27019
26388.01,3.279052
26390.0,3.282275
26392.01,3.281469
26394.01,3.285497
26396.0,3.284691
26398.0,3.283885
26400.0,3.289525
26402.0,3.291137
26404.0,3.292748
26406.01,3.075971
26408.0,2.811659
26410.01,2.565071
26412.01,2.345877
26414.0,2.141185
26416.0,1.958247
26418.0,1.7890036
26420.0,1.631041
26422.0,1.509384
26424.01,1.364312
26426.0,1.251517
26428.01,1.1402832
26430.01,1.0452132
26432.0,0.9605674
26434.0,0.875166
26436.0,0.8034102
26438.01,0.7333164
26440.0,0.6712794
26442.01,0.6285782
26444.0,0.5640742
26446.0,0.5165392
26448.01,0.4706156
26450.0,0.4335544
26452.0,0.3771068
26454.0,0.3626047
26456.01,0.3336003
26458.0,0.30943
26460.01,0.27962
26462.01,0.257061
26464.0,0.2353078
26466.01,0.21838864
26468.01,0.1981963
26470.0,0.1861112
26472.0,0.16516368
26474.01,0.15307848
26476.0,0.1426047
26478.0,0.1321309
26480.01,0.1224628
26482.0,0.1176287
26484.01,0.09990386
26486.01,0.0942641
26488.0,0.0886244
26490.0,0.07815058
26492.0,0.07170516
26494.0,0.0708995
26496.0,0.06687112
26498.01,0.05800869
26500.0,0.05559165
26502.01,0.0507576
26504.01,0.04672923
26506.0,0.04350652
26508.0,0.04028382
26510.0,0.03706112
26512.0,0.03706112
26514.0,0.03383841
26516.01,0.0306157
26518.0,0.029004348
26520.01,0.025781632
26522.01,0.024975968
26524.0,0.02417028
26526.0,0.023364616
26528.0,0.1127947
26530.01,0.3948317
26532.0,0.6511374
26534.01,0.875166
26536.0,1.0863032
26538.0,1.2772984
26540.01,1.4537924
26542.0,1.610899
26544.0,1.7704736
26546.0,1.891375
26548.01,2.010616
26550.0,2.122654
26552.01,2.227393
26554.01,2.315262
26556.0,2.401469
26558.01,2.478864
26560.0,2.538484
26562.0,2.614217
26564.0,2.672226
26566.01,2.724645
26568.0,2.773792
26570.0,2.816492
26572.01,2.861611
26574.0,2.900334
26576.01,2.934978
26578.01,2.963176
26580.0,3.000238
26582.0,3.020379
26584.01,3.045356
26586.0,3.0671084
26588.0,3.088056
26590.01,3.106636
26592.0,3.124361
26594.01,3.138863
26596.01,3.151755
26598.0,3.164646
26600.0,3.1767308
26602.0,3.184787
26604.0,3.194456
26606.0,3.207346
26608.01,3.225877
26610.0,3.222655
26612.01,3.241185
26614.01,3.237156
26616.0,3.242797
26618.0,3.248436
26620.0,3.2532708
26622.0,3.257299
26624.0,3.262939
26626.01,3.265355
26628.0,3.266161
26630.01,3.272606
26632.01,3.275829
26634.0,3.278246
26636.0,3.281469
26638.0,3.28308
26640.01,3.287914
26642.0,3.285497
26644.01,3.292748
26646.01,3.289525
26648.0,3.291137
26650.01,3.291942
26652.0,3.042939
26654.0,2.781849
26656.0,2.537678
26658.01,2.3192908
26660.0,2.117821
26662.0,1.9381044
26664.01,1.7672508
26666.0,1.6141216
26668.01,1.478768
26670.01,1.3546436
26672.0,1.249906
26674.0,1.1306152
26676.01,1.0331284
26678.0,0.9476762
26680.0,0.866303
26682.01,0.7945476
26684.0,0.7276764
26686.01,0.6640282
26688.01,0.611609
26690.0,0.5576288
26692.0,0.5100938
26694.0,0.4673928
26696.0,0.4287204
26698.0,0.3932204
26700.01,0.3601876
26702.0,0.3311832
26704.01,0.302179
26706.01,0.2788144
26708.01,0.2562554
26710.0,0.2336964
26712.0,0.21033176
26714.0,0.19739064
26716.0,0.1828885
26718.01,0.16677496
26720.0,0.15146716
26722.01,0.141799
26724.01,0.12971384
26726.0,0.1192401
26728.0,0.10957196
26730.0,0.09265276
26732.01,0.09265276
26734.0,0.0886244
26736.01,0.08056764
26738.0,0.07170516
26740.0,0.0636484
26742.01,0.06284276
26744.0,0.05881435
26746.0,0.05559165
26748.0,0.05317464
26750.01,0.0507576
26752.0,0.05236894
26754.01,0.04028382
26756.01,0.04914626
26758.0,0.03544975
26760.01,0.03222704
26762.0,0.03303272
26764.0,0.02739299
26766.0,0.02175326
26768.01,0.025781632
26770.0,0.023364616
26772.0,0.02739299
26774.01,0.14824448
26776.0,0.4230805
26778.01,0.6728906
26780.01,0.8977244
26782.0,1.0863032
26784.0,1.299052
26786.0,1.464266
26788.0,1.62943
26790.0,1.7753072
26792.01,1.902655
26794.0,2.024312
26796.01,2.137157
26798.01,2.230616
26800.0,2.327347
26802.0,2.408719
26804.0,2.490143
26806.0,2.565876
26808.0,2.619857
26810.01,2.684362
26812.0,2.731091
26814.01,2.781849
26816.01,2.825355
26818.0,2.870473
26820.0,2.904362
26822.0,2.922892
26824.0,2.972039
26826.0,2.99782
26828.01,3.025214
26830.0,3.048579
26832.01,3.06872
26834.01,3.090474
26836.0,3.108248
26838.0,3.124361
26840.0,3.138863
26842.01,3.153366
26844.0,3.174314
26846.01,3.179953
26848.01,3.190427
26850.0,3.200096
26852.01,3.207346
26854.0,3.217821
26856.0,3.222655
26858.0,3.232322
26860.01,3.243602
26862.0,3.249242
26864.0,3.249242
26866.01,3.250854
26868.0,3.258105
26870.01,3.258911
26872.01,3.26455
26874.0,3.2709952
26876.0,3.279052
26878.01,3.275024
26880.0,3.27744
26882.0,3.3
26884.01,3.282275
26886.0,3.290331
26888.01,3.287109
26890.01,3.289525
26892.0,3.292748
26894.0,3.287914
26896.0,3.3
26898.0,3.007489
26900.0,2.743176
26902.01,2.506256
26904.0,2.292702
26906.01,2.092844
26908.01,1.9131284
26910.0,1.746303
26912.0,1.5939796
26914.0,1.461043
26916.0,1.3401416
26918.0,1.231325
26920.01,1.1185304
26922.0,1.0193816
26924.01,0.9420366
26926.01,0.8614692
26928.0,0.7881024
26930.0,0.717203
26932.0,0.6543602
26934.01,0.6035522
26936.0,0.5479606
26938.01,0.5052598
26940.0,0.4609474
26942.0,0.4359714
26944.01,0.3883863
26946.0,0.3561592
26948.0,0.3247378
26950.0,0.2989562
26952.01,0.2715632
26954.0,0.2538384
26956.01,0.2336964
26958.01,0.21597156
26960.0,0.1949736
26962.01,0.17886016
26964.01,0.16355224
26966.0,0.15227284
26968.0,0.139382
26970.01,0.11440604
26972.0,0.12165708
26974.0,0.10715492
26976.01,0.1007095
26978.0,0.0918471
26980.01,0.08701304
26982.01,0.08056764
26984.0,0.06848246
26986.0,0.0636484
26988.0,0.06203707
26990.0,0.06928818
26992.0,0.05156327
26994.01,0.04995193
26996.0,0.06203707
26998.01,0.04189516
27000.01,0.04028382
27002.0,0.03625542
27004.0,0.03786679
27006.0,0.03142138
27008.0,0.03303272
27010.0,0.02739299
27012.01,0.025781632
27014.0,0.02739299
27016.01,0.02417028
27018.01,0.02014191
27020.0,0.1812771
27022.0,0.4545022
27024.0,0.7002836
27026.01,0.9251178
27028.0,1.122559
27030.01,1.3151656
27032.0,1.4956876
27034.0,1.6471544
27036.01,1.7769184
27038.0,1.918768
27040.0,2.042842
27042.0,2.152464
27044.01,2.24834
27046.0,2.33782
27048.01,2.421611
27050.01,2.499812
27052.0,2.561848
27054.01,2.627915
27056.0,2.68275
27058.0,2.739148
27060.0,2.791518
27062.01,2.832607
27064.0,2.871279
27066.0,2.906779
27068.01,2.9373948
27070.0,2.96801
27072.01,3.002654
27074.01,3.026824
27076.0,3.042133
27078.0,3.072749
27080.01,3.079999
27082.0,3.117111
27084.0,3.125167
27086.01,3.142087
27088.0,3.155783
27090.01,3.168674
27092.01,3.183175
27094.0,3.195261
27096.0,3.200096
27098.0,3.21057
27100.0,3.217821
27102.0,3.219431
27104.01,3.232322
27106.0,3.237962
27108.01,3.246826
27110.01,3.250048
27112.0,3.2476308
27114.0,3.258911
27116.0,3.255687
27118.0,3.27019
27120.0,3.27019
27122.01,3.279857
27124.0,3.272606
27126.01,3.27744
27128.01,3.281469
27130.0,3.28308
27132.0,3.290331
27134.0,3.286303
27136.01,3.283885
27138.0,3.289525
27140.01,3.291137
27142.01,3.256493
27144.0,2.974455
27146.01,2.709338
27148.0,2.481281
27150.0,2.267677
27152.0,2.071091
27154.01,1.891375
27156.0,1.7301896
27158.01,1.5802832
27160.01,1.4457356
27162.0,1.324028
27164.01,1.210378
27166.01,1.1056396
27168.0,0.9936002
27170.0,0.9259234
27172.01,0.8493842
27174.0,0.7776286
27176.0,0.7115632
27178.01,0.6535544
27180.0,0.5922728
27182.01,0.5463492
27184.01,0.4851177
27186.0,0.4569191
27188.0,0.4214692
27190.0,0.3811353
27192.0,0.3513252
27194.0,0.3223209
27196.01,0.2997619
27198.0,0.2683405
27200.01,0.2393362
27202.01,0.23289076
27204.01,0.2095261
27206.0,0.1949736
27208.0,0.17886016
27210.0,0.16677496
27212.0,0.15066144
27214.01,0.13857636
27216.0,0.12971384
27218.01,0.11360036
27220.01,0.10715492
27222.0,0.11601738
27224.0,0.09587548
27226.0,0.084596
27228.01,0.07653924
27230.0,0.07009382
27232.01,0.06525976
27234.0,0.06203707
27236.0,0.05639736
27238.01,0.0539803
27240.0,0.04995193
27242.0,0.04270084
27244.0,0.04270084
27246.01,0.04028382
27248.0,0.03544975
27250.01,0.03947813
27252.01,0.02981002
27254.0,0.016919208
27256.01,0.02819868
27258.01,0.02658732
27260.0,0.01611352
27262.0,0.023364616
27264.01,0.02094758
27266.0,0.21758284
27268.0,0.4802837
27270.01,0.7252596
27272.0,0.9557334
27274.01,1.158814
27276.01,1.3449756
27278.0,1.514218
27280.0,1.6697636
27282.01,1.812369
27284.0,1.934076
27286.0,2.063034
27288.01,2.16455
27290.0,2.261231
27292.01,2.349905
27294.01,2.43289
27296.0,2.506256
27298.0,2.573934
27300.0,2.632749
27302.0,2.695641
27304.0,2.744788
27306.01,2.793128
27308.0,2.842275
27310.01,2.876113
27312.01,2.913224
27314.0,2.930949
27316.0,2.976067
27318.0,3.004266
27320.01,3.031659
27322.0,3.054218
27324.01,3.079193
27326.0,3.092084
27328.01,3.111471
27330.01,3.130001
27332.0,3.143698
27334.0,3.162229
27336.0,3.170286
27338.01,3.180759
27340.0,3.191233
27342.01,3.20493
27344.01,3.208958
27346.0,3.213792
27348.01,3.227488
27350.0,3.226683
27352.0,3.244408
27354.0,3.246826
27356.01,3.250048
27358.0,3.255687
27360.0,3.258105
27362.01,3.263744
27364.0,3.267772
27366.01,3.266161
27368.01,3.273412
27370.0,3.275829
27372.0,3.278246
27374.01,3.282275
27376.0,3.279052
27378.0,3.287109
27380.01,3.283885
27382.0,3.28872
27384.01,3.291942
27386.01,3.291137
27388.0,3.222655
27390.0,2.941423
27392.0,2.681945
27394.0,2.45706
27396.0,2.241089
27398.01,2.046065
27400.0,1.8720384
27402.01,1.711659
27404.01,1.563364
27406.01,1.4255436
27408.0,1.3095256
27410.0,1.1950696
27412.0,1.0959712
27414.0,1.0008512
27416.01,0.9154496
27418.0,0.8381044
27420.01,0.7655436
27422.01,0.7059234
27424.0,0.6430808
27426.0,0.58905
27428.0,0.5407096
27430.01,0.4931746
27432.0,0.4504738
27434.01,0.4101395
27436.0,0.3779124
27438.0,0.3497138
27440.01,0.3174868
27442.0,0.2949278
27444.0,0.2667292
27446.0,0.2457816
27448.01,0.2336964
27450.0,0.2079148
27452.01,0.1877226
27454.01,0.1772488
27456.0,0.1619409
27458.01,0.14824448
27460.01,0.13696492
27462.0,0.12568552
27464.0,0.11601738
27466.01,0.1079606
27468.0,0.0982925
27470.0,0.07331654
27472.01,0.0813733
27474.0,0.0773449
27476.01,0.07170516
27478.01,0.06687112
27480.0,0.0636484
27482.0,0.05639736
27484.0,0.05156327
27486.0,0.04914626
27488.0,0.04350652
27490.01,0.04672923
27492.0,0.03867246
27494.01,0.03706112
27496.01,0.03544975
27498.0,0.03383841
27500.0,0.029004348
27502.0,0.02739299
27504.0,0.025781632
27506.0,0.02417028
27508.01,0.02094758
27510.0,0.02094758
27512.01,0.24980992
27514.01,0.5181504
27516.0,0.7607096
27518.0,0.9790982
27520.0,1.180567
27522.01,1.364312
27524.0,1.531137
27526.01,1.685071
27528.0,1.822843
27530.01,1.956635
27532.01,2.073509
27534.0,2.172607
27536.0,2.269338
27538.0,2.357962
27540.01,2.436919
27542.0,2.514313
27544.01,2.582796
27546.01,2.641611
27548.0,2.702087
27550.01,2.75365
27552.0,2.797963
27554.0,2.840663
27556.0,2.882558
27558.01,2.913224
27560.0,2.952703
27562.0,2.980095
27564.01,3.009905
27566.0,3.030853
27568.01,3.056635
27570.01,3.077583
27572.0,3.096969
27574.0,3.117111
27576.01,3.130806
27578.0,3.146116
27580.0,3.154977
27582.01,3.16948
27584.0,3.183175
27586.01,3.192845
27588.01,3.203318
27590.0,3.211375
27592.0,3.220237
27594.0,3.220237
27596.0,3.233128
27598.0,3.240379
27600.01,3.246826
27602.0,3.250854
27604.01,3.260521
27606.01,3.260521
27608.0,3.263744
27610.0,3.26455
27612.0,3.2709952
27614.0,3.274218
27616.0,3.275829
27618.01,3.278246
27620.0,3.283885
27622.01,3.285497
27624.01,3.283885
27626.0,3.27744
27628.0,3.287914
27630.0,3.290331
27632.01,3.291942
27634.0,3.191233
27636.01,2.911613
27638.01,2.656919
27640.0,2.430474
27642.01,2.216919
27644.0,2.025118
27646.0,1.855875
27648.0,1.692322
27650.01,1.546445
27652.0,1.4158756
27654.01,1.2950236
27656.01,1.1837904
27658.0,1.083081
27660.01,0.9903774
27662.01,0.907393
27664.0,0.829242
27666.0,0.7590982
27668.01,0.6954496
27670.0,0.635024
27672.0,0.5874386
27674.01,0.534264
27676.0,0.4899519
27678.01,0.4488622
27680.01,0.4069169
27682.0,0.3722726
27684.0,0.33924
27686.0,0.3158754
27688.0,0.284454
27690.0,0.2618951
27692.01,0.23289076
27694.0,0.2288624
27696.01,0.2022247
27698.01,0.1836942
27700.01,0.1740261
27702.0,0.15710684
27704.0,0.14341032
27706.0,0.13374224
27708.0,0.12165708
27710.01,0.11440604
27712.0,0.10554354
27714.01,0.0974868
27716.01,0.0886244
27718.0,0.082179
27720.0,0.05639736
27722.0,0.07412224
27724.01,0.06767682
27726.0,0.0604257
27728.01,0.05559165
27730.0,0.05478598
27732.0,0.04834056
27734.01,0.04834056
27736.0,0.04028382
27738.0,0.03867246
27740.0,0.02175326
27742.01,0.03464409
27744.0,0.02981002
27746.01,0.029004348
27748.01,0.02819868
27750.0,0.023364616
27752.01,0.03544975
27754.01,0.023364616
27756.0,0.029004348
27758.0,0.2892881
27760.01,0.5487662
27762.0,0.8001876
27764.0,1.002463
27766.01,1.2023208
27768.0,1.3860648
27770.01,1.5504732
27772.01,1.7172988
27774.0,1.8397616
27776.0,1.964692
27778.01,2.079954
27780.0,2.187108
27782.0,2.262843
27784.01,2.366825
27786.0,2.453838
27788.01,2.523982
27790.01,2.593271
27792.0,2.649668
27794.0,2.708532
27796.0,2.756873
27798.0,2.807631
27800.0,2.843887
27802.01,2.884976
27804.0,2.922892
27806.01,2.954314
27808.01,2.980095
27810.0,3.013129
27812.0,3.036494
27814.0,3.059858
27816.01,3.081611
27818.0,3.100191
27820.01,3.117916
27822.0,3.134835
27824.01,3.138863
27826.01,3.159811
27828.0,3.173508
27830.0,3.18801
27832.0,3.196873
27834.01,3.201707
27836.0,3.215403
27838.01,3.220237
27840.01,3.227488
27842.0,3.235545
27844.01,3.24602
27846.0,3.24199
27848.0,3.249242
27850.0,3.256493
27852.01,3.2532708
27854.0,3.266161
27856.0,3.268578
27858.01,3.2709952
27860.0,3.274218
27862.01,3.276635
27864.01,3.276635
27866.0,3.278246
27868.0,3.282275
27870.01,3.28308
27872.0,3.28872
27874.0,3.290331
27876.01,3.292748
27878.0,3.28872
27880.01,3.146116
27882.01,2.874502
27884.0,2.627109
27886.0,2.386967
27888.0,2.202417
27890.0,2.000947
27892.0,1.8284824
27894.01,1.6770144
27896.0,1.522275
27898.01,1.398956
27900.01,1.27891
27902.01,1.1700936
27904.0,1.0701896
27906.0,0.9790982
27908.0,0.8928906
27910.0,0.8211352
27912.01,0.7558752
27914.0,0.6849756
27916.01,0.6318012
27918.01,0.576159
27920.0,0.5278188
27922.0,0.484312
27924.0,0.4391942
27926.01,0.4036941
27928.0,0.3746899
27930.01,0.3408514
27932.01,0.3037904
27934.0,0.284454
27936.01,0.259478
27938.0,0.2417532
27940.0,0.22080568
27942.0,0.21597156
27944.01,0.1893339
27946.0,0.171609
27948.01,0.15630116
27950.01,0.1490501
27952.0,0.13535364
27954.01,0.1224628
27956.01,0.1127947
27958.0,0.10554354
27960.0,0.09668114
27962.01,0.0878187
27964.0,0.082179
27966.0,0.07009382
27968.01,0.07009382
27970.0,0.06606544
27972.01,0.0604257
27974.01,0.0539803
27976.0,0.05156327
27978.0,0.0443122
27980.0,0.04592355
27982.0,0.04189516
27984.0,0.02175326
27986.01,0.03625542
27988.0,0.03222704
27990.01,0.0306157
27992.01,0.02739299
27994.01,0.029004348
27996.0,0.025781632
27998.0,0.023364616
28000.0,0.02255893
28002.0,0.03706112
28004.01,0.3174868
28006.0,0.5777704
28008.01,0.813884
28010.01,1.028244
28012.0,1.226491
28014.0,1.408624
28016.0,1.568198
28018.01,1.71891
28020.0,1.8550692
28022.01,1.9727484
28024.0,2.092844
28026.01,2.198388
28028.01,2.283035
28030.0,2.386161
28032.0,2.4627
28034.0,2.531233
28036.01,2.59891
28038.0,2.65853
28040.01,2.725451
28042.01,2.766541
28044.0,2.809242
28046.01,2.846303
28048.0,2.88986
28050.0,2.924504
28052.0,2.956731
28054.01,2.986541
28056.0,3.017157
28058.0,3.03891
28060.01,3.06308
28062.0,3.074359
28064.01,3.09858
28066.01,3.106636
28068.0,3.1356408
28070.0,3.148532
28072.01,3.159811
28074.0,3.174314
28076.0,3.183175
28078.01,3.194456
28080.0,3.200901
28082.01,3.217015
28084.01,3.222655
28086.0,3.2291
28088.0,3.23635
28090.0,3.24199
28092.0,3.24602
28094.0,3.2476308
28096.01,3.251659
28098.0,3.260521
28100.01,3.26455
28102.01,3.27019
28104.01,3.267772
28106.0,3.273412
28108.0,3.276635
28110.0,3.289525
28112.0,3.283885
28114.01,3.287109
28116.0,3.289525
28118.01,3.287914
28120.01,3.29436
28122.0,3.289525
28124.0,3.290331
28126.0,3.117111
28128.01,2.844692
28130.0,2.601327
28132.01,2.37327
28134.01,2.17019
28136.0,1.9783884
28138.01,1.811563
28140.0,1.643126
28142.0,1.511801
28144.0,1.3852592
28146.01,1.2660196
28148.0,1.1580088
28150.01,1.060522
28152.01,0.968624
28154.0,0.8888622
28156.01,0.811467
28158.01,0.7454014
28160.0,0.6809472
28162.0,0.6309956
28164.01,0.5681024
28166.0,0.518956
28168.0,0.4786724
28170.01,0.4383886
28172.0,0.4036941
28174.01,0.3674387
28176.01,0.3376286
28178.0,0.30943
28180.0,0.2836484
28182.0,0.2618951
28184.0,0.2409475
28186.0,0.2191943
28188.01,0.1998077
28190.0,0.1853055
28192.01,0.169192
28194.01,0.15146716
28196.01,0.1450217
28198.0,0.1321309
28200.0,0.1248798
28202.0,0.1127947
28204.0,0.0982925
28206.01,0.0910414
28208.0,0.08701304
28210.01,0.08620734
28212.01,0.07492788
28214.0,0.06848246
28216.0,0.0636484
28218.0,0.05881435
28220.01,0.0612314
28222.0,0.04834056
28224.01,0.0475349
28226.0,0.04350652
28228.01,0.04028382
28230.01,0.03867246
28232.0,0.03625542
28234.0,0.025781632
28236.0,0.04028382
28238.01,0.02981002
28240.0,0.029004348
28242.01,0.024975968
28244.01,0.02417028
28246.0,0.02175326
28248.01,0.06767682
28250.01,0.3513252
28252.0,0.609192
28254.0,0.841327
28256.01,1.054882
28258.0,1.252323
28260.0,1.4263492
28262.01,1.577061
28264.0,1.7366344
28266.01,1.868816
28268.01,1.993696
28270.0,2.108153
28272.0,2.210473
28274.01,2.303176
28276.0,2.388578
28278.0,2.465923
28280.01,2.534456
28282.0,2.597299
28284.01,2.663364
28286.01,2.716588
28288.0,2.7689576
28290.0,2.81327
28292.0,2.855166
28294.0,2.892277
28296.0,2.933366
28298.01,2.961564
28300.0,2.990569
28302.01,3.018768
28304.01,3.042939
28306.0,3.060664
28308.0,3.083222
28310.0,3.105026
28312.01,3.121139
28314.0,3.138058
28316.01,3.150949
28318.0,3.160617
28320.01,3.183175
28322.01,3.192845
28324.0,3.196067
28326.0,3.196067
28328.0,3.216209
28330.01,3.222655
28332.0,3.230711
28334.01,3.235545
28336.01,3.241185
28338.0,3.246826
28340.01,3.252465
28342.0,3.256493
28344.0,3.260521
28346.0,3.265355
28348.01,3.269384
28350.0,3.27019
28352.01,3.274218
28354.01,3.284691
28356.0,3.279052
28358.01,3.283885
28360.01,3.284691
28362.0,3.295165
28364.0,3.291137
28366.01,3.28872
28368.0,3.291942
28370.0,3.291942
28372.01,3.077583
28374.0,2.822132
28376.01,2.572323
28378.01,2.353128
28380.0,2.146019
28382.0,1.9654976
28384.0,1.7914208
28386.0,1.636681
28388.0,1.494882
28390.01,1.3699516
28392.0,1.256351
28394.01,1.1459232
28396.01,1.046825
28398.01,0.958956
28400.0,0.8783884
28402.0,0.8026046
28404.0,0.7341222
28406.0,0.6761132
28408.01,0.6180542
28410.0,0.5681024
28412.01,0.5165392
28414.01,0.4730325
28416.0,0.4359714
28418.0,0.3980543
28420.0,0.3642159
28422.01,0.3360173
28424.0,0.307013
28426.01,0.2788144
28428.01,0.2667292
28430.0,0.23772484
28432.01,0.21113744
28434.0,0.1981963
28436.0,0.1885282
28438.0,0.171609
28440.01,0.15388416
28442.0,0.141799
28444.01,0.13051952
28446.01,0.1208514
28448.0,0.10957196
28450.01,0.10312654
28452.01,0.082179
28454.0,0.09265276
28456.0,0.08056764
28458.01,0.06767682
28460.0,0.06848246
28462.0,0.0636484
28464.01,0.05559165
28466.0,0.05236894
28468.01,0.04995193
28470.01,0.03625542
28472.0,0.0443122
28474.0,0.0410895
28476.01,0.03947813
28478.0,0.03947813
28480.0,0.03464409
28482.01,0.0306157
28484.0,0.02658732
28486.01,0.02739299
28488.01,0.025781632
28490.01,0.011279464
28492.0,0.02255893
28494.0,0.1047379
28496.0,0.3835522
28498.0,0.6390522
28500.01,0.8711372
28502.0,1.080664
28504.01,1.2732704
28506.01,1.446541
28508.0,1.6012312
28510.0,1.7535544
28512.0,1.8873464
28514.01,2.009005
28516.0,2.121849
28518.01,2.2217532
28520.0,2.31365
28522.01,2.399052
28524.01,2.475642
28526.0,2.547346
28528.0,2.611801
28530.0,2.680283
28532.01,2.727868
28534.0,2.772986
28536.01,2.815688
28538.01,2.860805
28540.0,2.906779
28542.01,2.934978
28544.01,2.965593
28546.0,3.000238
28548.0,3.021185
28550.01,3.047773
28552.0,3.066303
28554.0,3.08725
28556.01,3.109054
28558.0,3.123556
28560.01,3.138863
28562.01,3.152561
28564.0,3.162229
28566.0,3.178342
28568.01,3.18801
28570.0,3.191233
28572.0,3.208152
28574.01,3.214598
28576.0,3.226683
28578.01,3.2291
28580.01,3.233934
28582.0,3.243602
28584.0,3.249242
28586.0,3.254076
28588.0,3.257299
28590.0,3.261327
28592.01,3.260521
28594.0,3.269384
28596.01,3.27019
28598.01,3.272606
28600.01,3.27744
28602.0,3.279857
28604.0,3.282275
28606.01,3.28308
28608.0,3.286303
28610.01,3.287109
28612.0,3.289525
28614.01,3.291942
28616.01,3.292748
28618.0,3.050995
28620.0,2.785878
28622.0,2.541706
28624.01,2.322513
28626.0,2.128294
28628.01,1.9381044
28630.01,1.7890036
28632.0,1.6197616
28634.01,1.481185
28636.0,1.3570608
28638.0,1.240238
28640.0,1.15398
28642.01,1.0363516
28644.0,0.948482
28646.01,0.8695258
28648.01,0.7953532
28650.0,0.7276764
28652.01,0.6664454
28654.01,0.6124146
28656.0,0.556823
28658.0,0.514122
28660.01,0.4690042
28662.0,0.4287204
28664.0,0.4012771
28666.01,0.3617989
28668.0,0.3360173
28670.01,0.3013732
28672.01,0.2780088
28674.0,0.247393
28676.0,0.2336964
28678.0,0.21597156
28680.0,0.2038361
28682.0,0.1836942
28684.01,0.1675806
28686.0,0.15307848
28688.01,0.1409933
28690.01,0.13293656
28692.01,0.1192401
28694.0,0.11198896
28696.0,0.09909816
28698.0,0.0910414
28700.0,0.0813733
28702.01,0.084596
28704.0,0.07412224
28706.01,0.0636484
28708.01,0.06203707
28710.0,0.05881435
28712.0,0.05317464
28714.0,0.04995193
28716.01,0.04350652
28718.0,0.0410895
28720.01,0.03544975
28722.0,0.02417028
28724.01,0.03464409
28726.01,0.03303272
28728.0,0.03142138
28730.0,0.02658732
28732.0,0.024975968
28734.01,0.024975968
28736.0,0.02014191
28738.01,0.01933623
28740.01,0.13857636
28742.0,0.4166352
28744.01,0.662417
28746.01,0.8936962
28748.0,1.1024168
28750.0,1.29019
28752.01,1.466683
28754.0,1.62943
28756.0,1.774502
28758.01,1.9018496
28760.0,2.029951
28762.01,2.137157
28764.01,2.233838
28766.0,2.32493
28768.0,2.409525
28770.01,2.486921
28772.0,2.556209
28774.0,2.619857
28776.01,2.677866
28778.0,2.730286
28780.01,2.779433
28782.01,2.836635
28784.0,2.869667
28786.0,2.910807
28788.0,2.9382
28790.0,2.968816
28792.0,2.9962092
28794.01,3.023602
28796.0,3.047773
28798.01,3.067914
28800.01,3.089668
28802.0,3.124361
28804.0,3.126778
28806.0,3.138863
28808.01,3.152561
28810.0,3.167868
28812.01,3.179147
28814.0,3.194456
28816.01,3.200901
28818.01,3.200901
28820.0,3.22346
28822.0,3.22346
28824.0,3.237962
28826.01,3.237156
28828.0,3.244408
28830.01,3.244408
28832.01,3.252465
28834.0,3.262939
28836.01,3.258911
28838.0,3.266161
28840.0,3.27019
28842.0,3.273412
28844.01,3.273412
28846.0,3.273412
28848.01,3.279052
28850.01,3.281469
28852.0,3.282275
28854.01,3.278246
28856.01,3.289525
28858.0,3.291137
28860.0,3.287914
28862.01,3.291942
28864.0,3.014739
28866.0,2.754456
28868.01,2.513507
28870.0,2.29512
28872.01,2.099289
28874.01,1.9179628
28876.0,1.745497
28878.0,1.6020368
28880.0,1.4650716
28882.0,1.3473928
28884.0,1.2248796
28886.01,1.129004
28888.0,1.0250216
28890.01,0.9396196
28892.01,0.8469668
28894.01,0.786491
28896.0,0.7188142
28898.0,0.6543602
28900.0,0.6027464
28902.0,0.5527948
28904.01,0.506871
28906.0,0.4617532
28908.01,0.4238865
28910.01,0.3875806
28912.0,0.359382
28914.0,0.3271548
28916.0,0.3005676
28918.01,0.2747859
28920.0,0.2530327
28922.01,0.2409475
28924.01,0.21194324
28926.0,0.1957793
28928.01,0.1836942
28930.0,0.164358
28932.0,0.1587182
28934.0,0.14824448
28936.01,0.12568552
28938.0,0.11843436
28940.01,0.1127947
28942.01,0.10715492
28944.0,0.09265276
28946.01,0.08540166
28948.01,0.07815058
28950.0,0.07170516
28952.0,0.0708995
28954.01,0.06687112
28956.0,0.05800869
28958.0,0.05317464
28960.01,0.04995193
28962.0,0.04672923
28964.01,0.04350652
28966.01,0.03786679
28968.0,0.03706112
28970.0,0.014502172
28972.01,0.03142138
28974.0,0.02981002
28976.0,0.029004348
28978.01,0.02658732
28980.0,0.024975968
28982.01,0.023364616
28984.01,0.01933623
28986.01,0.16999768
28988.0,0.4456396
28990.0,0.6986724
28992.0,0.924312
28994.0,1.125781
28996.01,1.324834
28998.0,1.489242
29000.01,1.6479604
29002.01,1.7890036
29004.0,1.919574
29006.0,2.037203
29008.0,2.146824
29010.01,2.245118
29012.0,2.33218
29014.01,2.419195
29016.0,2.493366
29018.01,2.565071
29020.01,2.627915
29022.0,2.685168
29024.0,2.737537
29026.0,2.790712
29028.01,2.81891
29030.0,2.87853
29032.01,2.911613
29034.01,2.94384
29036.0,2.974455
29038.01,2.999432
29040.01,3.032464
29042.0,3.049384
29044.0,3.071943
29046.01,3.080805
29048.0,3.111471
29050.01,3.12839
29052.01,3.142087
29054.0,3.155783
29056.01,3.170286
29058.01,3.180759
29060.0,3.192039
29062.0,3.207346
29064.01,3.2121808
29066.0,3.213792
29068.0,3.226683
29070.01,3.233128
29072.0,3.237156
29074.01,3.243602
29076.01,3.250854
29078.0,3.254076
29080.0,3.259715
29082.0,3.263744
29084.0,3.266161
29086.0,3.268578
29088.01,3.2718
29090.0,3.275024
29092.01,3.278246
29094.01,3.28872
29096.01,3.282275
29098.0,3.284691
29100.0,3.286303
29102.01,3.282275
29104.0,3.282275
29106.01,3.291137
29108.0,3.266967
29110.01,2.984124
29112.01,2.721423
29114.0,2.486115
29116.0,2.274978
29118.0,2.0743132
29120.01,1.905878
29122.0,1.734218
29124.01,1.5835064
29126.01,1.459432
29128.0,1.324028
29130.01,1.2111832
29132.0,1.1080568
29134.0,1.016965
29136.0,0.926729
29138.01,0.8526068
29140.0,0.7663492
29142.01,0.7155916
29144.01,0.651943
29146.0,0.593884
29148.01,0.5471548
29150.01,0.5012316
29152.0,0.4585305
29154.0,0.4198579
29156.01,0.3843578
29158.0,0.356965
29160.0,0.3231265
29162.01,0.2917052
29164.0,0.269952
29166.01,0.2506158
29168.01,0.22805676
29170.0,0.21033176
29172.0,0.21194324
29174.01,0.17886016
29176.0,0.1627466
29178.0,0.15066144
29180.01,0.1377706
29182.0,0.1272968
29184.01,0.12004576
29186.01,0.10715492
29188.01,0.09587548
29190.0,0.0918471
29192.0,0.08701304
29194.0,0.0773449
29196.0,0.07251084
29198.01,0.06767682
29200.0,0.06284276
29202.01,0.05720302
29204.01,0.03947813
29206.0,0.0539803
29208.0,0.04511786
29210.0,0.04350652
29212.01,0.03867246
29214.0,0.03706112
29216.01,0.03303272
29218.01,0.03222704
29220.01,0.03222704
29222.01,0.02819868
29224.0,0.01530785
29226.0,0.029004348
29228.0,0.02175326
29230.01,0.025781632
29232.0,0.20872048
29234.01,0.4770611
29236.01,0.724454
29238.0,0.9468706
29240.01,1.151563
29242.01,1.336919
29244.0,1.4852136
29246.0,1.6641236
29248.01,1.8035064
29250.0,1.929242
29252.0,2.049288
29254.01,2.158909
29256.0,2.255591
29258.01,2.345877
29260.01,2.427251
29262.0,2.507868
29264.0,2.569905
29266.01,2.63436
29268.0,2.689196
29270.0,2.7512324
29272.01,2.795546
29274.0,2.833413
29276.01,2.873696
29278.01,2.911613
29280.01,2.94384
29282.0,2.967204
29284.0,3.007489
29286.0,3.02763
29288.0,3.054218
29290.01,3.073554
29292.0,3.095357
29294.01,3.111471
29296.01,3.131612
29298.01,3.146116
29300.0,3.157395
29302.0,3.16384
29304.01,3.183981
29306.0,3.187204
29308.01,3.195261
29310.0,3.209764
29312.01,3.216209
29314.01,3.2291
29316.0,3.232322
29318.0,3.228294
29320.0,3.243602
29322.01,3.249242
29324.0,3.266161
29326.01,3.258911
29328.01,3.266967
29330.0,3.262133
29332.01,3.269384
29334.0,3.27744
29336.0,3.275829
29338.0,3.279052
29340.01,3.281469
29342.0,3.28308
29344.01,3.283885
29346.01,3.282275
29348.0,3.28308
29350.01,3.289525
29352.01,3.292748
29354.0,3.225071
29356.0,2.948675
29358.01,2.691613
29360.0,2.461894
29362.0,2.247534
29364.01,2.049288
29366.0,1.878484
29368.01,1.7156876
29370.01,1.5722268
29372.0,1.4336
29374.0,1.3159716
29376.0,1.2023208
29378.0,1.096777
29380.0,0.9976286
29382.01,0.9186724
29384.0,0.8397158
29386.01,0.771989
29388.01,0.704312
29390.01,0.6309956
29392.0,0.5946896
29394.0,0.5407096
29396.01,0.4963972
29398.0,0.4536965
29400.01,0.4166352
29402.0,0.3811353
29404.01,0.346491
29406.01,0.3174868
29408.0,0.2973448
29410.0,0.2683405
29412.0,0.2457816
29414.01,0.22080568
29416.0,0.2079148
29418.01,0.1877226
29420.01,0.17644308
29422.01,0.1627466
29424.01,0.14663308
29426.0,0.13696492
29428.0,0.139382
29430.0,0.11601738
29432.01,0.10634928
29434.0,0.1015152
29436.01,0.0910414
29438.01,0.09990386
29440.0,0.08620734
29442.01,0.07170516
29444.01,0.0644541
29446.0,0.05800869
29448.0,0.05962004
29450.01,0.05720302
29452.0,0.04834056
29454.0,0.04672923
29456.01,0.0443122
29458.0,0.03383841
29460.01,0.04028382
29462.01,0.03464409
29464.0,0.03222704
29466.0,0.02658732
29468.01,0.02819868
29470.0,0.02255893
29472.0,0.02819868
29474.01,0.02255893
29476.0,0.029004348
29478.01,0.24255884
29480.01,0.5108994
29482.01,0.763932
29484.0,0.9750694
29486.0,1.1652596
29488.0,1.361089
29490.0,1.5230804
29492.01,1.681043
29494.0,1.8188144
29496.01,1.9485776
29498.01,2.067063
29500.0,2.172607
29502.0,2.266871
29504.0,2.35635
29506.01,2.428057
29508.0,2.510285
29510.01,2.581186
29512.0,2.642416
29514.01,2.6980584
29516.01,2.748816
29518.0,2.798768
29520.0,2.843081
29522.0,2.877724
29524.01,2.916447
29526.0,2.950285
29528.01,2.980095
29530.01,2.999432
29532.0,3.035687
29534.01,3.059052
29536.01,3.078388
29538.0,3.096163
29540.0,3.121139
29542.01,3.134835
29544.0,3.146116
29546.01,3.159811
29548.01,3.175119
29550.0,3.179147
29552.01,3.196873
29554.01,3.202513
29556.0,3.211375
29558.0,3.219431
29560.01,3.232322
29562.0,3.23635
29564.0,3.239573
29566.01,3.242797
29568.0,3.250048
29570.01,3.256493
29572.01,3.261327
29574.0,3.262133
29576.0,3.266161
29578.0,3.266161
29580.0,3.275829
29582.0,3.276635
29584.01,3.279052
29586.0,3.281469
29588.01,3.28308
29590.01,3.285497
29592.01,3.279052
29594.0,3.287914
29596.0,3.290331
29598.01,3.287914
29600.0,3.196873
29602.01,2.917252
29604.0,2.660947
29606.01,2.43289
29608.01,2.216113
29610.0,2.029951
29612.0,1.8550692
29614.0,1.7019912
29616.01,1.5512792
29618.0,1.4207092
29620.01,1.2966352
29622.01,1.1854016
29624.0,1.0959712
29626.01,0.988766
29628.0,0.9057816
29630.0,0.8348818
29632.0,0.7615152
29634.01,0.694644
29636.0,0.6382466
29638.01,0.5850216
29640.01,0.5326526
29642.0,0.4891463
29644.01,0.4448339
29646.01,0.4126069
29648.0,0.3754955
29650.0,0.344074
29652.01,0.3158754
29654.0,0.2908994
29656.0,0.2643122
29658.01,0.24900424
29660.0,0.2248341
29662.01,0.2054474
29664.01,0.1998077
29666.0,0.1756374
29668.0,0.16032952
29670.01,0.1474387
29672.0,0.1289082
29674.0,0.1289082
29676.01,0.1152117
29678.0,0.10957196
29680.01,0.0982925
29682.01,0.0886244
29684.01,0.09265276
29686.0,0.07492788
29688.0,0.07492788
29690.0,0.06525976
29692.0,0.05881435
29694.01,0.0475349
29696.0,0.04834056
29698.01,0.04914626
29700.01,0.0507576
29702.0,0.0410895
29704.0,0.02417028
29706.0,0.03706112
29708.01,0.03544975
29710.0,0.03706112
29712.01,0.029004348
29714.01,0.02739299
29716.01,0.024975968
29718.01,0.02417028
29720.0,0.03625542
29722.0,0.025781632
29724.0,0.2763974
29726.01,0.5423208
29728.0,0.7824624
29730.01,1.0040744
29732.01,1.1974868
29734.0,1.383648
29736.01,1.547251
29738.01,1.6987684
29740.0,1.82526
29742.0,1.9654976
29744.01,2.079148
29746.0,2.18308
29748.0,2.277395
29750.01,2.365213
29752.0,2.44417
29754.01,2.523982
29756.01,2.5884368
29758.0,2.649668
29760.0,2.704503
29762.01,2.775402
29764.0,2.801185
29766.0,2.846303
29768.01,2.893888
29770.0,2.92128
29772.01,2.973649
29774.01,2.982512
29776.01,3.009905
29778.0,3.034881
29780.0,3.059052
29782.0,3.074359
29784.0,3.097775
29786.01,3.113888
29788.0,3.133224
29790.01,3.144504
29792.01,3.160617
29794.01,3.171896
29796.0,3.183175
29798.0,3.193651
29800.01,3.20493
29802.0,3.2121808
29804.01,3.214598
29806.0,3.226683
29808.01,3.231516
29810.01,3.240379
29812.0,3.246826
29814.0,3.2532708
29816.0,3.256493
29818.01,3.259715
29820.0,3.258911
29822.01,3.266967
29824.01,3.27019
29826.0,3.274218
29828.01,3.276635
29830.01,3.278246
29832.0,3.281469
29834.0,3.28308
29836.01,3.285497
29838.0,3.287109
29840.01,3.290331
29842.01,3.291942
29844.0,3.289525
29846.01,3.158201
29848.01,2.876918
29850.0,2.631943
29852.0,2.405497
29854.01,2.185498
29856.0,2.008199
29858.0,1.8349276
29860.01,1.680237
29862.0,1.530332
29864.01,1.40379
29866.01,1.282938
29868.0,1.1725104
29870.0,1.074218
29872.0,0.9782926
29874.0,0.89853
29876.0,0.829242
29878.01,0.7526528
29880.0,0.689004
29882.01,0.6463036
29884.01,0.5777704
29886.01,0.5374866
29888.0,0.4802837
29890.0,0.4456396
29892.01,0.4069169
29894.0,0.3722726
29896.01,0.3505195
29898.0,0.314264
29900.01,0.2860654
29902.01,0.2618951
29904.0,0.2393362
29906.0,0.22322264
29908.0,0.20872048
29910.01,0.1877226
29912.0,0.17080332
29914.01,0.15710684
29916.01,0.1450217
29918.01,0.1272968
29920.01,0.1208514
29922.0,0.11843436
29924.0,0.11037764
29926.0,0.09587548
29928.01,0.0950698
29930.0,0.082179
29932.01,0.084596
29934.01,0.07170516
29936.0,0.06525976
29938.01,0.0612314
29940.01,0.05559165
29942.0,0.0507576
29944.0,0.0507576
29946.01,0.04592355
29948.0,0.04028382
29950.0,0.03786679
29952.01,0.03222704
29954.0,0.03383841
29956.01,0.0306157
29958.01,0.03947813
29960.0,0.02739299
29962.0,0.02658732
29964.01,0.02417028
29966.0,0.02255893
29968.0,0.013696496
29970.01,0.2925108
29972.0,0.5745476
29974.01,0.8074384
29976.01,1.0201876
29978.01,1.220851
29980.0,1.402179
29982.0,1.5665868
29984.0,1.714076
29986.0,1.855875
29988.01,1.9735544
29990.0,2.103318
29992.01,2.196777
29994.01,2.290285
29996.0,2.377299
29998.0,2.45706
30000.0,2.5296216
30002.01,2.590853
30004.0,2.656113
30006.01,2.711754
30008.01,2.761707
30010.01,2.809242
30012.01,2.8511376
30014.0,2.891471
30016.0,2.925309
30018.0,2.958342
30020.01,2.984124
30022.0,3.013934
30024.01,3.03891
30026.01,3.062274
30028.0,3.073554
30030.01,3.113888
30032.01,3.118721
30034.0,3.130806
30036.0,3.146116
30038.01,3.16384
30040.0,3.178342
30042.01,3.188815
30044.01,3.195261
30046.0,3.204124
30048.01,3.21057
30050.01,3.221043
30052.0,3.228294
30054.0,3.23635
30056.01,3.242797
30058.0,3.246826
30060.0,3.251659
30062.01,3.244408
30064.0,3.260521
30066.01,3.262939
30068.01,3.269384
30070.01,3.2718
30072.0,3.274218
30074.0,3.279052
30076.0,3.278246
30078.0,3.284691
30080.01,3.281469
30082.0,3.287914
30084.01,3.290331
30086.01,3.291942
30088.01,3.292748
30090.0,3.292748
30092.0,3.125973
30094.01,2.856777
30096.0,2.601327
30098.01,2.382133
30100.0,2.175023
30102.01,1.9872504
30104.01,1.8188144
30106.0,1.661707
30108.0,1.5174404
30110.0,1.390094
30112.01,1.270853
30114.0,1.161231
30116.01,1.062133
30118.01,0.971041
30120.01,0.8912794
30122.01,0.8146898
30124.0,0.7462074
30126.0,0.6825588
30128.0,0.6237444
30130.01,0.5769646
30132.0,0.5278188
30134.01,0.4810894
30136.01,0.44
30138.0,0.4109452
30140.01,0.3690501
30142.01,0.3287663
30144.0,0.30943
30146.0,0.2949278
30148.01,0.259478
30150.0,0.2393362
30152.0,0.22
30154.01,0.1998077
30156.0,0.1861112
30158.01,0.1683863
30160.01,0.15710684
30162.0,0.1409933
30164.0,0.13293656
30166.01,0.12326848
30168.0,0.11440604
30170.0,0.1039322
30172.01,0.0918471
30174.0,0.0878187
30176.01,0.0813733
30178.01,0.07251084
30180.01,0.07009382
30182.0,0.0636484
30184.0,0.06687112
30186.0,0.05478598
30188.0,0.05156327
30190.01,0.0475349
30192.0,0.04028382
30194.01,0.03383841
30196.01,0.03464409
30198.0,0.03706112
30200.0,0.03625542
30202.0,0.03222704
30204.01,0.023364616
30206.0,0.03222704
30208.01,0.025781632
30210.01,0.02819868
30212.01,0.02175326
30214.01,0.0612314
30216.0,0.346491
30218.0,0.604358
30220.0,0.8429384
30222.01,1.0524648
30224.0,1.2474888
30226.01,1.421515
30228.01,1.5851176
30230.0,1.7374404
30232.01,1.868816
30234.01,1.981611
30236.0,2.115404
30238.0,2.206445
30240.01,2.295925
30242.0,2.3845492
30244.01,2.457866
30246.01,2.53929
30248.0,2.603744
30250.01,2.665781
30252.01,2.717394
30254.0,2.767346
30256.0,2.814882
30258.01,2.85436
30260.0,2.899528
30262.0,2.930949
30264.01,2.963176
30266.0,2.989764
30268.01,3.018768
30270.01,3.039716
30272.01,3.065498
30274.0,3.0848332
30276.0,3.102608
30278.0,3.121139
30280.0,3.13967
30282.01,3.154977
30284.0,3.167062
30286.01,3.177536
30288.01,3.187204
30290.01,3.192845
30292.0,3.205736
30294.0,3.215403
30296.01,3.222655
30298.0,3.230711
30300.01,3.235545
30302.0,3.240379
30304.01,3.246826
30306.01,3.250854
30308.0,3.268578
30310.0,3.262133
30312.0,3.265355
30314.01,3.269384
30316.0,3.27019
30318.01,3.273412
30320.01,3.279857
30322.0,3.279052
30324.01,3.280663
30326.01,3.284691
30328.0,3.285497
30330.0,3.28872
30332.01,3.287914
30334.0,3.290331
30336.01,3.292748
30338.01,3.088862
30340.0,2.819716
30342.01,2.579574
30344.01,2.357156
30346.0,2.150853
30348.0,1.9654976
30350.01,1.796255
30352.0,1.636681
30354.0,1.49891
30356.01,1.371563
30358.0,1.2636024
30360.01,1.1459232
30362.01,1.0484364
30364.0,0.9678184
30366.0,0.88
30368.01,0.804216
30370.0,0.738956
30372.0,0.6728906
30374.01,0.626967
30376.0,0.5608514
30378.01,0.518956
30380.01,0.4730325
30382.01,0.4343601
30384.0,0.4053056
30386.0,0.3658272
30388.01,0.3384343
30390.0,0.3158754
30392.01,0.2804257
30394.0,0.2659236
30396.01,0.23691908
30398.01,0.21597156
30400.0,0.2006134
30402.0,0.1828885
30404.0,0.16355224
30406.01,0.15710684
30408.0,0.1450217
30410.01,0.13051952
30412.01,0.1208514
30414.01,0.1111833
30416.01,0.1023209
30418.0,0.0942641
30420.0,0.084596
30422.0,0.07251084
30424.01,0.07492788
30426.0,0.06928818
30428.01,0.06203707
30430.01,0.05881435
30432.0,0.05720302
30434.01,0.05478598
30436.01,0.04592355
30438.0,0.04511786
30440.0,0.05156327
30442.01,0.03867246
30444.0,0.02739299
30446.0,0.03544975
30448.01,0.02819868
30450.0,0.03142138
30452.01,0.02658732
30454.01,0.02819868
30456.0,0.02658732
30458.0,0.02014191
30460.01,0.1015152
30462.0,0.3763011
30464.0,0.6326068
30466.01,0.867109
30468.0,1.0774404
30470.01,1.2684368
30472.01,1.4457356
30474.01,1.6052596
30476.0,1.752749
30478.0,1.881707
30480.0,2.006587
30482.0,2.119432
30484.01,2.22417
30486.0,2.31365
30488.01,2.399858
30490.01,2.473174
30492.01,2.544124
30494.0,2.607772
30496.0,2.663364
30498.01,2.723839
30500.0,2.772986
30502.01,2.818104
30504.01,2.858388
30506.01,2.89711
30508.01,2.927726
30510.0,2.963982
30512.0,2.992987
30514.0,3.020379
30516.01,3.045356
30518.0,3.0671084
30520.01,3.085639
30522.01,3.103414
30524.0,3.121945
30526.01,3.138058
30528.01,3.151755
30530.0,3.159811
30532.0,3.180759
30534.01,3.186399
30536.0,3.196067
30538.01,3.207346
30540.01,3.220237
30542.0,3.225071
30544.01,3.233128
30546.01,3.241185
30548.0,3.242797
30550.0,3.248436
30552.01,3.258105
30554.0,3.257299
30556.0,3.256493
30558.01,3.261327
30560.0,3.27019
30562.01,3.279052
30564.01,3.275024
30566.01,3.27744
30568.0,3.27744
30570.0,3.279052
30572.0,3.282275
30574.0,3.286303
30576.01,3.28872
30578.0,3.291137
30580.01,3.291137
30582.01,3.290331
30584.01,3.053413
30586.0,2.788294
30588.0,2.545735
30590.01,2.32493
30592.0,2.126683
30594.01,1.9397156
30596.0,1.771279
30598.01,1.6213732
30600.01,1.4803796
30602.0,1.357866
30604.0,1.2450716
30606.0,1.1346436
30608.01,1.0387684
30610.0,0.9508994
30612.01,0.8695258
30614.01,0.8009934
30616.01,0.7333164
30618.01,0.6616112
30620.01,0.6099976
30622.0,0.5600458
30624.0,0.5221788
30626.01,0.4673928
30628.0,0.4287204
30630.01,0.394026
30632.01,0.3601876
30634.0,0.334406
30636.01,0.302179
30638.01,0.2812313
30640.0,0.2546441
30642.0,0.23289076
30644.01,0.21758284
30646.0,0.199002
30648.0,0.1812771
30650.01,0.1659693
30652.0,0.15307848
30654.01,0.13696492
30656.01,0.12568552
30658.0,0.12004576
30660.0,0.1127947
30662.01,0.1007095
30664.0,0.0950698
30666.0,0.08620734
30668.01,0.07895626
30670.0,0.05962004
30672.01,0.06767682
30674.01,0.05962004
30676.01,0.05720302
30678.0,0.0539803
30680.0,0.04028382
30682.01,0.04592355
30684.0,0.0443122
30686.01,0.03947813
30688.0,0.03706112
30690.01,0.03383841
30692.01,0.03222704
30694.0,0.03383841
30696.0,0.0306157
30698.0,0.02819868
30700.01,0.02417028
30702.0,0.02417028
30704.01,0.023364616
30706.01,0.1272968
30708.01,0.4077225
30710.01,0.6616112
30712.0,0.8912794
30714.0,1.099194
30716.0,1.292607
30718.01,1.4626544
30720.0,1.6229848
30722.01,1.7656396
30724.01,1.900237
30726.0,2.020284
30728.01,2.132323
30730.01,2.231421
30732.0,2.322513
30734.0,2.407109
30736.01,2.481281
30738.0,2.550569
30740.01,2.622274
30742.01,2.678672
30744.0,2.730286
30746.01,2.781849
30748.01,2.822938
30750.0,2.875307
30752.0,2.903556
30754.01,2.9382
30756.0,2.965593
30758.0,2.9962092
30760.01,3.021185
30762.0,3.048579
30764.01,3.0671084
30766.01,3.090474
30768.01,3.108248
30770.0,3.123556
30772.0,3.142087
30774.0,3.154977
30776.0,3.168674
30778.01,3.177536
30780.0,3.186399
30782.01,3.208152
30784.01,3.208958
30786.01,3.221043
30788.0,3.225071
30790.0,3.232322
30792.01,3.238768
30794.0,3.243602
30796.01,3.250048
30798.0,3.248436
30800.01,3.260521
30802.01,3.261327
30804.0,3.266161
30806.0,3.267772
30808.0,3.2709952
30810.01,3.274218
30812.0,3.279052
30814.01,3.279857
30816.01,3.291942
30818.0,3.284691
30820.01,3.287109
30822.01,3.28872
30824.0,3.289525
30826.0,3.289525
30828.01,3.292748
30830.0,3.025214
30832.01,2.758484
30834.01,2.518341
30836.0,2.300759
30838.01,2.103318
30840.01,1.9203792
30842.0,1.7543604
30844.0,1.6076768
30846.01,1.468295
30848.0,1.346587
30850.0,1.2272964
30852.01,1.12417
30854.0,1.0298552
30856.01,0.941231
30858.01,0.867109
30860.0,0.788908
30862.0,0.7236482
30864.01,0.66
30866.0,0.6051636
30868.0,0.5632682
30870.01,0.511705
30872.0,0.4649759
30874.01,0.4246921
30876.01,0.386775
30878.01,0.3601876
30880.0,0.3287663
30882.0,0.2876767
30884.01,0.2804257
30886.0,0.2538384
30888.01,0.2345021
30890.0,0.2135545
30892.01,0.1820828
30894.01,0.1844998
30896.0,0.16516368
30898.0,0.15227284
30900.0,0.13696492
30902.01,0.1289082
30904.0,0.1176287
30906.01,0.1079606
30908.01,0.09990386
30910.01,0.08620734
30912.01,0.082179
30914.0,0.082179
30916.0,0.07251084
30918.0,0.06767682
30920.01,0.0539803
30922.0,0.05720302
30924.01,0.05317464
30926.01,0.04914626
30928.0,0.04592355
30930.01,0.03706112
30932.01,0.03786679
30934.0,0.03625542
30936.0,0.04028382
30938.01,0.03222704
30940.0,0.025781632
30942.0,0.02739299
30944.01,0.02255893
30946.0,0.024975968
30948.01,0.02255893
30950.01,0.02094758
30952.0,0.1675806
30954.0,0.4383886
30956.01,0.68981
30958.0,0.9106158
30960.0,1.1209476
30962.01,1.312749
30964.0,1.4827964
30966.01,1.641515
30968.01,1.785781
30970.01,1.9123228
30972.0,2.037203
30974.0,2.146824
30976.0,2.242701
30978.0,2.340237
30980.01,2.418389
30982.0,2.492561
30984.01,2.565071
30986.01,2.624692
30988.01,2.68275
30990.0,2.735925
30992.0,2.786683
30994.01,2.8277724
30996.0,2.869667
30998.01,2.906779
31000.01,2.939812
31002.01,2.970427
31004.01,3.000238
31006.0,3.025214
31008.0,3.049384
31010.0,3.071137
31012.01,3.092084
31014.0,3.106636
31016.01,3.124361
31018.01,3.1412816
31020.0,3.155783
31022.01,3.168674
31024.01,3.179953
31026.0,3.189621
31028.0,3.192039
31030.01,3.209764
31032.0,3.221043
31034.01,3.225877
31036.01,3.230711
31038.0,3.238768
31040.01,3.246826
31042.01,3.249242
31044.0,3.254076
31046.0,3.255687
31048.01,3.262939
31050.0,3.266161
31052.0,3.2718
31054.01,3.272606
31056.0,3.273412
31058.01,3.278246
31060.01,3.279857
31062.01,3.283885
31064.0,3.285497
31066.01,3.287914
31068.0,3.287109
31070.0,3.287914
31072.01,3.289525
31074.0,3.2709952
31076.01,2.986541
31078.01,2.730286
31080.01,2.4941716
31082.0,2.274978
31084.0,2.079954
31086.01,1.8994316
31088.0,1.738246
31090.01,1.5867288
31092.0,1.4562092
31094.01,1.334502
31096.01,1.209572
31098.0,1.112891
31100.0,1.012937
31102.0,0.9299518
31104.01,0.854218
31106.0,0.7784342
31108.01,0.714786
31110.01,0.6575828
31112.01,0.5971068
31114.01,0.526207
31116.01,0.5004256
31118.0,0.4617532
31120.0,0.4190522
31122.01,0.3851636
31124.0,0.3545479
31126.01,0.3239322
31128.01,0.2836484
31130.0,0.2739803
31132.01,0.247393
31134.01,0.2417532
31136.0,0.2095261
31138.0,0.196585
31140.01,0.17886016
31142.0,0.1619409
31144.0,0.164358
31146.01,0.1377706
31148.0,0.1272968
31150.01,0.11843436
31152.01,0.1079606
31154.0,0.0974868
31156.0,0.0918471
31158.01,0.08056764
31160.0,0.07815058
31162.0,0.06767682
31164.01,0.06606544
31166.0,0.06203707
31168.01,0.05639736
31170.01,0.05317464
31172.01,0.04834056
31174.0,0.04672923
31176.0,0.04350652
31178.01,0.03786679
31180.0,0.03464409
31182.01,0.05559165
31184.0,0.03142138
31186.01,0.0306157
31188.01,0.02981002
31190.01,0.024975968
31192.0,0.02981002
31194.0,0.02417028
31196.01,0.02255893
31198.0,0.2038361
31200.01,0.4722268
31202.01,0.7196198
31204.01,0.943648
31206.01,1.1475344
31208.0,1.3353072
31210.0,1.5037444
31212.0,1.6600952
31214.01,1.798673
31216.0,1.9300476
31218.01,2.046871
31220.01,2.151658
31222.0,2.254786
31224.01,2.3490992
31226.01,2.424834
31228.0,2.494977
31230.0,2.572323
31232.01,2.63436
31234.0,2.694835
31236.01,2.750428
31238.01,2.7891
31240.0,2.834218
31242.01,2.871279
31244.01,2.910001
31246.0,2.941423
31248.0,2.978484
31250.0,3.005877
31252.0,3.030047
31254.01,3.053413
31256.02,3.075165
31258.0,3.089668
31260.01,3.10986
31262.0,3.127584
31264.01,3.144504
31266.01,3.167868
31268.0,3.168674
31270.0,3.184787
31271.992,3.192845
31274.02,3.200901
31276.0,3.211375
31278.01,3.218626
31280.0,3.22346
31282.01,3.226683
31284.01,3.239573
31286.0,3.243602
31288.0,3.256493
31289.992,3.257299
31292.02,3.259715
31294.01,3.26455
31296.01,3.266967
31298.0,3.2709952
31300.01,3.267772
31302.01,3.275829
31304.0,3.279857
31306.0,3.281469
31307.992,3.281469
31310.02,3.279052
31312.01,3.285497
31314.01,3.287109
31316.0,3.289525
31318.01,3.292748
31320.01,3.240379
31322.0,2.958342
31324.0,2.6980584
31325.992,2.460284
31328.02,2.249146
31330.01,2.058151
31332.01,1.885735
31334.0,1.719716
31336.0,1.5714212
31338.01,1.4376284
31340.0,1.3143604
31342.01,1.194264
31343.992,1.104028
31346.02,1.0056856
31348.01,0.9202836
31350.01,0.8421326
31352.0,0.7744058
31354.0,0.706729
31356.01,0.6543602
31358.0,0.5930784
31360.01,0.5423208
31361.992,0.4963972
31364.02,0.4528908
31366.01,0.4174409
31368.01,0.3795239
31370.0,0.3489082
31372.01,0.3207094
31374.02,0.2949278
31376.0,0.269952
31378.01,0.247393
31379.992,0.22322264
31382.0,0.2046418
31384.01,0.1893339
31386.01,0.17080332
31388.0,0.1611353
31390.01,0.15146716
31392.02,0.1426047
31394.0,0.1264912
31396.01,0.11601738
31397.992,0.10715492
31400.0,0.09668114
31402.01,0.0910414
31404.02,0.08540166
31406.0,0.07653924
31408.01,0.07412224
31410.02,0.06606544
31412.0,0.05800869
31414.01,0.05720302
31415.992,0.05156327
31418.0,0.04834056
31420.01,0.04672923
31422.02,0.04511786
31424.0,0.04028382
31426.01,0.03625542
31427.992,0.025781632
31430.0,0.03222704
31432.01,0.02981002
31434.0,0.02819868
31436.0,0.024975968
31438.01,0.016919208
31440.02,0.02255893
31442.0,0.02175326
31444.01,0.2417532
31445.992,0.5036484
31448.0,0.7454014
31450.01,0.971041
31452.0,1.171705
31454.0,1.3449756
31456.01,1.5263036
31458.02,1.68346
31460.0,1.8180084
31462.01,1.9445492
31464.0,2.054927
31466.01,2.17019
31468.01,2.266065
31470.0,2.336209
31472.0,2.437724
31473.992,2.511091
31476.02,2.579574
31478.0,2.639194
31480.01,2.695641
31482.0,2.750428
31484.01,2.797157
31486.01,2.839858
31488.0,2.875307
31490.0,2.915641
31491.992,2.947869
31494.02,2.976067
31496.01,3.005877
31498.01,3.030853
31500.0,3.055829
31502.01,3.076777
31504.01,3.09858
31506.0,3.113082
31508.0,3.126778
31509.992,3.13967
31512.02,3.158201
31514.01,3.171896
31516.01,3.183175
31518.0,3.195261
31520.0,3.205736
31522.01,3.213792
31524.0,3.221043
31526.0,3.227488
31527.992,3.233934
31530.02,3.235545
31532.01,3.249242
31534.01,3.251659
31536.0,3.254076
31538.0,3.258911
31540.01,3.275829
31542.0,3.262133
31544.01,3.268578
31545.992,3.274218
31548.02,3.27744
31550.01,3.282275
31552.01,3.280663
31554.0,3.279052
31556.0,3.28308
31558.01,3.287109
31560.0,3.29436
31562.01,3.290331
31563.992,3.3
31566.02,3.207346
31568.01,2.922892
31570.01,2.669004
31572.0,2.439336
31574.01,2.232227
31576.02,2.034786
31578.0,1.8599536
31580.01,1.696351
31581.992,1.556919
31584.0,1.422321
31586.01,1.301469
31588.01,1.187013
31590.0,1.084692
31592.01,0.9927944
31594.02,0.912227
31596.0,0.8332704
31598.01,0.763932
31599.992,0.6978668
31602.0,0.6390522
31604.01,0.58905
31606.02,0.5374866
31608.0,0.4931746
31610.01,0.4512796
31612.02,0.4150238
31614.0,0.3634103
31616.01,0.3448797
31618.0,0.3182924
31620.0,0.272369
31622.01,0.2659236
31624.02,0.24497592
31626.0,0.2272511
31628.01,0.20630344
31629.992,0.1853055
31632.0,0.1756374
31634.01,0.15710684
31636.0,0.15227284
31638.0,0.13696492
31640.01,0.12568552
31642.02,0.12004576
31644.0,0.10715492
31646.01,0.0982925
31647.992,0.09023572
31650.0,0.082179
31652.01,0.07653924
31654.0,0.07331654
31656.0,0.0636484
31658.01,0.06203707
31660.02,0.05559165
31662.0,0.05236894
31664.01,0.04914626
31666.0,0.0475349
31668.01,0.04270084
31670.01,0.04028382
31672.0,0.03383841
31674.0,0.02981002
31675.992,0.03464409
31678.02,0.029004348
31680.0,0.02819868
31682.01,0.02417028
31684.0,0.025781632
31686.01,0.02417028
31688.01,0.02175326
31690.0,0.2691461
31692.0,0.5358754
31693.992,0.7744058
31696.02,0.9952114
31698.01,1.1926524
31700.01,1.376397
31702.0,1.531137
31704.01,1.693128
31706.01,1.8325108
31708.0,1.955024
31710.0,2.0743132
31711.992,2.179858
31714.02,2.277395
31716.01,2.365213
31718.01,2.444975
31720.0,2.525593
31722.0,2.584408
31724.01,2.64564
31726.0,2.705309
31728.01,2.75365
31729.992,2.800379
31732.02,2.837441
31734.01,2.882558
31736.01,2.915641
31738.0,2.96237
31740.0,2.980901
31742.01,3.012323
31744.0,3.036494
31746.01,3.04455
31747.992,3.081611
31750.02,3.099386
31752.01,3.110665
31754.01,3.133224
31756.0,3.147726
31758.0,3.159811
31760.01,3.173508
31762.0,3.183981
31764.01,3.193651
31765.992,3.204124
31768.0,3.2121808
31770.01,3.217015
31772.01,3.226683
31774.0,3.233934
31776.01,3.240379
31778.02,3.24602
31780.0,3.249242
31782.01,3.240379
31783.992,3.257299
31786.0,3.263744
31788.01,3.2709952
31790.01,3.2718
31792.0,3.276635
31794.01,3.279052
31796.02,3.282275
31798.0,3.28308
31800.01,3.285497
31801.992,3.2709952
31804.0,3.289525
31806.01,3.283885
31808.02,3.291137
31810.0,3.292748
31812.01,3.167062
31814.02,2.890665
31816.0,2.642416
31818.01,2.405497
31820.0,2.204028
31822.0,2.010616
31824.01,1.835733
31826.02,1.6842652
31828.0,1.5408056
31830.01,1.4054016
31831.992,1.292607
31834.0,1.1757332
31836.01,1.075829
31838.0,0.983932
31840.0,0.900142
31842.01,0.8235522
31844.02,0.754264
31846.0,0.6833644
31848.01,0.6326068
31849.992,0.5809932
31852.01,0.5310412
31854.01,0.4827008
31856.0,0.4480566
31858.0,0.4061112
31860.01,0.3746899
31862.02,0.3408514
31864.0,0.3182924
31866.01,0.2876767
31868.0,0.2562554
31870.01,0.24255884
31872.01,0.2216113
31874.0,0.1981963
31876.0,0.1869169
31877.992,0.1683863
31880.02,0.1587182
31882.0,0.1450217
31884.01,0.13051952
31886.0,0.12407414
31888.01,0.10554354
31890.01,0.1047379
31892.0,0.0974868
31894.0,0.0837903
31895.992,0.082179
31898.02,0.07573358
31900.01,0.06928818
31902.01,0.0644541
31904.0,0.0644541
31906.01,0.05317464
31908.01,0.0507576
31910.0,0.04270084
31912.0,0.04592355
31913.992,0.0410895
31916.02,0.04028382
31918.01,0.03706112
31920.01,0.02658732
31922.0,0.03222704
31924.0,0.02739299
31926.01,0.03222704
31928.0,0.024975968
31930.01,0.02255893
31931.992,0.02014191
31934.02,0.011279464
31936.01,0.304596
31938.01,0.5640742
31940.0,0.8009934
31942.0,1.021799
31944.01,1.2176288
31946.0,1.398956
31948.01,1.5641696
31949.992,1.7124644
31952.02,1.848624
31954.01,1.9638864
31956.01,2.0920384
31958.0,2.193554
31960.0,2.288674
31962.02,2.376493
31964.0,2.450615
31966.01,2.538484
31967.992,2.596493
31970.0,2.646445
31972.01,2.710948
31974.01,2.762513
31976.0,2.811659
31978.01,2.853554
31980.02,2.892277
31982.0,2.927726
31984.01,2.958342
31985.992,2.988153
31988.0,3.012323
31990.01,3.042939
31992.01,3.065498
31994.0,3.082416
31996.01,3.102608
31998.02,3.118721
32000.0,3.13403
32002.01,3.148532
32003.992,3.159811
32006.0,3.174314
32008.01,3.182371
32010.02,3.195261
32012.0,3.205736
32014.01,3.212986
32015.992,3.220237
32018.0,3.225071
32020.01,3.233128
32022.0,3.240379
32024.0,3.2476308
32026.01,3.250854
32028.02,3.256493
32030.0,3.254076
32032.01,3.26455
32033.992,3.265355
32036.0,3.272606
32038.01,3.273412
32040.0,3.287914
32042.0,3.279052
32044.01,3.285497
32046.02,3.282275
32048.0,3.283885
32050.01,3.279857
32052.0,3.289525
32054.01,3.289525
32056.01,3.290331
32058.0,3.130001
32060.0,2.869667
32062.01,2.616635
32064.02,2.382939
32066.0,2.178247
32068.01,1.994502
32070.0,1.8188144
32072.01,1.6649296
32074.01,1.516635
32076.0,1.390094
32078.0,1.272465
32079.992,1.1628424
32082.02,1.062133
32084.0,0.9750694
32086.01,0.8904734
32088.0,0.8146898
32090.01,0.7454014
32092.01,0.6825588
32094.0,0.6180542
32096.0,0.5672968
32097.992,0.5245958
32100.02,0.4802837
32102.01,0.442417
32104.01,0.4142182
32106.0,0.3706614
32108.01,0.33924
32110.01,0.2973448
32112.0,0.2820371
32114.0,0.2610894
32115.992,0.23691908
32118.02,0.22
32120.01,0.20630344
32122.01,0.1853055
32124.0,0.16999768
32126.0,0.15710684
32128.01,0.1458274
32130.0,0.1321309
32132.01,0.12407414
32133.992,0.11037764
32136.02,0.1039322
32138.01,0.09265276
32140.01,0.0886244
32142.0,0.08620734
32144.0,0.07251084
32146.01,0.06767682
32148.0,0.0636484
32150.01,0.05962004
32151.992,0.05478598
32154.02,0.05639736
32156.01,0.04350652
32158.01,0.04511786
32160.0,0.029004348
32162.01,0.04270084
32164.02,0.03706112
32166.0,0.03383841
32168.01,0.0306157
32169.992,0.03142138
32172.0,0.02658732
32174.01,0.02417028
32176.01,0.02417028
32178.0,0.02255893
32180.01,0.03464409
32182.02,0.3376286
32184.0,0.5963012
32186.01,0.829242
32187.992,1.0452132
32190.0,1.244266
32192.01,1.4158756
32194.01,1.590757
32196.0,1.7277724
32198.01,1.867205
32200.02,1.9920848
32202.0,2.101707
32204.01,2.204833
32205.992,2.295925
32208.0,2.387773
32210.01,2.466729
32212.02,2.536067
32214.0,2.601327
32216.01,2.657725
32217.992,2.714977
32220.0,2.765735
32222.01,2.810853
32224.0,2.855166
32226.0,2.893082
32228.01,2.928532
32230.02,2.959954
32232.0,2.987347
32234.01,3.016351
32235.992,3.049384
32238.0,3.067914
32240.01,3.0848332
32242.0,3.101803
32244.0,3.121945
32246.01,3.1356408
32248.02,3.149338
32250.0,3.16384
32252.01,3.174314
32254.0,3.186399
32256.01,3.195261
32258.01,3.20493
32260.0,3.213792
32262.0,3.224265
32263.992,3.225071
32266.02,3.23474
32268.0,3.238768
32270.01,3.2476308
32272.0,3.250854
32274.01,3.2532708
32276.01,3.259715
32278.0,3.265355
32280.0,3.269384
32281.992,3.263744
32284.02,3.275024
32286.01,3.274218
32288.01,3.283885
32290.0,3.281469
32292.01,3.3
32294.01,3.286303
32296.0,3.283885
32298.0,3.28872
32299.992,3.291137
32302.02,3.292748
32304.01,3.095357
32306.01,2.826161
32308.0,2.577962
32310.01,2.35635
32312.01,2.155687
32314.0,1.9679148
32316.0,1.8059236
32317.992,1.643126
32320.02,1.501327
32322.01,1.380425
32324.01,1.2579624
32326.0,1.1499516
32328.0,1.051659
32330.01,0.9533166
32332.0,0.884834
32334.01,0.8058272
32335.992,0.7381504
32338.02,0.6761132
32340.01,0.6180542
32342.01,0.566491
32344.0,0.5310412
32346.0,0.4754497
32348.01,0.437583
32350.0,0.396443
32352.01,0.3682443
32353.992,0.3303776
32356.02,0.3054016
32358.01,0.2860654
32360.01,0.2506158
32362.0,0.21597156
32364.01,0.2167772
32366.02,0.1998077
32368.0,0.1828885
32370.01,0.1683863
32371.992,0.15227284
32374.0,0.1474387
32376.01,0.1321309
32378.01,0.11682304
32380.0,0.10957196
32382.01,0.1007095
32384.02,0.0982925
32386.0,0.08701304
32388.01,0.07815058
32389.992,0.07170516
32392.0,0.0644541
32394.01,0.06525976
32396.02,0.05800869
32398.0,0.0539803
32400.01,0.0507576
32402.02,0.04672923
32404.0,0.04672923
32406.01,0.0443122
32408.0,0.03786679
32410.0,0.02981002
32412.01,0.03142138
32414.02,0.03464409
32416.0,0.02417028
32418.01,0.02658732
32419.992,0.02658732
32422.0,0.02417028
32424.01,0.03222704
32426.0,0.0878187
32428.0,0.3859692
32430.01,0.6261614
32432.02,0.8558296
32434.0,1.069384
32436.01,1.261991
32437.992,1.4384344
32440.0,1.6012312
32442.01,1.747109
32444.0,1.880095
32446.0,1.995307
32448.01,2.110569
32450.02,2.215308
32452.0,2.309621
32454.01,2.394218
32456.0,2.470757
32458.01,2.544124
32460.01,2.608578
32462.0,2.667392
32464.0,2.720617
32465.992,2.771374
32468.02,2.819716
32470.0,2.859194
32472.01,2.890665
32474.0,2.929337
32476.01,2.965593
32478.01,2.991375
32480.0,2.998626
32482.0,3.04455
32483.992,3.0671084
32486.02,3.089668
32488.01,3.1058316
32490.01,3.12275
32492.0,3.132418
32494.01,3.151755
32496.01,3.165451
32498.0,3.177536
32500.0,3.188815
32501.992,3.198485
32504.02,3.205736
32506.01,3.214598
32508.01,3.22346
32510.0,3.231516
32512.01,3.237962
32514.01,3.242797
32516.0,3.2476308
32518.01,3.248436
32519.992,3.256493
32522.02,3.260521
32524.01,3.26455
32526.01,3.269384
32528.0,3.272606
32530.0,3.2718
32532.01,3.27744
32534.0,3.280663
32536.01,3.274218
32537.992,3.28308
32540.02,3.285497
32542.01,3.291942
32544.01,3.286303
32546.0,3.291137
32548.0,3.291137
32550.01,3.039716
32552.0,2.79474
32554.01,2.552181
32555.992,2.33218
32558.02,2.131517
32560.01,1.9485776
32562.01,1.7793356
32564.0,1.6237904
32566.01,1.4868248
32568.02,1.3618944
32570.0,1.241849
32572.01,1.1378668
32573.992,1.041185
32576.0,0.9581504
32578.01,0.8719428
32580.01,0.793742
32582.0,0.7300936
32584.01,0.6688622
32586.02,0.611609
32588.0,0.5624626
32590.01,0.5133164
32591.992,0.4657815
32594.0,0.4367773
32596.01,0.394026
32598.02,0.3609933
32600.0,0.331989
32602.01,0.302179
32604.02,0.2820371
32606.0,0.2554497
32608.01,0.2345021
32610.0,0.2095261
32612.0,0.19739064
32614.01,0.1820828
32616.02,0.1724147
32618.0,0.15710684
32620.01,0.1409933
32621.992,0.1272968
32624.0,0.1192401
32626.01,0.10957196
32628.0,0.1015152
32630.0,0.09265276
32632.01,0.0950698
32634.02,0.07976194
32636.0,0.08701304
32638.01,0.06767682
32639.992,0.0636484
32642.01,0.05800869
32644.01,0.05559165
32646.0,0.05156327
32648.0,0.04672923
32650.01,0.0443122
32652.02,0.04028382
32654.0,0.04189516
32656.01,0.03544975
32658.0,0.03625542
32660.01,0.02981002
32662.01,0.03786679
32664.0,0.02739299
32666.0,0.0306157
32667.992,0.01933623
32670.02,0.02175326
32672.0,0.12326848
32674.01,0.3996658
32676.0,0.6527486
32678.01,0.884834
32680.01,1.095166
32682.0,1.2853552
32684.0,1.4554036
32685.992,1.6173444
32688.02,1.7656396
32690.01,1.895403
32692.01,2.0178668
32694.0,2.135545
32696.01,2.226588
32698.01,2.320901
32700.0,2.404691
32702.0,2.481281
32703.992,2.550569
32706.02,2.614217
32708.01,2.675449
32710.01,2.727868
32712.0,2.77782
32714.0,2.822938
32716.01,2.862417
32718.0,2.9019448
32720.01,2.947869
32721.992,2.965593
32724.02,2.995404
32726.01,3.02199
32728.01,3.048579
32730.0,3.071137
32732.0,3.086444
32734.01,3.106636
32736.0,3.123556
32738.01,3.12275
32739.992,3.153366
32742.02,3.166257
32744.01,3.181565
32746.01,3.18801
32748.0,3.205736
32750.0,3.206541
32752.02,3.215403
32754.0,3.221849
32756.01,3.230711
32757.992,3.244408
32760.02,3.243602
32762.01,3.248436
32764.01,3.255687
32766.0,3.255687
32768.0,3.262133
32770.02,3.266161
32772.0,3.27019
32774.0,3.273412
32776.0,3.275024
32778.0,3.276635
32780.0,3.26455
32782.02,3.283885
32784.0,3.287914
32786.0,3.283885
32788.02,3.289525
32790.0,3.28872
32792.0,3.291137
32794.0,3.295165
32796.0,3.030853
32798.0,2.763317
32800.02,2.526399
32802.0,2.305593
32804.0,2.098483
32806.02,1.9356872
32808.0,1.76
32810.0,1.606871
32812.0,1.4707116
32814.0,1.3546436
32816.0,1.232936
32818.02,1.12417
32820.0,1.0331284
32822.0,0.941231
32824.0,0.8493842
32826.0,0.7872966
32828.0,0.7228426
32830.0,0.6640282
32832.0,0.6051636
32834.0,0.5479606
32836.02,0.5052598
32838.0,0.4649759
32840.0,0.4279148
32842.0,0.3908033
32844.0,0.3553536
32846.0,0.3263492
32848.0,0.2997619
32850.0,0.2804257
32852.0,0.2530327
32854.02,0.2272511
32856.0,0.2135545
32858.0,0.1949736
32860.0,0.17886016
32862.0,0.16516368
32864.0,0.15307848
32866.0,0.14018764
32868.0,0.1281025
32869.99,0.1192401
32872.02,0.10876628
32874.0,0.1015152
32876.0,0.08943008
32878.0,0.0813733
32880.0,0.07895626
32882.0,0.06284276
32884.0,0.06687112
32886.0,0.06525976
32887.99,0.0539803
32890.02,0.05317464
32892.0,0.03947813
32894.0,0.04511786
32896.0,0.04914626
32898.0,0.03464409
32900.0,0.03706112
32902.0,0.03464409
32904.0,0.03625542
32905.99,0.03544975
32908.02,0.0306157
32910.0,0.02658732
32912.0,0.023364616
32914.0,0.023364616
32916.0,0.02255893
32918.0,0.16032952
32920.0,0.4359714
32922.0,0.6930324
32923.99,0.9114214
32926.02,1.122559
32928.0,1.3087204
32930.0,1.479574
32932.0,1.6326524
32934.0,1.783364
32936.02,1.9139344
32938.0,2.028341
32940.0,2.141185
32941.99,2.245118
32944.02,2.329764
32946.0,2.416776
32948.0,2.489337
32950.0,2.558626
32952.0,2.621469
32954.02,2.68275
32956.0,2.732703
32958.0,2.783461
32959.99,2.826967
32962.0,2.867251
32964.0,2.907585
32966.02,2.939812
32968.0,2.970427
32970.0,2.988153
32972.02,3.024408
32974.0,3.049384
32976.0,3.070331
32978.0,3.088862
32980.0,3.108248
32982.0,3.125973
32984.02,3.142892
32986.0,3.1590052
32988.0,3.167868
32990.02,3.198485
32992.0,3.188815
32994.0,3.197679
32996.0,3.208958
32998.0,3.215403
33000.0,3.225071
33002.02,3.230711
33004.0,3.237962
33006.0,3.242797
33008.02,3.248436
33010.0,3.2532708
33012.0,3.258105
33014.0,3.262939
33016.0,3.266967
33018.0,3.27019
33020.02,3.27019
33022.0,3.276635
33024.0,3.278246
33026.0,3.280663
33028.0,3.28872
33030.0,3.279857
33032.0,3.289525
33034.0,3.28872
33036.0,3.287914
33038.02,3.290331
33040.0,3.284691
33042.0,2.993792
33044.0,2.735119
33046.0,2.497394
33048.0,2.281423
33050.0,2.087204
33052.0,1.905878
33054.0,1.7414684
33056.02,1.593174
33058.0,1.4545976
33060.0,1.336919
33062.0,1.216823
33064.0,1.112891
33066.0,1.0185764
33068.0,0.931563
33070.0,0.8582464
33071.99,0.7800456
33074.02,0.7035064
33076.0,0.6527486
33078.0,0.6035522
33080.0,0.551183
33082.0,0.5020372
33084.0,0.4488622
33086.0,0.4222749
33088.0,0.3851636
33089.99,0.3537423
33092.02,0.3231265
33094.0,0.2933164
33096.0,0.2675348
33098.0,0.24900424
33100.0,0.2296681
33102.0,0.21033176
33104.0,0.1909453
33106.0,0.1780545
33107.99,0.1627466
33110.02,0.15146716
33112.0,0.13857636
33114.0,0.12971384
33116.0,0.1176287
33118.0,0.09990386
33120.02,0.10634928
33122.0,0.0918471
33124.0,0.09023572
33125.99,0.07492788
33128.02,0.06848246
33130.0,0.06606544
33132.0,0.06203707
33134.0,0.05800869
33136.0,0.05236894
33138.02,0.04995193
33140.0,0.04592355
33142.0,0.03786679
33143.99,0.03867246
33146.02,0.03706112
33148.0,0.03786679
33150.0,0.03142138
33152.0,0.02981002
33154.0,0.025781632
33156.02,0.02658732
33158.0,0.025781632
33160.0,0.02417028
33161.99,0.02175326
33164.0,0.19739064
33166.0,0.4673928
33168.02,0.7155916
33170.0,0.938814
33172.0,1.143506
33174.02,1.3288624
33176.0,1.499716
33178.0,1.6520388
33180.0,1.798673
33182.0,1.919574
33184.0,2.046871
33186.02,2.158104
33188.0,2.258814
33190.0,2.345071
33192.02,2.43128
33194.0,2.500617
33196.0,2.5691
33198.0,2.623886
33200.0,2.690807
33202.0,2.742371
33204.02,2.793128
33206.0,2.834218
33208.0,2.87853
33210.0,2.910001
33212.0,2.942229
33214.0,2.975261
33216.0,3.00346
33218.0,3.029242
33220.0,3.045356
33222.02,3.072749
33224.0,3.092084
33226.0,3.110665
33228.0,3.130001
33230.0,3.14531
33232.0,3.156589
33234.0,3.170286
33236.0,3.180759
33238.0,3.187204
33240.02,3.200096
33242.0,3.21057
33244.0,3.217821
33246.0,3.225877
33248.0,3.232322
33250.0,3.238768
33252.0,3.24602
33254.0,3.248436
33256.0,3.258911
33258.02,3.261327
33260.0,3.262133
33262.0,3.254076
33264.0,3.268578
33266.0,3.2709952
33268.0,3.268578
33270.0,3.278246
33272.0,3.282275
33273.99,3.283885
33276.02,3.287109
33278.0,3.289525
33280.0,3.3
33282.0,3.291137
33284.0,3.293554
33286.0,3.246826
33288.0,2.961564
33290.0,2.704503
33291.99,2.469146
33294.02,2.2572024
33296.0,2.046871
33298.0,1.883318
33300.0,1.7229384
33302.0,1.568198
33304.0,1.4400456
33306.0,1.317583
33308.0,1.1934584
33309.99,1.099194
33312.02,1.009714
33314.0,0.914644
33316.0,0.8445498
33318.0,0.7800456
33320.0,0.7051178
33322.02,0.651943
33324.0,0.5930784
33326.0,0.544738
33327.99,0.5020372
33330.02,0.4512796
33332.0,0.4222749
33334.0,0.3819409
33336.0,0.3497138
33338.0,0.3207094
33340.02,0.2933164
33342.0,0.269952
33344.0,0.24980992
33345.99,0.2272511
33348.02,0.2071091
33350.0,0.1877226
33352.02,0.17886016
33354.0,0.15307848
33356.0,0.1490501
33358.02,0.139382
33360.0,0.1281025
33362.0,0.1176287
33363.99,0.10554354
33366.0,0.09909816
33368.0,0.0886244
33370.02,0.0837903
33372.0,0.0773449
33374.0,0.0813733
33376.02,0.07170516
33378.0,0.0612314
33380.0,0.05720302
33382.0,0.05800869
33384.0,0.04995193
33386.0,0.0443122
33388.02,0.0443122
33390.0,0.03867246
33392.0,0.03706112
33394.02,0.03464409
33396.0,0.02658732
33398.0,0.02981002
33400.0,0.02819868
33402.0,0.025781632
33404.0,0.02417028
33406.02,0.02094758
33408.0,0.02175326
33410.0,0.2127489
33412.0,0.4980085
33414.0,0.7429844
33416.0,0.9613732
33418.0,1.169288
33420.0,1.3522264
33422.0,1.527109
33424.02,1.678626
33426.0,1.814786
33428.0,1.940521
33430.0,2.066257
33432.0,2.167773
33434.0,2.263648
33436.0,2.353128
33438.0,2.432085
33440.0,2.513507
33442.02,2.575546
33444.0,2.637583
33446.0,2.698863
33448.0,2.74801
33450.0,2.795546
33452.0,2.843081
33454.0,2.876113
33456.0,2.916447
33458.0,2.948675
33460.02,2.978484
33462.0,3.005877
33464.0,3.030047
33466.0,3.050995
33468.0,3.073554
33470.0,3.094551
33472.0,3.113082
33474.0,3.12839
33475.99,3.143698
33478.02,3.1590052
33480.0,3.164646
33482.0,3.183981
33484.0,3.190427
33486.0,3.202513
33488.0,3.211375
33490.0,3.219431
33492.0,3.225071
33493.99,3.231516
33496.02,3.238768
33498.0,3.245214
33500.0,3.248436
33502.0,3.254076
33504.0,3.261327
33506.0,3.265355
33508.0,3.2709952
33510.0,3.2718
33511.99,3.273412
33514.02,3.275829
33516.0,3.278246
33518.0,3.280663
33520.0,3.28308
33522.0,3.286303
33524.02,3.286303
33526.0,3.287914
33528.0,3.296776
33529.99,3.28872
33532.02,3.208152
33534.0,2.927726
33536.0,2.672226
33538.0,2.442559
33540.0,2.235449
33542.02,2.036397
33544.0,1.8655936
33546.0,1.7027968
33547.99,1.559336
33550.02,1.4271548
33552.0,1.3030804
33554.02,1.1926524
33556.0,1.092749
33558.0,0.9968226
33560.02,0.9033648
33562.0,0.8332704
33564.0,0.7631264
33566.0,0.7131746
33568.0,0.6382466
33570.0,0.5874386
33572.02,0.5382922
33574.0,0.4915632
33576.0,0.4520852
33578.02,0.4134126
33580.0,0.3795239
33582.0,0.3456854
33584.0,0.3182924
33586.0,0.2908994
33588.0,0.2675348
33590.02,0.24014184
33592.0,0.2256398
33594.0,0.2127489
33596.02,0.1901396
33598.0,0.1748318
33600.0,0.1611353
33602.0,0.15066144
33604.0,0.14018764
33606.0,0.1264912
33608.02,0.1023209
33610.0,0.1079606
33612.0,0.084596
33614.0,0.09023572
33616.0,0.08056764
33618.0,0.07895626
33620.0,0.07170516
33622.0,0.06687112
33624.0,0.04914626
33626.02,0.05800869
33628.0,0.05156327
33630.0,0.04592355
33632.0,0.0443122
33634.0,0.04189516
33636.0,0.03222704
33638.0,0.03706112
33640.0,0.03383841
33642.0,0.02658732
33644.02,0.02981002
33646.0,0.03464409
33648.0,0.02658732
33650.0,0.024975968
33652.0,0.023364616
33654.0,0.017724876
33656.0,0.2659236
33658.0,0.534264
33659.99,0.7703774
33662.02,0.9815152
33664.0,1.1854016
33666.0,1.3723684
33668.0,1.5375824
33670.0,1.6899052
33672.0,1.826871
33674.0,1.955024
33676.0,2.073509
33677.99,2.170995
33680.02,2.273366
33682.0,2.3611848
33684.0,2.441753
33686.0,2.516731
33688.0,2.584408
33690.0,2.655307
33692.0,2.699669
33694.0,2.754456
33695.99,2.799574
33698.02,2.843887
33700.0,2.880142
33702.0,2.918864
33704.0,2.952703
33706.0,2.981706
33708.0,3.0091
33710.0,3.03327
33712.0,3.056635
33713.99,3.078388
33716.02,3.097775
33718.0,3.115499
33720.0,3.132418
33722.0,3.144504
33724.0,3.160617
33726.02,3.173508
33728.0,3.183175
33730.0,3.192039
33731.99,3.205736
33734.02,3.217015
33736.0,3.217015
33738.0,3.2291
33740.0,3.241185
33742.0,3.237962
33744.02,3.246826
33746.0,3.246826
33748.0,3.256493
33749.99,3.262133
33752.02,3.26455
33754.0,3.267772
33756.02,3.268578
33758.0,3.273412
33760.0,3.27744
33762.02,3.279857
33764.0,3.281469
33766.0,3.285497
33768.0,3.284691
33770.0,3.286303
33772.0,3.287914
33774.02,3.289525
33776.0,3.291137
33778.0,3.173508
33780.02,2.898722
33782.0,2.652891
33784.0,2.418389
33786.0,2.212085
33788.0,2.0178668
33790.0,1.8445956
33792.02,1.68346
33794.0,1.5375824
33796.0,1.408624
33798.02,1.2885788
33800.0,1.1757332
33802.0,1.0782464
33804.0,0.9847378
33806.0,0.900142
33808.0,0.8276308
33810.02,0.7590982
33812.0,0.6914212
33814.0,0.6261614
33816.0,0.5809932
33818.0,0.5390978
33820.0,0.4851177
33822.0,0.4480566
33824.0,0.4126069
33826.0,0.3754955
33828.02,0.3416571
33830.0,0.314264
33832.0,0.2884824
33834.0,0.2643122
33836.0,0.2417532
33838.0,0.22241696
33840.0,0.20630344
33842.0,0.1820828
33844.0,0.1740261
33846.02,0.1587182
33848.0,0.14663308
33850.0,0.1377706
33852.0,0.1224628
33854.0,0.11037764
33856.0,0.1039322
33858.0,0.1039322
33860.0,0.08943008
33861.99,0.07331654
33864.02,0.07573358
33866.0,0.07009382
33868.0,0.06767682
33870.0,0.0612314
33872.0,0.0539803
33874.0,0.05317464
33876.0,0.0475349
33878.0,0.04672923
33879.99,0.03867246
33882.02,0.0539803
33884.0,0.03706112
33886.0,0.03383841
33888.0,0.03222704
33890.0,0.02981002
33892.0,0.01853056
33894.0,0.02417028
33896.0,0.024975968
33897.99,0.02175326
33900.02,0.02094758
33902.0,0.2965392
33904.0,0.5560176
33906.0,0.7921308
33908.0,1.012131
33910.02,1.210378
33912.0,1.3949276
33914.0,1.557724
33915.99,1.7108532
33918.02,1.8429844
33920.0,1.967109
33922.0,2.09365
33924.0,2.18872
33926.0,2.284645
33928.02,2.37327
33930.0,2.452227
33932.0,2.525593
33933.99,2.591659
33936.02,2.653696
33938.0,2.705309
33940.0,2.761707
33942.0,2.801185
33944.0,2.847915
33946.02,2.889054
33948.0,2.924504
33950.0,2.956731
33951.99,2.985735
33954.02,3.016351
33956.0,3.042133
33958.02,3.062274
33960.0,3.083222
33962.0,3.102608
33964.02,3.118721
33966.0,3.132418
33968.0,3.149338
33970.0,3.162229
33972.0,3.162229
33974.0,3.188815
33976.02,3.196067
33978.0,3.207346
33980.0,3.213792
33982.02,3.225877
33984.0,3.227488
33986.0,3.23474
33988.0,3.238768
33990.0,3.24199
33992.0,3.251659
33994.02,3.256493
33996.0,3.259715
33998.0,3.260521
34000.02,3.265355
34002.0,3.27019
34004.0,3.274218
34006.0,3.27744
34008.0,3.280663
34010.0,3.282275
34012.02,3.28308
34014.0,3.286303
34016.0,3.287914
34018.0,3.291942
34020.0,3.291942
34022.0,3.293554
34024.0,3.1412816
34026.0,2.867251
34028.0,2.611801
34030.02,2.394218
34032.0,2.19436
34034.0,1.994502
34036.0,1.8284824
34038.0,1.670569
34040.0,1.5230804
34042.0,1.3949276
34044.0,1.2764932
34046.0,1.1652596
34048.02,1.06455
34050.0,0.9750694
34052.0,0.8953076
34054.0,0.8179124
34056.0,0.74943
34058.0,0.6865872
34060.0,0.6277726
34062.0,0.576159
34063.99,0.5358754
34066.02,0.4802837
34068.0,0.4416113
34070.0,0.4044998
34072.0,0.3706614
34074.0,0.3408514
34076.0,0.307013
34078.0,0.27962
34080.0,0.2627007
34081.99,0.24014184
34084.02,0.22080568
34086.0,0.2030304
34088.0,0.1869169
34090.0,0.17080332
34092.0,0.15710684
34094.0,0.14985576
34096.0,0.1289082
34098.0,0.1224628
34099.99,0.11601738
34102.02,0.1047379
34104.0,0.09668114
34106.0,0.0878187
34108.0,0.1007095
34110.0,0.07492788
34112.02,0.07170516
34114.0,0.06525976
34116.0,0.0604257
34117.99,0.05559165
34120.02,0.0507576
34122.0,0.05236894
34124.0,0.0443122
34126.0,0.04028382
34128.0,0.03383841
34130.02,0.03625542
34132.0,0.03464409
34134.0,0.03303272
34135.99,0.029004348
34138.02,0.025781632
34140.0,0.024975968
34142.0,0.025781632
34144.0,0.02255893
34146.0,0.0475349
34148.02,0.3287663
34150.0,0.5882444
34152.0,0.8227464
34153.99,1.03474
34156.0,1.234548
34158.0,1.4158756
34160.02,1.5754496
34162.0,1.726161
34164.0,1.8583424
34166.02,1.981611
34168.0,2.096873
34170.0,2.199999
34172.0,2.297536
34174.0,2.381327
34176.0,2.471563
34178.02,2.5296216
34180.0,2.602132
34182.0,2.655307
34184.02,2.7157824
34186.0,2.765735
34188.0,2.815688
34190.0,2.852748
34192.0,2.889054
34194.0,2.925309
34196.02,2.958342
34198.0,2.991375
34200.0,3.017157
34202.02,3.040522
34204.0,3.062274
34206.0,3.08725
34208.0,3.106636
34210.0,3.119527
34212.0,3.134835
34214.02,3.150144
34216.0,3.162229
34218.0,3.175119
34220.0,3.191233
34222.0,3.194456
34224.0,3.204124
34226.0,3.208152
34228.0,3.221849
34230.0,3.23474
34232.02,3.23635
34234.0,3.246826
34236.0,3.246826
34238.0,3.250854
34240.0,3.244408
34242.0,3.258105
34244.0,3.263744
34246.0,3.27019
34248.0,3.274218
34250.02,3.275024
34252.0,3.280663
34254.0,3.281469
34256.0,3.28308
34258.0,3.28872
34260.0,3.286303
34262.0,3.28872
34264.0,3.279857
34265.99,3.290331
34268.02,3.292748
34270.0,3.103414
34272.0,2.833413
34274.0,2.587631
34276.0,2.363602
34278.0,2.161328
34280.0,1.9727484
34282.0,1.80109
34283.99,1.6487656
34286.02,1.5061616
34288.0,1.378814
34290.0,1.261991
34292.0,1.1523684
34294.0,1.0556876
34296.0,0.9654016
34298.0,0.8896678
34300.0,0.8082444
34301.99,0.7413732
34304.02,0.6865872
34306.0,0.619716
34308.0,0.5681024
34310.0,0.5254014
34312.0,0.4770611
34314.02,0.437583
34316.0,0.4093339
34318.0,0.3658272
34319.99,0.3336003
34322.02,0.3037904
34324.0,0.2828427
34326.0,0.259478
34328.0,0.23691908
34330.0,0.22322264
34332.02,0.201419
34334.0,0.1844998
34336.0,0.1683863
34337.99,0.15630116
34340.02,0.144216
34342.0,0.1313252
34344.02,0.1272968
34346.0,0.10715492
34348.0,0.10554354
34350.02,0.0942641
34352.0,0.0878187
34354.0,0.0813733
34355.99,0.07170516
34358.0,0.06928818
34360.0,0.06525976
34362.02,0.05800869
34364.0,0.05317464
34366.0,0.05236894
34368.02,0.04834056
34370.0,0.0443122
34372.0,0.04028382
34374.0,0.012890816
34376.0,0.03383841
34378.0,0.03383841
34380.02,0.02981002
34382.0,0.0306157
34384.0,0.03142138
34386.02,0.024975968
34388.0,0.008862436
34390.0,0.02255893
34392.0,0.082179
34394.0,0.3666331
34396.0,0.619716
34398.02,0.8509956
34400.0,1.062939
34402.0,1.2571564
34404.02,1.431183
34406.0,1.5939796
34408.0,1.7438856
34410.0,1.8897636
34412.0,1.9993356
34414.0,2.112181
34416.02,2.212891
34418.0,2.305593
34420.0,2.393412
34422.0,2.469951
34424.0,2.540096
34426.0,2.608578
34428.0,2.664976
34430.0,2.719811
34432.0,2.77218
34434.02,2.814882
34436.0,2.859194
34438.0,2.89711
34440.0,2.931754
34442.0,2.963176
34444.0,2.992987
34446.0,3.017157
34448.0,3.052607
34450.0,3.063886
34452.02,3.086444
34454.0,3.1058316
34456.0,3.120333
34458.0,3.13403
34460.0,3.150144
34462.0,3.16384
34464.0,3.1767308
34466.0,3.187204
34467.99,3.198485
34470.02,3.215403
34472.0,3.213792
34474.0,3.221849
34476.0,3.230711
34478.0,3.23635
34480.0,3.243602
34482.0,3.245214
34484.0,3.251659
34485.99,3.256493
34488.02,3.261327
34490.0,3.260521
34492.0,3.268578
34494.0,3.2718
34496.0,3.258911
34498.0,3.279052
34500.0,3.278246
34502.0,3.279857
34503.99,3.28308
34506.02,3.287109
34508.0,3.285497
34510.0,3.291137
34512.0,3.290331
34514.0,3.292748
34516.02,3.06872
34518.0,2.803603
34520.0,2.558626
34521.99,2.337015
34524.02,2.136351
34526.0,1.9501892
34528.0,1.78417
34530.0,1.6350696
34532.0,1.4956876
34534.02,1.3618944
34536.0,1.251517
34538.0,1.141895
34539.99,1.0492416
34542.02,0.9549278
34544.0,0.8727484
34546.02,0.801799
34548.0,0.7325106
34550.0,0.6736964
34552.02,0.6156374
34554.0,0.5632682
34556.0,0.5157336
34558.0,0.481895
34560.0,0.4287204
34562.0,0.3916089
34564.02,0.3617989
34566.0,0.3327946
34568.0,0.304596
34570.02,0.2691461
34572.0,0.2546441
34574.0,0.23772484
34576.0,0.21194324
34578.0,0.1981963
34580.0,0.17644308
34582.02,0.16677496
34584.0,0.15388416
34586.0,0.1409933
34588.02,0.12971384
34590.0,0.12165708
34592.0,0.11360036
34594.0,0.10715492
34596.0,0.09265276
34598.0,0.08620734
34600.02,0.07895626
34602.0,0.06767682
34604.0,0.06767682
34606.0,0.06525976
34608.0,0.05639736
34610.0,0.05156327
34612.0,0.05236894
34614.0,0.04834056
34616.0,0.0443122
34618.02,0.04028382
34620.0,0.03786679
34622.0,0.03383841
34624.0,0.03786679
34626.0,0.03222704
34628.0,0.02739299
34630.0,0.02658732
34632.0,0.025781632
34634.0,0.01933623
34636.02,0.02417028
34638.0,0.11843436
34640.0,0.3948317
34642.0,0.6479148
34644.0,0.8767772
34646.0,1.0871092
34648.0,1.2797156
34650.0,1.4554036
34652.0,1.6125104
34654.02,1.7583888
34656.0,1.892986
34658.0,2.016256
34660.0,2.119432
34662.0,2.233838
34664.0,2.318485
34666.0,2.40308
34668.0,2.480476
34669.99,2.549763
34672.02,2.615023
34674.0,2.66981
34676.0,2.727063
34678.0,2.777014
34680.0,2.820521
34682.0,2.862417
34684.0,2.898722
34686.0,2.934978
34687.99,2.959148
34690.02,2.995404
34692.0,3.029242
34694.0,3.046161
34696.0,3.070331
34698.0,3.093696
